{"type":"FeatureCollection","metadata":{"name":"Beijing Subway lines and stations","source":"OpenStreetMap via Overpass API","source_url":"https://overpass.openstreetmap.fr/api/interpreter (Overpass API, OSM data)","osm_copyright":"© OpenStreetMap contributors","license":"Open Database License (ODbL) 1.0","coord_system":"GCJ-02 (Mars, derived from WGS84 via the standard eviltransform algorithm)","line_count":29,"station_complex_count":410,"stop_count":553,"note":"Derived by coordinate transform, not an independent source."},"features":[{"type":"Feature","geometry":{"type":"LineString","coordinates":[[116.1781383,39.9261595],[116.1858799,39.9183298],[116.1859729,39.9182154],[116.1860515,39.9180912],[116.1861767,39.9178664],[116.1863561,39.9175014],[116.1864858,39.9172017],[116.1866096,39.9168127],[116.1866796,39.9165731],[116.1867651,39.9161463],[116.1867656,39.9161145],[116.1867962,39.9088177],[116.1868556,39.9084275],[116.1869627,39.9081841],[116.1871206,39.9079811],[116.1873045,39.9078064],[116.1875343,39.9076625],[116.1877487,39.9075639],[116.1880569,39.9074857],[116.1886571,39.9074362],[116.1904401,39.9074361],[116.1990228,39.9074495],[116.2050637,39.907428],[116.2109785,39.9074295],[116.2113018,39.9074267],[116.2125718,39.9074159],[116.2344053,39.9074255],[116.2348471,39.9074422],[116.2357272,39.9074465],[116.2364898,39.9074447],[116.2369217,39.9074334],[116.251453,39.9074213],[116.2516523,39.9074214],[116.2520204,39.90744],[116.2529314,39.9074408],[116.2537072,39.907439],[116.2540469,39.9074215],[116.2728927,39.9074528],[116.2732406,39.9074817],[116.2740656,39.9074843],[116.2748986,39.9074822],[116.2752335,39.9074512],[116.293593,39.9074684],[116.2940054,39.9075032],[116.2948281,39.9075073],[116.2956394,39.9075083],[116.2960625,39.9074777],[116.306471,39.9074785],[116.3069413,39.9074925],[116.3091271,39.9074855],[116.3102053,39.9074871],[116.3110776,39.9074869],[116.3115204,39.9074637],[116.3225741,39.9074623],[116.323136,39.9074843],[116.3239335,39.9074825],[116.3247239,39.9074784],[116.325253,39.9074463],[116.3310498,39.9074027],[116.3363632,39.9074464],[116.3367694,39.907483],[116.3376431,39.9074772],[116.3384671,39.9074733],[116.3389075,39.9074321],[116.3446591,39.9072967],[116.3515948,39.9072375],[116.3519646,39.9072629],[116.3527474,39.9072613],[116.3535469,39.9072599],[116.3539153,39.9072587],[116.3559507,39.9072395],[116.35651,39.9072342],[116.3575035,39.9072383],[116.3584806,39.907238],[116.3588551,39.9072412],[116.361171,39.9072391],[116.3614909,39.9072146],[116.3734023,39.9071811],[116.3748485,39.9072081],[116.3761381,39.9072091],[116.3763193,39.9072095],[116.3772348,39.9072118],[116.3774611,39.9071731],[116.3828623,39.9071567],[116.3898363,39.9073542],[116.3903789,39.9074011],[116.3913962,39.9074331],[116.3925381,39.9074714],[116.3926991,39.9074438],[116.3996342,39.9076968],[116.3999092,39.9077577],[116.4011549,39.907815],[116.402223,39.9078401],[116.4025344,39.907799],[116.408569,39.9080076],[116.4101411,39.9080505],[116.4104611,39.9080863],[116.4114128,39.9081142],[116.4129498,39.9081584],[116.4153234,39.9082085],[116.4159141,39.908225],[116.4183154,39.9082956],[116.4192162,39.9083402],[116.4202062,39.9083615],[116.4212876,39.9083782],[116.4217752,39.9083564],[116.4349469,39.9085991],[116.4359189,39.9086043],[116.4360252,39.9085704],[116.4399288,39.9085549],[116.4490845,39.9084881],[116.4492613,39.908514],[116.4503447,39.9085091],[116.4513447,39.9085001],[116.4515078,39.9084693],[116.4571627,39.9084151],[116.4574644,39.9084474],[116.4580655,39.9084399],[116.4584647,39.9084352],[116.459462,39.9084329],[116.4604894,39.9084316],[116.461014,39.9083916],[116.4738044,39.9082933],[116.4746118,39.9083176],[116.4756122,39.9083096],[116.4767683,39.9082999],[116.4774841,39.9082731],[116.4809741,39.908237],[116.481399,39.9082529],[116.481815,39.9082857],[116.4868757,39.9088526],[116.4877852,39.9089623],[116.48875,39.9090706],[116.4896023,39.9091274],[116.491512,39.9091011],[116.4918375,39.9090981],[116.491873,39.9090977],[116.4919098,39.9090972],[116.4919476,39.9090965],[116.4919862,39.9090958],[116.4920253,39.9090951],[116.4920648,39.9090942],[116.4921043,39.9090933],[116.4921437,39.9090924],[116.4921826,39.9090913],[116.492221,39.9090902],[116.4922585,39.9090891],[116.4922949,39.9090881],[116.49233,39.909087],[116.4923636,39.9090859],[116.4923952,39.9090849],[116.4924249,39.9090839],[116.4924523,39.909083],[116.4924771,39.9090821],[116.4924993,39.9090812],[116.4925185,39.9090805],[116.4932527,39.9090507],[116.4943782,39.9090051],[116.4954328,39.9089624],[116.4968432,39.9089052],[116.4969092,39.9089022],[116.4969704,39.9088988],[116.4970271,39.908895],[116.4970802,39.9088911],[116.49713,39.9088867],[116.497177,39.9088823],[116.4972218,39.9088777],[116.4972648,39.9088729],[116.4973068,39.9088682],[116.4973479,39.9088635],[116.497389,39.908859],[116.4974303,39.9088545],[116.4974725,39.9088503],[116.497516,39.9088464],[116.4975614,39.9088428],[116.4976093,39.9088395],[116.49766,39.9088367],[116.4977142,39.9088343],[116.4977723,39.9088325],[116.4978349,39.9088314],[116.4979703,39.9088296],[116.4983647,39.9088245],[116.4985176,39.9088224],[116.4986807,39.9088203],[116.5000983,39.9088016],[116.5105858,39.9086574],[116.5110055,39.9086537],[116.5118729,39.908646],[116.5119578,39.9086437],[116.5120359,39.9086393],[116.5121076,39.9086337],[116.5121737,39.9086271],[116.5122343,39.9086202],[116.5122902,39.9086134],[116.5123418,39.9086071],[116.5123896,39.9086019],[116.512434,39.9085982],[116.5124756,39.9085964],[116.5126931,39.9085936],[116.5127351,39.9085916],[116.5127913,39.9085869],[116.5128582,39.90858],[116.5129321,39.9085717],[116.5130094,39.9085623],[116.5130864,39.9085529],[116.5131597,39.9085438],[116.5132256,39.9085356],[116.5132805,39.908529],[116.5133207,39.9085247],[116.5133873,39.9085186],[116.5134528,39.9085121],[116.5135177,39.9085053],[116.5135824,39.9084984],[116.5136474,39.9084916],[116.513713,39.9084848],[116.5137799,39.9084783],[116.5138482,39.9084722],[116.5139186,39.9084665],[116.5139915,39.9084613],[116.5140672,39.9084569],[116.5141462,39.9084532],[116.5142291,39.9084505],[116.5143282,39.9084482],[116.515453,39.9084337],[116.5165626,39.9084192],[116.5167062,39.9084171],[116.5168312,39.9084154],[116.516963,39.9084133],[116.5171007,39.9084111],[116.5172437,39.9084087],[116.5173911,39.9084062],[116.5175422,39.9084036],[116.5176963,39.9084008],[116.5178525,39.908398],[116.5180102,39.9083951],[116.5181685,39.9083921],[116.5183268,39.9083892],[116.5184842,39.9083861],[116.5186401,39.908383],[116.5187936,39.90838],[116.5189439,39.9083769],[116.5190904,39.9083739],[116.5192323,39.908371],[116.5193687,39.9083681],[116.519499,39.9083653],[116.5196263,39.9083622],[116.5197541,39.9083588],[116.5198827,39.9083551],[116.5200118,39.9083512],[116.5201416,39.9083473],[116.520272,39.9083435],[116.5204031,39.9083401],[116.5205348,39.9083369],[116.5206674,39.9083344],[116.5208005,39.9083325],[116.5209343,39.9083314],[116.5210688,39.9083313],[116.521204,39.9083322],[116.52134,39.9083344],[116.5214767,39.908338],[116.5216142,39.908343],[116.5217524,39.9083497],[116.5218913,39.9083582],[116.5220311,39.9083685],[116.5221716,39.9083809],[116.5223081,39.9083948],[116.5224373,39.9084095],[116.522561,39.9084251],[116.5226813,39.908442],[116.5228002,39.9084604],[116.5229196,39.9084805],[116.5230416,39.9085023],[116.523168,39.9085262],[116.5233011,39.9085525],[116.5234425,39.9085812],[116.5235944,39.9086125],[116.5237587,39.9086469],[116.5239375,39.9086841],[116.5241327,39.9087249],[116.5243462,39.908769],[116.5245802,39.9088169],[116.5248366,39.9088687],[116.5251172,39.9089246],[116.5254242,39.9089849],[116.5257595,39.9090496],[116.5261051,39.9091131],[116.5264416,39.9091692],[116.5267686,39.9092186],[116.5270856,39.9092616],[116.5273924,39.9092986],[116.5276885,39.9093302],[116.5279737,39.9093566],[116.5282476,39.9093783],[116.5285098,39.9093958],[116.52876,39.9094094],[116.5289978,39.9094196],[116.5292228,39.9094268],[116.5294346,39.9094315],[116.529633,39.909434],[116.5298177,39.9094347],[116.5299882,39.9094342],[116.5301441,39.9094327],[116.5302852,39.9094308],[116.5304109,39.9094288],[116.5305212,39.9094272],[116.5314542,39.9094146],[116.5323862,39.9094018],[116.5535043,39.9091458],[116.5546846,39.9091618],[116.5557172,39.9091753],[116.5687416,39.909406],[116.5689637,39.9094117],[116.5691705,39.9094174],[116.5693639,39.909423],[116.5695453,39.9094289],[116.5697164,39.9094351],[116.569879,39.9094417],[116.5700347,39.9094488],[116.5701853,39.9094566],[116.5703322,39.9094651],[116.5704774,39.9094746],[116.5706223,39.909485],[116.5707689,39.9094964],[116.5709185,39.9095091],[116.5710731,39.9095232],[116.5712341,39.9095387],[116.5714034,39.9095558],[116.5715827,39.9095746],[116.5717734,39.9095952],[116.5719774,39.9096177],[116.5721964,39.9096422],[116.5724259,39.9096681],[116.5726597,39.9096946],[116.5728965,39.9097213],[116.5731348,39.9097483],[116.5733732,39.9097751],[116.5736106,39.909802],[116.5738453,39.9098285],[116.5740761,39.9098545],[116.5743017,39.9098799],[116.5745205,39.9099047],[116.5747313,39.9099283],[116.5749328,39.9099509],[116.5751236,39.9099723],[116.5753021,39.9099923],[116.5754672,39.9100107],[116.5756174,39.9100273],[116.5757514,39.9100421],[116.5758678,39.9100548],[116.5759652,39.9100654],[116.5760423,39.9100735],[116.5761121,39.9100807],[116.5761882,39.9100886],[116.5762705,39.9100971],[116.5763588,39.9101062],[116.5764529,39.9101157],[116.5765526,39.9101256],[116.5766577,39.9101358],[116.576768,39.9101463],[116.5767805,39.9101475],[116.5768833,39.910157],[116.5770034,39.9101678],[116.5771281,39.9101788],[116.5772573,39.9101898],[116.5773907,39.9102007],[116.5775281,39.9102115],[116.5776694,39.9102222],[116.5778143,39.9102326],[116.5779626,39.9102426],[116.5781142,39.9102524],[116.5782688,39.9102617],[116.5784262,39.9102705],[116.5785845,39.9102781],[116.5787416,39.9102839],[116.5788969,39.9102879],[116.5790503,39.9102903],[116.5792015,39.9102913],[116.5793499,39.9102908],[116.5794952,39.9102891],[116.5796372,39.9102864],[116.5797756,39.9102825],[116.5799097,39.9102778],[116.5800396,39.9102724],[116.5801645,39.9102662],[116.5802845,39.9102596],[116.580399,39.9102525],[116.5805076,39.9102452],[116.5806101,39.9102377],[116.580706,39.9102301],[116.5807952,39.9102226],[116.5808771,39.9102152],[116.5809515,39.9102082],[116.5810246,39.9102011],[116.5811024,39.9101933],[116.5811842,39.910185],[116.5812693,39.9101763],[116.5813572,39.9101672],[116.581447,39.9101579],[116.5815381,39.9101484],[116.5816298,39.9101387],[116.5817214,39.910129],[116.5818122,39.9101193],[116.5819015,39.9101097],[116.5819887,39.9101002],[116.5820731,39.9100911],[116.5821539,39.9100823],[116.5822305,39.9100739],[116.5823021,39.910066],[116.5823682,39.9100587],[116.582428,39.910052],[116.5824807,39.910046],[116.5825259,39.9100408],[116.5826068,39.9100313],[116.5826885,39.9100217],[116.5827713,39.9100119],[116.5828554,39.9100019],[116.5829408,39.9099917],[116.5830276,39.9099815],[116.5831161,39.909971],[116.5832062,39.9099603],[116.5832981,39.9099494],[116.583392,39.9099383],[116.5834879,39.909927],[116.5835859,39.9099155],[116.5836862,39.9099036],[116.5837888,39.9098915],[116.5838938,39.9098791],[116.5840015,39.9098664],[116.5841118,39.9098535],[116.584225,39.9098402],[116.5843411,39.9098266],[116.5844602,39.9098126],[116.5845862,39.9097978],[116.5847224,39.9097818],[116.5848678,39.9097648],[116.5850214,39.9097466],[116.5851822,39.9097278],[116.5853492,39.9097083],[116.5855215,39.9096882],[116.5856981,39.9096678],[116.5858781,39.9096471],[116.5860604,39.9096263],[116.5862441,39.9096056],[116.5864281,39.909585],[116.5866117,39.9095648],[116.5867936,39.909545],[116.5869731,39.9095258],[116.587149,39.9095074],[116.5873204,39.9094899],[116.5874864,39.9094732],[116.587646,39.9094579],[116.5877982,39.9094438],[116.587941,39.9094312],[116.5880737,39.9094199],[116.5881972,39.90941],[116.5883125,39.9094012],[116.5884204,39.9093935],[116.5885218,39.9093868],[116.5886177,39.909381],[116.588709,39.909376],[116.5887965,39.9093717],[116.5888815,39.9093679],[116.5889645,39.9093646],[116.5890467,39.9093618],[116.5891289,39.9093592],[116.5892121,39.9093569],[116.5892971,39.9093545],[116.589385,39.9093523],[116.5894765,39.9093498],[116.5895728,39.9093473],[116.5896744,39.9093443],[116.5897824,39.9093409],[116.5899124,39.9093372],[116.5900772,39.9093331],[116.5901788,39.9093309],[116.590312,39.9093282],[116.590473,39.9093251],[116.5906582,39.9093217],[116.5908638,39.909318],[116.5910862,39.9093141],[116.5913216,39.90931],[116.5915665,39.9093057],[116.5918168,39.9093015],[116.5920692,39.9092972],[116.5923199,39.9092929],[116.5925651,39.9092887],[116.5928012,39.9092848],[116.5930245,39.909281],[116.5932311,39.9092775],[116.5934175,39.9092744],[116.59358,39.9092717],[116.5937148,39.9092694],[116.5938183,39.9092677],[116.5938867,39.9092664],[116.593959,39.9092649],[116.5940739,39.9092623],[116.5942265,39.9092585],[116.594412,39.9092539],[116.5946258,39.9092485],[116.5948632,39.9092424],[116.5951194,39.9092358],[116.5953898,39.9092288],[116.5956694,39.9092216],[116.5959538,39.9092142],[116.5962381,39.9092068],[116.5965176,39.9091996],[116.5967877,39.9091925],[116.5970436,39.909186],[116.5972804,39.9091799],[116.5974937,39.9091743],[116.5976786,39.9091697],[116.5978303,39.9091659],[116.5979442,39.9091631],[116.5980156,39.9091615],[116.5989264,39.9091413],[116.5998415,39.9091211],[116.6008331,39.9090942],[116.6012914,39.9090818],[116.6044803,39.9089959],[116.6048214,39.9089868],[116.6050028,39.9089801],[116.605168,39.9089754],[116.6053239,39.9089704],[116.6054714,39.9089651],[116.605611,39.9089592],[116.6057436,39.9089528],[116.6058697,39.9089457],[116.6059902,39.9089377],[116.6061055,39.9089287],[116.6062166,39.9089187],[116.606324,39.9089075],[116.6064285,39.908895],[116.6065306,39.9088811],[116.6066312,39.9088657],[116.6067307,39.9088487],[116.60683,39.9088299],[116.6069298,39.9088093],[116.6070306,39.9087867],[116.6071332,39.908762],[116.6072384,39.9087352],[116.6073487,39.9087047],[116.6074649,39.9086694],[116.6075862,39.90863],[116.6077115,39.908587],[116.6078401,39.9085409],[116.607971,39.9084923],[116.6081034,39.9084416],[116.6082365,39.9083895],[116.6083691,39.9083363],[116.6085006,39.9082827],[116.6086299,39.9082292],[116.6087562,39.9081762],[116.6088787,39.9081244],[116.6089963,39.9080741],[116.6091081,39.908026],[116.6092134,39.9079806],[116.6093111,39.9079385],[116.6094004,39.9079001],[116.6094802,39.907866],[116.6095499,39.9078366],[116.6096154,39.9078093],[116.6096833,39.9077811],[116.6097537,39.9077518],[116.6098262,39.9077215],[116.609901,39.9076904],[116.6099778,39.9076584],[116.6100567,39.9076255],[116.6101377,39.9075918],[116.6102205,39.9075572],[116.6103052,39.9075217],[116.6103917,39.9074855],[116.61048,39.9074486],[116.6105699,39.9074108],[116.6106614,39.9073722],[116.6107545,39.9073331],[116.6108489,39.9072931],[116.6109449,39.9072525],[116.6110421,39.9072112],[116.6111407,39.9071693],[116.6112404,39.9071267],[116.613158,39.9063122],[116.6136053,39.9061411],[116.6140562,39.9060007],[116.6144565,39.9059077],[116.6148902,39.9058308],[116.6153264,39.9057825],[116.6157094,39.9057567],[116.6160944,39.9057499],[116.6164969,39.9057663],[116.6169123,39.9058028],[116.6176411,39.905942],[116.6185724,39.9061316],[116.6195042,39.9063186],[116.6198746,39.9063945],[116.6203695,39.9064647],[116.6209514,39.9065085],[116.6215773,39.906498],[116.622187,39.9064448],[116.6227899,39.9063469],[116.6236317,39.9062428],[116.6242598,39.9061954],[116.6248849,39.9061635],[116.6331588,39.9060667],[116.6338661,39.9060377],[116.6340974,39.9060248],[116.6343359,39.9059839],[116.6346417,39.9059206],[116.6349273,39.9058398],[116.635331,39.905676],[116.6355554,39.9055674],[116.6357177,39.9054674],[116.6359751,39.9053138],[116.6361914,39.905155],[116.6364073,39.9049643],[116.6366121,39.9047368],[116.6372684,39.9037799],[116.64094,39.898326],[116.6427409,39.8956331],[116.6429299,39.8953569],[116.6431525,39.8950782],[116.6433829,39.8948361],[116.6436742,39.8945863],[116.6439789,39.8943645],[116.6442812,39.8941827],[116.6446501,39.8939966],[116.6451397,39.8938057],[116.6457584,39.8936168],[116.6466009,39.8933751],[116.6474923,39.8931159],[116.6574966,39.8902742],[116.6607361,39.8893524],[116.6612178,39.8892115],[116.6616339,39.8890563],[116.6620106,39.8888831],[116.6624262,39.8886552],[116.6628071,39.8883859],[116.6632368,39.8880541],[116.6686388,39.8836767],[116.6781115,39.8759926],[116.6787959,39.8754398],[116.6794377,39.8749215],[116.6795905,39.8747961],[116.6797556,39.8746627],[116.6799241,39.8745245],[116.6801039,39.8743804],[116.6802825,39.8742418],[116.6804542,39.8741086],[116.6806284,39.8739861],[116.6807871,39.8738785],[116.6809302,39.8737819],[116.6810549,39.8737041],[116.6811842,39.8736279],[116.681343,39.8735362],[116.6815306,39.873432],[116.6817464,39.8733182],[116.6819895,39.8731979],[116.6822594,39.8730741],[116.6825554,39.8729499],[116.6828767,39.8728281],[116.6832227,39.872712],[116.6835926,39.8726044],[116.6836922,39.8725768],[116.6837942,39.8725498],[116.6839258,39.8725154],[116.6840804,39.8724752],[116.6842509,39.872431],[116.6844309,39.8723844],[116.6846135,39.8723375],[116.6847919,39.8722916],[116.6849594,39.8722486],[116.6851066,39.8722083],[116.6852367,39.8721743],[116.6862257,39.8719128],[116.6872041,39.871654],[116.6873084,39.871628],[116.6875863,39.8715587],[116.6881588,39.8714156],[116.6897655,39.8710144],[116.6898971,39.8709786],[116.6900316,39.870943],[116.6902033,39.8708989],[116.6903864,39.8708489],[116.690587,39.8707971],[116.6907966,39.8707428],[116.6910106,39.8706874],[116.6912247,39.870632],[116.6914343,39.8705777],[116.6916347,39.8705258],[116.6918194,39.8704786],[116.6919884,39.8704354],[116.692147,39.8703929],[116.6923011,39.8703482],[116.6924557,39.870298],[116.6926167,39.8702393],[116.6927895,39.8701689],[116.6929797,39.8700836],[116.6931927,39.8699804],[116.693434,39.8698559],[116.6936888,39.8697125],[116.6939365,39.8695557],[116.6941745,39.8693877],[116.6943997,39.8692107],[116.6946092,39.8690267],[116.6948004,39.868838],[116.6949704,39.8686466],[116.6951163,39.8684549],[116.6952353,39.8682648],[116.6953245,39.8680785],[116.6976139,39.8631995],[116.6977472,39.8628975],[116.6978448,39.8626164],[116.6979075,39.8623501],[116.6979353,39.8620929],[116.6979291,39.8618389],[116.6978891,39.8615823],[116.6978161,39.8613173],[116.6977103,39.8610379],[116.6975723,39.8607383],[116.6974025,39.8604127],[116.6951446,39.8564964],[116.6939644,39.854382],[116.6938055,39.8541132],[116.6937072,39.8539494],[116.693588,39.8537665],[116.693453,39.8535689],[116.6933069,39.8533613],[116.6931549,39.8531484],[116.6930019,39.8529346],[116.692853,39.8527246],[116.6927129,39.8525229],[116.6925868,39.8523343],[116.6924797,39.8521632],[116.6919128,39.8513339],[116.6912867,39.850677],[116.6906173,39.8501722],[116.6899206,39.8497994],[116.6892128,39.8495385],[116.6885099,39.849369],[116.6878277,39.8492712],[116.6871826,39.8492245],[116.6865905,39.8492091],[116.6860674,39.8492046],[116.6820077,39.8492054],[116.6815604,39.8492056],[116.6814779,39.8492056],[116.6794429,39.8492072],[116.6775582,39.8492087],[116.6769096,39.8492091],[116.674033,39.849211]]},"properties":{"line_key":"1","name":"1号线","name_zh":"1号线","name_en":null,"ref":"1","osm_relation":1667139,"osm_name":"地铁 1号线/八通线: 环球度假区 → 苹果园","station_count":35,"way_count":20,"note":"OSM relation covers 1号线+八通线 (环球度假区-苹果园)","coord_system":"GCJ-02"}},{"type":"Feature","geometry":{"type":"LineString","coordinates":[[116.3554455,39.9404846],[116.3554734,39.9398906],[116.3554889,39.9395844],[116.3557867,39.9334229],[116.3557364,39.9329644],[116.3557513,39.9323596],[116.3557692,39.9317203],[116.3558519,39.9314142],[116.3561981,39.9245958],[116.3561437,39.9242929],[116.3561569,39.9236629],[116.3561752,39.9230386],[116.3562486,39.922782],[116.3563704,39.9186231],[116.3564295,39.9166079],[116.3566288,39.9120056],[116.356648,39.9080838],[116.3565916,39.9077879],[116.3565935,39.9071874],[116.3566005,39.9065835],[116.35666,39.9062394],[116.3566482,39.904742],[116.3566625,39.9041925],[116.3566893,39.9033455],[116.3567509,39.9029824],[116.3568655,39.9025638],[116.3569997,39.9021689],[116.3572166,39.9017813],[116.3575127,39.9013747],[116.357827,39.9010124],[116.3580476,39.9007563],[116.3582917,39.9005257],[116.358672,39.9002453],[116.3592073,39.8999383],[116.3597291,39.8997164],[116.3604661,39.8994702],[116.3611432,39.8993769],[116.3617488,39.8993357],[116.3625912,39.8993475],[116.3634123,39.8993671],[116.3642552,39.8993855],[116.3648655,39.8994434],[116.3728776,39.8997112],[116.3734652,39.8996962],[116.3742492,39.8997163],[116.3750368,39.8997377],[116.3753705,39.8997975],[116.3780695,39.8998736],[116.3830531,39.9000416],[116.3834492,39.9000109],[116.3842255,39.9000355],[116.385017,39.9000622],[116.385375,39.9001044],[116.3929955,39.9003429],[116.3935292,39.9003305],[116.3940748,39.9003005],[116.394715,39.9002407],[116.3952853,39.9001765],[116.3958225,39.9001176],[116.3964443,39.9000349],[116.3969757,39.9000311],[116.3987414,39.9000833],[116.3992849,39.9001176],[116.4006561,39.9003095],[116.4018394,39.9004909],[116.4024511,39.9005755],[116.4030225,39.9006168],[116.4036772,39.9006314],[116.4065694,39.9007191],[116.4117907,39.9008766],[116.4157489,39.9010361],[116.4161335,39.9009897],[116.4169387,39.9010182],[116.4182578,39.9010672],[116.4184543,39.9010771],[116.4191175,39.9011321],[116.4195351,39.9012105],[116.4199599,39.9013508],[116.4204218,39.9015977],[116.420938,39.9019468],[116.423773,39.9041666],[116.4241581,39.9044454],[116.4244134,39.9046004],[116.424663,39.9047302],[116.4250415,39.9048379],[116.4254815,39.9048969],[116.4260021,39.9049182],[116.427188,39.9049346],[116.4282713,39.9049487],[116.4313516,39.9049735],[116.4321457,39.9049986],[116.4326523,39.9050384],[116.4331193,39.9050904],[116.4334725,39.905169],[116.4338002,39.9052773],[116.4348953,39.9058435],[116.4349389,39.9058767],[116.4350429,39.905956],[116.4351874,39.9060816],[116.4353416,39.9062362],[116.4354694,39.9063765],[116.4355599,39.9065104],[116.43565,39.9066491],[116.4357234,39.9068349],[116.4357927,39.9070039],[116.4358563,39.9072625],[116.4359069,39.9075627],[116.4359193,39.9079468],[116.435894,39.9085636],[116.4358752,39.909217],[116.4358111,39.9098745],[116.435146,39.913881],[116.4346729,39.9234917],[116.4347303,39.9238313],[116.43472,39.9244389],[116.4347052,39.925034],[116.4346408,39.9253346],[116.4346293,39.9255744],[116.4342862,39.9327377],[116.434341,39.9330793],[116.4343218,39.9336753],[116.4343043,39.9342628],[116.4342384,39.9346613],[116.4339586,39.9402543],[116.4340074,39.9405145],[116.4339997,39.9410976],[116.4339979,39.9416732],[116.4339391,39.9419931],[116.4339155,39.9471143],[116.4339123,39.9473928],[116.4338604,39.9476745],[116.4337512,39.9479497],[116.4336069,39.9482668],[116.4334509,39.9485181],[116.4331873,39.9488137],[116.4328943,39.9490501],[116.4325465,39.9492839],[116.4321919,39.9494692],[116.4317536,39.949616],[116.4312241,39.9497285],[116.4306593,39.9497731],[116.4301253,39.949762],[116.4299421,39.949756],[116.4189824,39.9493913],[116.4185636,39.9494154],[116.4177845,39.9493899],[116.4169881,39.949365],[116.4165601,39.9493137],[116.409456,39.9491029],[116.409112,39.9491389],[116.4083159,39.9491344],[116.4075297,39.9491301],[116.4072213,39.949084],[116.3952898,39.9489646],[116.3949679,39.9490126],[116.3941594,39.9490049],[116.3930764,39.9489786],[116.3927117,39.948942],[116.37473,39.948787],[116.3741821,39.9488099],[116.3732696,39.9487683],[116.3723965,39.9487301],[116.372102,39.9486705],[116.3716565,39.9486264],[116.3712228,39.9485741],[116.370742,39.9484798],[116.3701273,39.9483143],[116.3697512,39.9482028],[116.3688288,39.9478854],[116.3678144,39.9474757],[116.3663545,39.9468519],[116.3652681,39.9464179],[116.3642357,39.9460954],[116.3630133,39.9457582],[116.3603898,39.9450501],[116.3583528,39.9444804],[116.3576889,39.944277],[116.3572712,39.9441491],[116.3569556,39.9440163],[116.3566639,39.9438509],[116.3564339,39.9436757],[116.3561587,39.943441],[116.355931,39.9432038],[116.355736,39.9429298],[116.3556268,39.9425501],[116.3554321,39.9418133],[116.3554215,39.9417245],[116.3554149,39.9416264],[116.3554114,39.9415274],[116.35541,39.9414145],[116.3554171,39.9410821],[116.3554455,39.9404846]]},"properties":{"line_key":"2","name":"2号线","name_zh":"2号线","name_en":"Subway 2: Xizhimen -> Xizhimen (anticlockwise)","ref":"2","osm_relation":1667237,"osm_name":"地铁 2号线: 西直门 -> 西直门 (外环)","station_count":18,"way_count":2,"note":"loop","coord_system":"GCJ-02"}},{"type":"Feature","geometry":{"type":"LineString","coordinates":[[116.434242,39.933699],[116.4359094,39.9337307],[116.4382195,39.9337745],[116.4484282,39.933776],[116.4510457,39.9337766],[116.4610867,39.9337764],[116.461628,39.9337775],[116.4709187,39.9337955],[116.4764332,39.9337885],[116.4795077,39.9337797],[116.4909403,39.9337451],[116.4924207,39.9337948],[116.4934601,39.9338932],[116.4941886,39.934007],[116.4953212,39.9342824],[116.4994476,39.9354585],[116.5029649,39.936461],[116.5035896,39.9367537],[116.5045843,39.9372293],[116.5048876,39.9375043],[116.5053566,39.9383782],[116.5057572,39.9393226],[116.5058457,39.9399251],[116.5058455,39.9442201],[116.5058455,39.9446235],[116.5059379,39.9458672],[116.5061107,39.9463346],[116.506338,39.9467404],[116.5066278,39.946968],[116.510274,39.9476104],[116.5114307,39.947674],[116.5141934,39.9474987],[116.5197867,39.9472801],[116.5254882,39.9476108],[116.527208,39.9478269],[116.52883,39.9480307],[116.5310695,39.9479959],[116.5327083,39.9477115],[116.5335952,39.9474694],[116.5345451,39.9471545],[116.5389732,39.9450894],[116.540786,39.9448074],[116.542637,39.9448854],[116.5439401,39.9452557],[116.5451869,39.9459848],[116.5458775,39.9468082],[116.5464513,39.9478885],[116.5467408,39.9490896],[116.5469119,39.950798],[116.5469372,39.9518948],[116.546977,39.9536252],[116.5470962,39.9612385],[116.5471496,39.9657457],[116.5471498,39.965757],[116.5472443,39.970739],[116.5472791,39.9718579],[116.5475378,39.9725372],[116.5479304,39.9732503],[116.5486397,39.9738621],[116.5493081,39.974382],[116.5501795,39.9748282],[116.5511299,39.9751088],[116.5518316,39.9752398],[116.55777,39.9758148]]},"properties":{"line_key":"3","name":"3号线","name_zh":"3号线","name_en":null,"ref":"3","osm_relation":18420549,"osm_name":"北京地铁3号线 东坝北 → 东四十条","station_count":10,"way_count":2,"note":"opened 2024-12-15","coord_system":"GCJ-02"}},{"type":"Feature","geometry":{"type":"LineString","coordinates":[[116.2700246,40.0122494],[116.2700406,40.011538],[116.2700736,40.0108118],[116.2700979,40.0103639],[116.2701489,40.0095798],[116.2702969,40.0090272],[116.2708585,40.0073638],[116.2716218,40.0058553],[116.2726113,40.0045406],[116.2735688,40.0036526],[116.2744945,40.0030511],[116.2754895,40.0026707],[116.2773822,40.0023895],[116.2786273,40.0021889],[116.2788956,40.0021486],[116.2791691,40.0020988],[116.2795172,40.002018],[116.2894854,39.9986522],[116.2915666,39.9978934],[116.2940336,39.9970416],[116.2947934,39.996888],[116.2955388,39.9968233],[116.3052526,39.9974509],[116.3059419,39.9975693],[116.3065155,39.9977828],[116.3070192,39.9980983],[116.3082246,39.9989419],[116.3085821,39.999158],[116.3089852,39.9993072],[116.3097952,39.9995131],[116.310624,39.9996977],[116.3112712,39.9997974],[116.3118205,39.9998347],[116.3121795,39.9998282],[116.3125479,39.9998082],[116.3129522,39.999769],[116.3133576,39.9996925],[116.313775,39.9995629],[116.3142355,39.9993601],[116.314733,39.9990768],[116.3151481,39.9986912],[116.315554,39.998195],[116.3157808,39.9975413],[116.3159482,39.9967789],[116.3158912,39.9960202],[116.3156948,39.9948607],[116.315584,39.994161],[116.3155565,39.9938166],[116.3155698,39.993453],[116.3156975,39.9920876],[116.315755,39.9914424],[116.3163174,39.9846121],[116.3163575,39.9839735],[116.3163984,39.9832899],[116.3165128,39.9818264],[116.3167238,39.9791265],[116.3168061,39.9784273],[116.3169675,39.9777452],[116.3173018,39.9765888],[116.3175317,39.9759952],[116.3177871,39.9753363],[116.3180974,39.9746467],[116.320514,39.9697274],[116.3212505,39.9682922],[116.3215257,39.9676552],[116.3217334,39.9670482],[116.3219515,39.9664081],[116.3222556,39.965297],[116.3224507,39.9643041],[116.3226121,39.963252],[116.3227373,39.9617907],[116.3231075,39.9582674],[116.3231828,39.9576267],[116.3232595,39.956986],[116.323902,39.9515357],[116.3245346,39.9465475],[116.3246529,39.9456614],[116.3248942,39.9437823],[116.3249824,39.9431189],[116.3250695,39.9424489],[116.3251475,39.9417697],[116.3252518,39.9410623],[116.3252967,39.9407599],[116.3255388,39.9400902],[116.3258573,39.9396015],[116.3264233,39.9391641],[116.3270136,39.9388615],[116.3279605,39.93863],[116.3293677,39.9384405],[116.3310094,39.9383061],[116.3330688,39.9381808],[116.3349973,39.9380869],[116.3362298,39.9380914],[116.338037,39.938172],[116.3388651,39.9382079],[116.3408785,39.938307],[116.3437841,39.9384634],[116.3448865,39.9385603],[116.3459184,39.9388083],[116.3481023,39.9395083],[116.3489937,39.9397422],[116.3498946,39.9399057],[116.3528992,39.9403009],[116.3532178,39.9403362],[116.3535211,39.9403656],[116.3537386,39.9403832],[116.3539382,39.9403968],[116.3541912,39.9404068],[116.3544315,39.9404129],[116.3555123,39.940445],[116.3564897,39.9404733],[116.3637558,39.9406692],[116.3658136,39.9407335],[116.3667182,39.9407514],[116.3675527,39.940753],[116.3683914,39.9407579],[116.3690951,39.9407064],[116.3698832,39.9405237],[116.3706304,39.940221],[116.3713228,39.9397894],[116.3714568,39.9396822],[116.3716045,39.9395569],[116.3717295,39.9394394],[116.3718725,39.9392692],[116.3719729,39.939117],[116.3722044,39.9386723],[116.37241,39.938178],[116.3725666,39.9375518],[116.3726407,39.9370449],[116.3725733,39.93521],[116.3726117,39.9336965],[116.3726417,39.9327874],[116.3729339,39.9239329],[116.3729485,39.9233307],[116.3731599,39.9200807],[116.3733639,39.9169468],[116.3733794,39.9163267],[116.3733969,39.9157223],[116.3734718,39.9139219],[116.3736514,39.9098067],[116.3738529,39.9080972],[116.3738782,39.9071279],[116.3738949,39.906278],[116.3740049,39.9038016],[116.3741443,39.8997696],[116.3741776,39.8990076],[116.3742269,39.8961523],[116.3743303,39.8901703],[116.3743233,39.88928],[116.3743214,39.8882053],[116.3742602,39.8835217],[116.3742975,39.8788129],[116.3743038,39.8779472],[116.3742945,39.8746567],[116.3745165,39.8737826],[116.3747616,39.8733044],[116.3751368,39.8729164],[116.3760245,39.8724632],[116.3767181,39.872127],[116.3771788,39.8715822],[116.3773452,39.8709656],[116.3775964,39.8683597],[116.3777861,39.8677473],[116.3783999,39.8666464],[116.3786079,39.8661782],[116.3787387,39.8655657],[116.3788588,39.8648783],[116.3789866,39.8641753],[116.3789884,39.8632405],[116.3787918,39.8627035],[116.3784438,39.8621503],[116.3779657,39.8616593],[116.3725697,39.8575391],[116.3718377,39.8569708],[116.3715745,39.8566321],[116.3713974,39.8561468],[116.3712974,39.8530119],[116.3710541,39.8457766],[116.3710342,39.8447645],[116.3708871,39.8379522],[116.3708771,39.8376411],[116.3708757,39.8376009],[116.3708432,39.8366367],[116.3708148,39.8358251],[116.3708049,39.8354673],[116.3707996,39.8353114],[116.3707603,39.8341728],[116.3707138,39.8337822],[116.3706336,39.8334099],[116.3703632,39.8325763],[116.3666304,39.8227041],[116.3650441,39.8186012],[116.3648842,39.8177624],[116.3649133,39.8168474],[116.365232,39.8147008],[116.3654047,39.8136078],[116.3653669,39.8129981],[116.3654486,39.8125229],[116.3655337,39.8119493],[116.3655691,39.8116657],[116.3659702,39.8091083],[116.3659927,39.808026],[116.3656426,39.8071457],[116.3649122,39.8062644],[116.3636898,39.8055087],[116.3622601,39.8051185],[116.3605569,39.8048472],[116.356856,39.80454],[116.3554478,39.80448],[116.3552304,39.804482],[116.3546301,39.804498],[116.3542249,39.8045176],[116.3536313,39.8045394],[116.3527807,39.804586],[116.3500479,39.8047444],[116.3495344,39.8047625],[116.3488068,39.8047649],[116.3481515,39.8047323],[116.3458705,39.8046103],[116.3449826,39.8045959],[116.3438069,39.804651],[116.3421646,39.8048391],[116.3417636,39.8048699],[116.3412609,39.8048733],[116.3408208,39.8048471],[116.3403708,39.8047892],[116.3399659,39.8047179],[116.3395219,39.8046047],[116.3391248,39.8044779],[116.3386925,39.8043017],[116.3382953,39.8041],[116.3297796,39.7988008],[116.3294571,39.7985793],[116.3292399,39.7983944],[116.3290338,39.7981957],[116.328829,39.7979639],[116.3286381,39.7977221],[116.3284901,39.7974811],[116.3283711,39.7972646],[116.3282901,39.797072],[116.3282065,39.7968316],[116.3281339,39.796564],[116.3280873,39.7962461],[116.3280904,39.7957971],[116.328128,39.7953724],[116.328677,39.7903856],[116.3286896,39.7902714],[116.328758,39.7896868],[116.328828,39.7890886],[116.3294597,39.7831013],[116.3295566,39.7824297],[116.3299706,39.7802073],[116.3301642,39.778],[116.3303346,39.7761042],[116.3303557,39.7758667],[116.3304906,39.7743251],[116.3306262,39.7727735],[116.3316191,39.7644407],[116.3316871,39.7635802],[116.3317518,39.7627285],[116.3320146,39.7540833],[116.3320272,39.7531008],[116.3320356,39.7515482],[116.3323633,39.7430505],[116.3324444,39.7407734],[116.3325916,39.7317163],[116.3327207,39.7227983],[116.3327383,39.7222465],[116.3327099,39.7219062],[116.3326268,39.721572],[116.3324225,39.7212085],[116.332124,39.7208592],[116.3317045,39.7205385],[116.330949,39.7200922],[116.330261,39.7197783],[116.329516,39.7195984],[116.3265347,39.7192336],[116.3220994,39.7186071],[116.3208855,39.7183699],[116.3199858,39.7180304],[116.3193331,39.7176443],[116.3188324,39.7172688],[116.3184513,39.7167698],[116.318244,39.716225],[116.3181189,39.7156049],[116.3182343,39.7150288],[116.3185158,39.7140582],[116.3186932,39.7133923],[116.3189346,39.7127657],[116.3190527,39.7123655],[116.3192123,39.7115887],[116.3211667,39.7078049],[116.3222703,39.7015384],[116.3217049,39.6863913],[116.3216597,39.6847912],[116.3215465,39.683937],[116.3200718,39.6784307],[116.3199543,39.6715994],[116.3199394,39.6702517],[116.3199066,39.6690921]]},"properties":{"line_key":"4","name":"4号线","name_zh":"4号线","name_en":null,"ref":"4","osm_relation":2083779,"osm_name":"地铁 4号线/大兴线: 安河桥北 -> 天宫院","station_count":35,"way_count":10,"note":"OSM relation covers 4号线+大兴线 (安河桥北-天宫院)","coord_system":"GCJ-02"}},{"type":"Feature","geometry":{"type":"LineString","coordinates":[[116.4130111,40.0834992],[116.4130516,40.0829113],[116.4130749,40.082623],[116.4131247,40.0821221],[116.4131673,40.0815739],[116.4132989,40.0799181],[116.4133717,40.0790804],[116.4133929,40.0785681],[116.4133843,40.0782775],[116.4132906,40.0775445],[116.4129904,40.0758199],[116.4128782,40.0751947],[116.4127599,40.0745893],[116.4125636,40.0735805],[116.4124658,40.0730204],[116.4124081,40.0726888],[116.4123609,40.0722061],[116.4123538,40.071916],[116.4123647,40.0714943],[116.4123869,40.0710671],[116.4127485,40.0665378],[116.4127994,40.0659285],[116.4129046,40.0641616],[116.4129408,40.0635524],[116.4129424,40.0635258],[116.4129663,40.0631226],[116.4132676,40.0597076],[116.4134349,40.0577764],[116.4134595,40.057477],[116.4135017,40.0569772],[116.4135743,40.0562052],[116.4136127,40.0557464],[116.4136056,40.055475],[116.4135829,40.0552704],[116.4135497,40.0550965],[116.4134659,40.0548077],[116.413361,40.0544988],[116.4133191,40.0544119],[116.4127974,40.0536098],[116.4124101,40.0530473],[116.4117711,40.0521849],[116.4116265,40.0519843],[116.4115064,40.0518025],[116.4114081,40.0516417],[116.4113426,40.0515163],[116.4112662,40.0513617],[116.4112198,40.05123],[116.4111652,40.0510858],[116.4111351,40.0509688],[116.4111077,40.0508476],[116.4110668,40.0507118],[116.411045,40.0505843],[116.4110313,40.0504255],[116.4110149,40.0499992],[116.4110284,40.0493725],[116.4110301,40.0492935],[116.411032,40.0492016],[116.4111051,40.0478202],[116.4111104,40.0476385],[116.4111295,40.0474796],[116.4111595,40.0472957],[116.4111977,40.0471034],[116.411285,40.0467983],[116.4113804,40.0465789],[116.4115115,40.046326],[116.4117024,40.0460355],[116.4127611,40.0448672],[116.4129849,40.0446017],[116.4131973,40.0442639],[116.4142288,40.0424657],[116.4145433,40.0418968],[116.4148481,40.0413411],[116.4149326,40.041176],[116.4150635,40.0408667],[116.4151726,40.0405824],[116.4152571,40.040294],[116.4153063,40.0401206],[116.415429,40.0395855],[116.4156226,40.0387118],[116.4157126,40.0382749],[116.4157562,40.0380659],[116.4157998,40.0378611],[116.4158762,40.0376312],[116.4159689,40.0374138],[116.4160917,40.0371672],[116.4162254,40.036933],[116.4167054,40.0362849],[116.4168691,40.0360528],[116.4170191,40.0358355],[116.4171419,40.035619],[116.4172598,40.0353882],[116.4173404,40.0351691],[116.4173907,40.0350186],[116.4179532,40.0326633],[116.4180247,40.0323157],[116.4180895,40.0319892],[116.4181098,40.0316808],[116.4181303,40.0313359],[116.4181336,40.0310224],[116.4181297,40.0304269],[116.4181096,40.0297761],[116.4180985,40.0290927],[116.4180757,40.0281911],[116.4180546,40.0272037],[116.4180442,40.0270432],[116.4179621,40.0265844],[116.4178171,40.0258888],[116.4177804,40.0256681],[116.4177472,40.0254982],[116.4177122,40.0253109],[116.4176912,40.0250246],[116.4176859,40.0247089],[116.4176508,40.0235565],[116.417645,40.0213483],[116.4176554,40.02024],[116.4176449,40.0197743],[116.4176148,40.019476],[116.4175867,40.0191843],[116.4174913,40.0183044],[116.4171926,40.0168835],[116.4169183,40.0156151],[116.4167419,40.0148258],[116.4164937,40.0136671],[116.4164221,40.0133286],[116.4163609,40.0129365],[116.4162717,40.012032],[116.4162508,40.0115142],[116.4162524,40.0110954],[116.416275,40.0105467],[116.4163431,40.0098937],[116.4163745,40.009594],[116.4170064,40.0053177],[116.4170337,40.0051642],[116.4171671,40.0045314],[116.4172756,40.0039434],[116.4173661,40.0033729],[116.4174306,40.0029024],[116.4175623,40.002409],[116.4176198,40.0018752],[116.4176219,40.0011725],[116.4175411,40.0003662],[116.4174383,39.999692],[116.4173597,39.9990765],[116.4173073,39.9987486],[116.4171609,39.9976663],[116.4170477,39.9967656],[116.4170095,39.9964434],[116.4169899,39.9961129],[116.416986,39.9950865],[116.416974,39.9940771],[116.4169477,39.9918698],[116.4169438,39.9908864],[116.4171408,39.9875844],[116.4173001,39.9837752],[116.4175021,39.978029],[116.4175191,39.9773618],[116.4175344,39.9766381],[116.417735,39.9731276],[116.41776,39.9724587],[116.4179266,39.9687664],[116.4179559,39.9680848],[116.4179859,39.9673881],[116.418237,39.9621119],[116.4183396,39.9600274],[116.4183659,39.9594742],[116.4183963,39.9587944],[116.4184375,39.957975],[116.4188053,39.9529745],[116.4188127,39.9527106],[116.4187918,39.9524947],[116.4187034,39.952318],[116.4185274,39.9521545],[116.4167573,39.9509448],[116.4164432,39.9506915],[116.4162877,39.9504031],[116.416233,39.9500793],[116.4162399,39.9497615],[116.416322,39.9483732],[116.4163522,39.9476822],[116.4164605,39.9454579],[116.4169841,39.942161],[116.4170103,39.9414686],[116.4170444,39.940811],[116.4170665,39.9401522],[116.4170931,39.9396024],[116.4172974,39.9382316],[116.41743,39.9344028],[116.4174525,39.9336884],[116.4174783,39.9329285],[116.4176111,39.9296879],[116.4176087,39.9293179],[116.417769,39.925343],[116.4178173,39.9244731],[116.4178443,39.9236922],[116.4178723,39.9230854],[116.4178274,39.9213564],[116.4178991,39.9191617],[116.4179514,39.9175597],[116.4179817,39.9168144],[116.4180134,39.916078],[116.4181931,39.9133064],[116.4184621,39.9091554],[116.4184861,39.9082702],[116.4185123,39.9075435],[116.4185083,39.906365],[116.4185075,39.9061449],[116.4184231,39.9025108],[116.4184918,39.9015379],[116.4185091,39.9008915],[116.4185272,39.9002161],[116.4187672,39.8937553],[116.4187799,39.8931005],[116.4187934,39.8924333],[116.4189449,39.8888142],[116.4189667,39.8885003],[116.4190352,39.8880729],[116.419183,39.8876572],[116.4194954,39.8871058],[116.4203751,39.8853851],[116.4205326,39.8850309],[116.4206607,39.8846108],[116.420694,39.8843078],[116.4207148,39.8836561],[116.4207358,39.8829953],[116.4213422,39.8715643],[116.4215689,39.8661768],[116.4215898,39.8655196],[116.4216106,39.8648677],[116.4216805,39.8610268],[116.4217129,39.8582193],[116.4217406,39.8576998],[116.4217596,39.8573401],[116.4218035,39.8564426],[116.4220195,39.8491547],[116.4220522,39.8487463],[116.4221309,39.8483862],[116.4222208,39.8480389],[116.4223601,39.8478233],[116.4224748,39.8475722],[116.4226107,39.847342],[116.4227182,39.8471699],[116.4228693,39.8469921],[116.4230343,39.8468144],[116.4232007,39.8466581],[116.4234524,39.8464754],[116.4237163,39.8463068],[116.4240611,39.846158],[116.4245244,39.8460356],[116.4250445,39.8459466],[116.4255746,39.84588],[116.4263787,39.8458116],[116.427318,39.8457532],[116.4282359,39.8457533]]},"properties":{"line_key":"5","name":"5号线","name_zh":"5号线","name_en":null,"ref":"5","osm_relation":1721064,"osm_name":"地铁 5号线: 天通苑北 → 宋家庄","station_count":23,"way_count":11,"note":"","coord_system":"GCJ-02"}},{"type":"Feature","geometry":{"type":"LineString","coordinates":[[116.1589534,39.9232346],[116.1612508,39.923232],[116.1616004,39.9232317],[116.1628649,39.9232302],[116.1650196,39.9232383],[116.1660463,39.9232422],[116.1685115,39.9232018],[116.1694013,39.9232635],[116.1702325,39.9234181],[116.1713468,39.9236533],[116.1731048,39.9239634],[116.1742632,39.9244321],[116.1748203,39.9247387],[116.1759065,39.9251893],[116.1767075,39.9254076],[116.1775123,39.925627],[116.1785736,39.9259163],[116.1792282,39.9260827],[116.1815387,39.9266703],[116.1840509,39.9272986],[116.1857029,39.9277069],[116.187355,39.9281152],[116.192076,39.9293211],[116.1927612,39.9294904],[116.1957462,39.9302278],[116.1973728,39.9306775],[116.1983841,39.9312106],[116.1996951,39.9318788],[116.20038,39.9323878],[116.2005406,39.9327125],[116.2006905,39.9330578],[116.2009847,39.9334152],[116.2011988,39.9336041],[116.2016644,39.9338707],[116.2021566,39.9340138],[116.2027399,39.9340745],[116.2034249,39.9340323],[116.2043869,39.9339035],[116.2053085,39.9337887],[116.2067137,39.9336677],[116.2077326,39.9336285],[116.2096578,39.9334917],[116.2104834,39.9334147],[116.2116993,39.9332329],[116.2140969,39.9332776],[116.2169789,39.9331374],[116.2216245,39.9329045],[116.2233341,39.9328295],[116.2238875,39.932811],[116.2249154,39.932789],[116.2260118,39.9326136],[116.2269506,39.9325976],[116.228413,39.9326528],[116.2291301,39.9327363],[116.2297091,39.9327498],[116.2305828,39.9327397],[116.2316556,39.9326003],[116.2325995,39.9323547],[116.2334311,39.931942],[116.2342783,39.9314706],[116.2352533,39.9309666],[116.2364431,39.9303516],[116.2373593,39.9300096],[116.2380236,39.9298158],[116.2386399,39.9297413],[116.2410244,39.9296124],[116.2437629,39.9295453],[116.2469683,39.9295441],[116.2482882,39.9295493],[116.2518254,39.9295635],[116.2529246,39.9295664],[116.2533697,39.9295674],[116.2556907,39.9294707],[116.2597524,39.9292566],[116.2631987,39.9291536],[116.2644348,39.9291056],[116.2651657,39.9291058],[116.2664561,39.9292793],[116.267521,39.9295911],[116.2685951,39.9301589],[116.2695067,39.9307267],[116.269985,39.930983],[116.2708605,39.9313501],[116.2721604,39.9317522],[116.2740019,39.9322377],[116.274841,39.9324296],[116.2755152,39.9325003],[116.2769303,39.9325566],[116.2781263,39.9326043],[116.2782465,39.9326089],[116.2788752,39.9326294],[116.2799011,39.9326689],[116.2810073,39.9327029],[116.2813873,39.9327334],[116.281747,39.9327749],[116.2820115,39.9327923],[116.2823792,39.9328009],[116.283209,39.9327852],[116.2840709,39.9327697],[116.285149,39.9327557],[116.286278,39.9327515],[116.2875912,39.9327529],[116.2919582,39.9327583],[116.2946453,39.93276],[116.2951204,39.9327626],[116.2954065,39.932765],[116.2960827,39.9327662],[116.3000022,39.9326569],[116.3081795,39.9323279],[116.3089431,39.9323367],[116.3097357,39.9323366],[116.3101964,39.9323418],[116.317585,39.932427],[116.3234761,39.9325005],[116.3247205,39.9325016],[116.3255768,39.9325023],[116.3290161,39.9324419],[116.3322929,39.9323493],[116.3334423,39.9323545],[116.3347907,39.9323606],[116.3382501,39.9323604],[116.3441515,39.9323563],[116.3445031,39.932356],[116.3516008,39.9323298],[116.3539502,39.9323175],[116.3548123,39.9322998],[116.3563097,39.9322853],[116.3567161,39.9322607],[116.3612344,39.9322549],[116.3688333,39.9324982],[116.3713863,39.9326607],[116.377405,39.9327226],[116.3794713,39.9328712],[116.3805979,39.932952],[116.3842197,39.9330902],[116.386455,39.9331758],[116.3867948,39.933184],[116.3915172,39.9333792],[116.3931863,39.9334248],[116.3969658,39.9334202],[116.4014104,39.9332894],[116.4029215,39.9329983],[116.4037996,39.9328291],[116.4047134,39.932593],[116.4050935,39.9324921],[116.405432,39.9321754],[116.4056383,39.9317965],[116.4057729,39.9258826],[116.4059323,39.9250789],[116.4061924,39.9246716],[116.4064459,39.9244073],[116.4067038,39.9242723],[116.4070346,39.9242058],[116.4095638,39.9242813],[116.4119717,39.9242838],[116.4164943,39.9243188],[116.4331155,39.9244393],[116.4336301,39.9244237],[116.4340853,39.9244098],[116.4388694,39.9242633],[116.4517559,39.9227921],[116.461684,39.9232612],[116.4635381,39.9232122],[116.4785884,39.9228106],[116.4959348,39.9227891],[116.5016011,39.9227961],[116.5037393,39.9227954],[116.5156644,39.9227436],[116.5161242,39.9227679],[116.5170986,39.9228379],[116.5175872,39.9228731],[116.5201259,39.9230893],[116.5221149,39.9235316],[116.5225341,39.9235824],[116.5238459,39.9235558],[116.5258041,39.9235242],[116.5382146,39.9233254],[116.5403667,39.9232913],[116.543344,39.9232501],[116.5501761,39.9234078],[116.5602165,39.9236912],[116.5641881,39.9237121],[116.5694565,39.9237408],[116.5772838,39.9237281],[116.5777947,39.9237471],[116.5788933,39.9238279],[116.579856,39.923883],[116.5955568,39.9250581],[116.5978393,39.9252297],[116.5994304,39.9253046],[116.6015363,39.9257417],[116.6043866,39.92584],[116.6052383,39.9258732],[116.6055648,39.9258735],[116.6058915,39.9258536],[116.6062139,39.925816],[116.6065273,39.9257638],[116.6068273,39.9256994],[116.6071092,39.9256257],[116.6073687,39.9255456],[116.6076011,39.9254616],[116.607802,39.9253766],[116.6079667,39.9252933],[116.6081024,39.9252167],[116.6082245,39.9251477],[116.60834,39.9250822],[116.6084563,39.9250163],[116.6085808,39.9249459],[116.6087207,39.9248672],[116.6088835,39.9247763],[116.6090763,39.924669],[116.6093066,39.9245416],[116.6095818,39.92439],[116.6098978,39.9242351],[116.6102428,39.9241012],[116.6106117,39.9239891],[116.6109995,39.9238999],[116.6114015,39.9238347],[116.6118125,39.9237942],[116.6122276,39.9237795],[116.6126417,39.9237916],[116.6130501,39.9238315],[116.6134476,39.9239001],[116.6137946,39.923974],[116.6140647,39.9240317],[116.6142727,39.924076],[116.6144333,39.9241101],[116.6145612,39.9241373],[116.6146713,39.9241607],[116.6147783,39.9241833],[116.614897,39.9242085],[116.6150422,39.9242392],[116.6152287,39.9242787],[116.6161218,39.9244666],[116.6169655,39.9246571],[116.6174813,39.9247663],[116.6178962,39.9248541],[116.6179956,39.924875],[116.6185009,39.9249817],[116.6189893,39.9250845],[116.6194531,39.925182],[116.6198845,39.9252724],[116.6202758,39.9253542],[116.6206194,39.9254256],[116.6209072,39.9254851],[116.6211318,39.925531],[116.6213314,39.92557],[116.6215485,39.9256103],[116.621782,39.9256516],[116.6220305,39.9256942],[116.6222926,39.9257381],[116.6225668,39.9257832],[116.6228518,39.9258297],[116.6231463,39.9258778],[116.6234489,39.9259272],[116.6237583,39.9259782],[116.6240823,39.9260329],[116.6244247,39.9260925],[116.6247774,39.9261551],[116.6251323,39.9262192],[116.6254813,39.9262828],[116.6258164,39.9263445],[116.6261295,39.9264023],[116.6264125,39.9264546],[116.6266574,39.9264996],[116.6268561,39.9265357],[116.6270666,39.9265711],[116.6273433,39.9266137],[116.627673,39.9266607],[116.6280419,39.9267096],[116.628274,39.9267379],[116.628437,39.9267576],[116.6288445,39.9268024],[116.6292514,39.9268409],[116.629644,39.9268706],[116.6300062,39.9268839],[116.6303302,39.9268789],[116.6328277,39.9268604],[116.639328,39.926962],[116.643817,39.9268122],[116.6484279,39.9267331],[116.6525882,39.9265752],[116.6559627,39.9262742],[116.6577664,39.9258794],[116.658864,39.9255391],[116.6598996,39.9246967],[116.6606513,39.9225577],[116.6608848,39.9212999],[116.6611032,39.9199416],[116.6613431,39.9185573],[116.6615778,39.9172028],[116.6619956,39.9163589],[116.6626394,39.9155039],[116.6646478,39.9146504],[116.6671015,39.9142255],[116.6693197,39.913236],[116.6694832,39.9131631],[116.6708453,39.9123207],[116.6728111,39.911055],[116.6754082,39.9093829],[116.6828161,39.9047733],[116.6844587,39.9038433],[116.6852393,39.9034342],[116.6859769,39.9032179],[116.6881361,39.9028843],[116.6902654,39.9025551],[116.7026186,39.9027212],[116.7067473,39.9031983],[116.7078274,39.9032123],[116.7088806,39.9032147],[116.7153058,39.9031983],[116.7173933,39.9032882],[116.7192636,39.9033685],[116.7319357,39.9034012],[116.7334978,39.9033993],[116.7350542,39.9033974],[116.7427767,39.9034728],[116.744005,39.9034408],[116.7451039,39.9032623],[116.7479586,39.9027463],[116.7508086,39.9022308],[116.7525105,39.9019073],[116.7536478,39.9016532],[116.7542981,39.9015088],[116.7548282,39.9013424],[116.7553532,39.9011442],[116.7559235,39.9009101],[116.7564195,39.9006353],[116.7569085,39.9003075],[116.7572282,39.9000694],[116.7575526,39.8997929],[116.7577744,39.8995624],[116.757932,39.8993212],[116.7580341,39.8991129],[116.7581141,39.8988902],[116.7581777,39.8986282],[116.7582078,39.8983692],[116.7582242,39.8979849],[116.7582295,39.897563],[116.7577332,39.894672],[116.7575102,39.8933738],[116.7569373,39.8901359]]},"properties":{"line_key":"6","name":"6号线","name_zh":"6号线","name_en":"Subway 6: Jinanqiao → Luyang","ref":"6","osm_relation":4625141,"osm_name":"地铁 6号线: 金安桥 → 潞阳","station_count":36,"way_count":9,"note":"","coord_system":"GCJ-02"}},{"type":"Feature","geometry":{"type":"LineString","coordinates":[[116.3211547,39.8948267],[116.3211723,39.8933305],[116.3211847,39.8929318],[116.3215022,39.8919252],[116.3221363,39.8912434],[116.3228165,39.8907149],[116.3231779,39.8905008],[116.3239427,39.8902844],[116.3243886,39.8902294],[116.3262871,39.8902128],[116.3274837,39.8902024],[116.3293121,39.890172],[116.3327244,39.8899457],[116.3348884,39.8896604],[116.336294,39.8895205],[116.3378369,39.889496],[116.3386699,39.8894829],[116.3480338,39.8896584],[116.3568666,39.889823],[116.3578678,39.8898055],[116.3590092,39.8898473],[116.3594493,39.8898406],[116.3715805,39.8892931],[116.3737196,39.8892926],[116.3752683,39.8892921],[116.3798721,39.8894333],[116.38295,39.8896985],[116.3836199,39.8897273],[116.3841078,39.8897483],[116.3887452,39.8899055],[116.3923955,39.8903161],[116.3964928,39.8907977],[116.399324,39.8914495],[116.4002391,39.8916576],[116.4004723,39.8917133],[116.4026995,39.8922449],[116.4036332,39.8924181],[116.4045909,39.892478],[116.4094485,39.8926513],[116.4188655,39.8930431],[116.4309966,39.8936052],[116.4314732,39.8936006],[116.4339521,39.8936367],[116.4366292,39.8936753],[116.4371301,39.8936768],[116.4431062,39.8936683],[116.4477131,39.8936319],[116.4480423,39.8936049],[116.4492426,39.8935914],[116.4514402,39.8935664],[116.4523816,39.8935891],[116.4613905,39.8933694],[116.4775436,39.8931609],[116.4865452,39.893411],[116.4874228,39.89341],[116.4882619,39.893409],[116.4908007,39.8932408],[116.4922038,39.8930682],[116.4932229,39.8928516],[116.4942686,39.8926677],[116.4955662,39.8925589],[116.4960824,39.8925573],[116.4997363,39.8925456],[116.5006686,39.8924127],[116.5011914,39.8922714],[116.5020024,39.8917676],[116.5027812,39.8909763],[116.5031926,39.8901507],[116.5032611,39.8900133],[116.5034531,39.8892566],[116.5034827,39.8861674],[116.5034638,39.885229],[116.5034464,39.8843706],[116.5034904,39.8829417],[116.5036183,39.8791927],[116.5035579,39.8781874],[116.5034522,39.8778622],[116.5027353,39.8768413],[116.5019891,39.8757337],[116.5013218,39.8746755],[116.5007431,39.8734575],[116.5003876,39.8726537],[116.4999932,39.8707342],[116.499333,39.8678018],[116.4990474,39.86692],[116.4987746,39.8660772],[116.4985006,39.8650972],[116.4984151,39.8643575],[116.4985538,39.863576],[116.4988844,39.8626952],[116.4992257,39.8620858],[116.4999406,39.8613601],[116.5007835,39.8610781],[116.5072389,39.8607133],[116.5102396,39.8607111],[116.5116918,39.8607384],[116.5133622,39.8607138],[116.5136765,39.8607044],[116.5191771,39.8605396],[116.5219389,39.8602175],[116.5262368,39.859627],[116.5268617,39.8594997],[116.5282173,39.8592232],[116.5294342,39.8589442],[116.5300542,39.858802],[116.5315134,39.8583682],[116.5336214,39.8573675],[116.5357383,39.856239],[116.5364355,39.8558674],[116.5374594,39.8553574],[116.5386205,39.8547945],[116.5397747,39.8542054],[116.5400581,39.8540608],[116.5432234,39.8524457],[116.5480042,39.8497872],[116.5500049,39.8491457],[116.5517123,39.8490156],[116.5533671,39.8489848],[116.5554564,39.8489625],[116.5588078,39.8489603],[116.5598115,39.8490668],[116.5607568,39.8493858],[116.5620719,39.8506392],[116.5633522,39.8538396],[116.5647146,39.8549981],[116.566441,39.8559302],[116.5674394,39.8562358],[116.5687549,39.856446],[116.5699131,39.8565472],[116.5712217,39.8566532],[116.5764636,39.8569701],[116.5840487,39.85739],[116.5985619,39.8586831],[116.6004247,39.8588012],[116.6008378,39.8588275],[116.6107674,39.8592976],[116.6163398,39.8595226],[116.6198352,39.8602231],[116.6215463,39.8605501],[116.6250245,39.8616561],[116.6270189,39.8625781],[116.6290973,39.8631429],[116.6312759,39.8634075],[116.6318213,39.8634575],[116.6325186,39.8634497],[116.6567693,39.863377],[116.6583986,39.8633724],[116.6688933,39.8633713],[116.6706149,39.8633692],[116.6789273,39.8633742],[116.6790918,39.8633739],[116.6792805,39.8633708],[116.6794895,39.8633647],[116.6797147,39.8633551],[116.6799519,39.8633413],[116.6801971,39.8633233],[116.6804463,39.8633004],[116.6806954,39.8632721],[116.6809403,39.8632382],[116.6811769,39.8631983],[116.6813938,39.8631539],[116.6815875,39.8631078],[116.6817656,39.8630606],[116.6819356,39.863013],[116.6821049,39.8629656],[116.6822812,39.862919],[116.6824719,39.8628741],[116.6826847,39.8628314],[116.682927,39.8627915],[116.6832065,39.8627551],[116.685426,39.862511],[116.6862482,39.8624206],[116.6871093,39.8623259],[116.6873949,39.8623018],[116.6876538,39.8622907],[116.6878912,39.86229],[116.6881127,39.8622974],[116.6883239,39.8623105],[116.6885301,39.8623268],[116.6887369,39.8623438],[116.6889497,39.8623592],[116.6891739,39.8623704],[116.6894151,39.8623752],[116.6896495,39.8623761],[116.6898545,39.8623775],[116.6900368,39.8623791],[116.6902036,39.8623811],[116.6903617,39.8623833],[116.6905182,39.8623856],[116.6906798,39.8623878],[116.6908536,39.8623899],[116.6910466,39.8623917],[116.6912656,39.8623932],[116.6915234,39.8623981],[116.691823,39.8624061],[116.6921571,39.8624112],[116.6925183,39.8624071],[116.6928995,39.8623878],[116.6932933,39.8623471],[116.6936924,39.8622788],[116.6940896,39.8621771],[116.6944774,39.8620355],[116.6948486,39.8618479],[116.6951897,39.8616138],[116.695487,39.8613366],[116.6957333,39.8610168],[116.6959212,39.8606546],[116.6960436,39.8602505],[116.6960932,39.8598047],[116.6960626,39.8593178],[116.6959449,39.8587899],[116.6957323,39.8582216],[116.6954181,39.8576234],[116.6948272,39.8565984],[116.6936995,39.8546746],[116.6919665,39.8518705],[116.6916058,39.8513712],[116.6911768,39.8509297],[116.690686,39.8505449],[116.6901401,39.8502157],[116.6895458,39.8499411],[116.6889097,39.8497199],[116.6882385,39.8495512],[116.6875389,39.8494337],[116.6868173,39.8493665],[116.6860806,39.8493485],[116.6826954,39.8493723],[116.6814788,39.8493807],[116.6794453,39.8493824]]},"properties":{"line_key":"7","name":"7号线","name_zh":"7号线","name_en":null,"ref":"7","osm_relation":4623397,"osm_name":"地铁 7号线: 北京西站 → 环球度假区","station_count":30,"way_count":8,"note":"","coord_system":"GCJ-02"}},{"type":"Feature","geometry":{"type":"LineString","coordinates":[[116.3136802,40.1042668],[116.3140609,40.1031218],[116.3145801,40.1014517],[116.3149306,40.1003748],[116.3153438,40.0991694],[116.3155016,40.09879],[116.3158234,40.0981841],[116.316059,40.0978016],[116.3176067,40.0952478],[116.3191549,40.0927392],[116.3214763,40.0888787],[116.3217305,40.0886081],[116.3219837,40.0882971],[116.3223935,40.0880718],[116.3228899,40.0879238],[116.3237846,40.0878019],[116.3242618,40.0877365],[116.3247137,40.0877073],[116.3251715,40.0876958],[116.3265914,40.0878014],[116.3266641,40.0878079],[116.3292799,40.0881523],[116.3324344,40.0885522],[116.3355629,40.0889495],[116.3404943,40.0894479],[116.3456144,40.0897744],[116.3488943,40.0899071],[116.3504583,40.0899972],[116.3519411,40.0900699],[116.3526701,40.090081],[116.3531246,40.0900881],[116.3536534,40.0900869],[116.3542618,40.0901149],[116.3549605,40.0901508],[116.3557381,40.0902006],[116.3565237,40.090276],[116.3573004,40.0903458],[116.3580406,40.0904035],[116.3587163,40.0904424],[116.3593002,40.0904561],[116.3597643,40.090438],[116.3601635,40.0903951],[116.3605643,40.0903358],[116.3609564,40.0902547],[116.3613298,40.0901467],[116.3616745,40.0900066],[116.3619803,40.0898289],[116.3622371,40.0896088],[116.3624349,40.0893409],[116.3625635,40.0890199],[116.3626129,40.0886408],[116.3626208,40.0882414],[116.3626317,40.0878612],[116.3626458,40.0874968],[116.3626631,40.0871448],[116.3626839,40.0868021],[116.3627082,40.0864653],[116.3627363,40.0861311],[116.3627681,40.0857962],[116.3628038,40.0854574],[116.3628436,40.0851113],[116.3628863,40.0847693],[116.3629301,40.0844446],[116.3629742,40.0841374],[116.3630176,40.083847],[116.3630598,40.0835734],[116.3630995,40.0833163],[116.3631362,40.0830754],[116.3631691,40.0828506],[116.3631971,40.0826415],[116.3632195,40.0824479],[116.3632377,40.0822733],[116.3632539,40.0821208],[116.3632681,40.0819894],[116.3632804,40.0818783],[116.3632906,40.0817866],[116.3632989,40.0817136],[116.363307,40.0816427],[116.3633099,40.0816199],[116.3633126,40.0815974],[116.3633656,40.0810949],[116.3634295,40.0804942],[116.3636234,40.0786669],[116.3638315,40.0774471],[116.3639571,40.0762206],[116.3638457,40.0746108],[116.3634854,40.074099],[116.3628866,40.073484],[116.3601496,40.0718961],[116.3585368,40.0709808],[116.3563221,40.0701776],[116.347957,40.0653817],[116.3471535,40.0647699],[116.3469712,40.0644979],[116.3468173,40.064031],[116.3472753,40.0596917],[116.3473316,40.0587293],[116.3474186,40.0581968],[116.3507446,40.0486798],[116.3509791,40.0480662],[116.3512809,40.0474075],[116.3529385,40.0437253],[116.3536641,40.0416453],[116.3544648,40.038029],[116.3547974,40.036621],[116.3577088,40.0305063],[116.3581441,40.0292011],[116.358815,40.0280889],[116.3593851,40.0276721],[116.3691114,40.022601],[116.3701176,40.0222136],[116.3719404,40.0219372],[116.3730207,40.0219304],[116.3739795,40.0219179],[116.3820115,40.0216852],[116.3841445,40.0211691],[116.3909197,40.0181344],[116.3918431,40.0175157],[116.3920951,40.0171947],[116.392262,40.0166243],[116.3923537,40.0157805],[116.3923734,40.0154721],[116.3924603,40.0147987],[116.3924231,40.0132955],[116.3925036,40.0117004],[116.3925424,40.0105983],[116.393001,40.0007264],[116.3937244,39.9855348],[116.3938507,39.9825776],[116.394048,39.9778007],[116.3940907,39.9769291],[116.3941204,39.9765382],[116.3942042,39.975433],[116.3945085,39.9685166],[116.3947407,39.9632353],[116.394753,39.9569713],[116.3946949,39.9559239],[116.3945323,39.9548163],[116.3943639,39.9525812],[116.3940218,39.9502676],[116.3938182,39.9481309],[116.3938641,39.946639],[116.3943953,39.9427734],[116.3945136,39.9423119],[116.3945898,39.9420297],[116.3951429,39.9409607],[116.3956966,39.9401708],[116.3960279,39.9397005],[116.3961769,39.9390814],[116.3962489,39.9379095],[116.396283,39.9373542],[116.3963104,39.9368545],[116.3963512,39.9367121],[116.3965705,39.935653],[116.3967269,39.9353588],[116.3968276,39.9352111],[116.3970743,39.934896],[116.3978314,39.9345193],[116.3989512,39.9341917],[116.4005258,39.9338575],[116.401731,39.9336761],[116.4039362,39.9336785],[116.4050303,39.9336819],[116.405789,39.9336726],[116.4070604,39.9335946],[116.4080475,39.9333972],[116.4084474,39.9332508],[116.4086901,39.9330589],[116.4087888,39.9327331],[116.408819,39.9322328],[116.408847,39.9314213],[116.4088905,39.9311837],[116.4089897,39.9308156],[116.4092283,39.9303302],[116.4094508,39.9298324],[116.4096438,39.9293655],[116.4099134,39.9288201],[116.4102651,39.9280556],[116.4105041,39.9275885],[116.4106303,39.9272391],[116.4106845,39.926945],[116.4107377,39.9245794],[116.4107481,39.9235735],[116.4107791,39.9205759],[116.4109589,39.9185951],[116.4110926,39.915574],[116.4113918,39.9087109],[116.4113912,39.9084459],[116.4114536,39.9076341],[116.4117267,39.9041669],[116.4117294,39.9035435],[116.4116381,39.9030743],[116.4113859,39.9025579],[116.4111231,39.9022039],[116.410796,39.9019015],[116.4104768,39.9016648],[116.410061,39.9014282],[116.4094764,39.9012205],[116.40894,39.9011011],[116.4085564,39.9010476],[116.4079906,39.9010311],[116.4069758,39.9010031],[116.405174,39.900966],[116.4043465,39.9009237],[116.4038582,39.9008608],[116.403115,39.9006878],[116.4026241,39.9005302],[116.4019802,39.9002337],[116.4013053,39.8998292],[116.3998543,39.8989208],[116.3991049,39.898428],[116.3987882,39.8981624],[116.3984447,39.8977815],[116.3982084,39.8973308],[116.3980635,39.896845],[116.3980406,39.8961159],[116.398398,39.889428],[116.398406,39.8892469],[116.3985529,39.8837741],[116.3986626,39.8815181],[116.3987296,39.8802502],[116.3987241,39.8791612],[116.3985737,39.8781731],[116.3976714,39.873438],[116.3976096,39.8730159],[116.3975908,39.8726166],[116.3976498,39.872209],[116.3977678,39.8718055],[116.3979663,39.8714124],[116.3983071,39.8709143],[116.3984493,39.8707209],[116.3988973,39.8700417],[116.3990744,39.8695889],[116.3991575,39.869136],[116.3991386,39.8685225],[116.3991333,39.8682877],[116.3991451,39.8667035],[116.3991947,39.8656442],[116.3992697,39.8649442],[116.399436,39.8641989],[116.399495,39.8639211],[116.3996438,39.8632313],[116.3996692,39.8628546],[116.3996074,39.8620742],[116.3995751,39.8618518],[116.3995242,39.8614564],[116.3994314,39.8605864],[116.3993307,39.8590493],[116.39925,39.8579682],[116.3992418,39.8573402],[116.3992794,39.8567843],[116.3994269,39.8561522],[116.3996093,39.8555901],[116.3997112,39.8552936],[116.4000465,39.8541817],[116.4001215,39.8533807],[116.4002103,39.8515082],[116.4002203,39.8513083],[116.4004186,39.8474911],[116.4005178,39.8454142],[116.4005939,39.8438222],[116.4007771,39.8401098],[116.401024,39.836413],[116.4010477,39.8357556],[116.4010663,39.8349111],[116.4009588,39.83405],[116.4008193,39.833292],[116.4007226,39.8325256],[116.4007064,39.8320251],[116.400768,39.8311784],[116.4013899,39.8261193],[116.4014997,39.8248606],[116.4017859,39.8184801],[116.4020028,39.8144078],[116.402013,39.814229],[116.4020737,39.8130036],[116.4022945,39.8085096],[116.4023857,39.8078255],[116.402525,39.8073371],[116.4027021,39.8069992],[116.40293,39.8066489],[116.4033271,39.8062431],[116.4036999,39.8059237],[116.4040782,39.8056868],[116.4045074,39.8054665],[116.4051914,39.8052296],[116.4056045,39.8051369],[116.4061731,39.8050566],[116.4067888,39.8050351],[116.4100176,39.8051258],[116.4127948,39.8052027],[116.4137815,39.8052025],[116.4144946,39.8050869],[116.4151595,39.8048827],[116.4155509,39.8047136],[116.4160255,39.804425],[116.4163337,39.8041982],[116.4166178,39.8039405],[116.4169315,39.8035551],[116.4171459,39.8032478],[116.4174782,39.8027326],[116.4177275,39.8023533],[116.4179178,39.8019719],[116.4180732,39.8015824],[116.4182312,39.8010217],[116.4187089,39.798804],[116.4191073,39.797052],[116.4201465,39.7910723],[116.4202247,39.7906247],[116.4205643,39.7886811],[116.4206741,39.788075],[116.4208457,39.7876276],[116.4211136,39.7871513],[116.4214739,39.7866677],[116.421896,39.7862521],[116.4227348,39.7856476],[116.4241067,39.7847583],[116.4243077,39.7846255],[116.425275,39.7839865],[116.4267003,39.7831402],[116.4274397,39.7827005],[116.4283907,39.7820792],[116.4324834,39.7791598],[116.433236,39.7786275],[116.4347249,39.777628],[116.4354092,39.7771322],[116.4393463,39.7743277],[116.440078,39.7738086],[116.44091,39.7731582],[116.4421542,39.7722711],[116.4429338,39.7717449],[116.4436931,39.7712512],[116.4445904,39.7706033],[116.4449318,39.7703201],[116.445335,39.7699192],[116.4456184,39.7695607],[116.4458617,39.76916],[116.4464392,39.768132],[116.4466861,39.767611],[116.4470456,39.7668156],[116.4474088,39.7658355],[116.4476267,39.7651858],[116.4477393,39.7648077],[116.4479215,39.7642939],[116.4480525,39.7636379],[116.4481649,39.7631799],[116.4483748,39.7624599],[116.4491084,39.7601675],[116.4491841,39.75992]]},"properties":{"line_key":"8","name":"8号线","name_zh":"8号线","name_en":null,"ref":"8","osm_relation":1721068,"osm_name":"地铁 8号线: 朱辛庄 → 瀛海","station_count":35,"way_count":12,"note":"","coord_system":"GCJ-02"}},{"type":"Feature","geometry":{"type":"LineString","coordinates":[[116.3251337,39.9431285],[116.3252229,39.9424512],[116.3254487,39.9384801],[116.3253951,39.9355874],[116.3254032,39.9355374],[116.3254215,39.933687],[116.3257716,39.9247648],[116.3257537,39.92387],[116.3258426,39.9160039],[116.3258401,39.9159095],[116.3258316,39.9158243],[116.32581,39.9156917],[116.3257722,39.9155312],[116.3257041,39.9153229],[116.3256129,39.915099],[116.3255538,39.9149729],[116.3254661,39.9148092],[116.3253618,39.9146478],[116.3251688,39.9143548],[116.3248946,39.9139447],[116.3247685,39.9137672],[116.3247142,39.9137008],[116.3246565,39.9136397],[116.3245636,39.9135547],[116.3245073,39.9135075],[116.3244759,39.9134812],[116.3243763,39.9134119],[116.3234999,39.9128361],[116.3230974,39.9125489],[116.3229439,39.9124205],[116.3228146,39.9123105],[116.3224446,39.9119643],[116.3222961,39.911786],[116.322199,39.9116437],[116.3218296,39.9109632],[116.3217412,39.9107501],[116.3216891,39.9105717],[116.3216681,39.9104443],[116.3216637,39.9103737],[116.3216666,39.9080829],[116.3216633,39.9080558],[116.3216597,39.9080297],[116.3216498,39.9079953],[116.3216354,39.907963],[116.3213758,39.907548],[116.3211829,39.9072359],[116.321159,39.9072006],[116.3211459,39.9071754],[116.3211353,39.9071448],[116.32113,39.9071066],[116.3211296,39.90706],[116.32114,39.9010139],[116.3211353,39.8975128],[116.3210481,39.8959492],[116.3210377,39.8957959],[116.3210137,39.89544],[116.3210241,39.8948298],[116.32103,39.8940229],[116.3211634,39.8918335],[116.3211642,39.8917714],[116.3211512,39.8916934],[116.3211334,39.891575],[116.3210789,39.8912168],[116.3210598,39.8911236],[116.3210492,39.891069],[116.3210318,39.8909947],[116.3210162,39.8909514],[116.3210005,39.8909066],[116.320762,39.8902061],[116.3207036,39.8900785],[116.3206353,39.889969],[116.3205589,39.8898655],[116.3204517,39.8897558],[116.3203432,39.8896547],[116.3202194,39.8895581],[116.3200848,39.8894657],[116.3199728,39.8893879],[116.3197809,39.8892788],[116.3196133,39.889187],[116.3194161,39.8890879],[116.3178114,39.8883552],[116.3148725,39.8870135],[116.3135716,39.886402],[116.3132965,39.8862436],[116.3132407,39.8862012],[116.313183,39.8861573],[116.310857,39.883903],[116.3107531,39.8838181],[116.3105942,39.8837222],[116.310436,39.8836274],[116.3076206,39.8822819],[116.3041659,39.8806089],[116.3020102,39.8796289],[116.3017303,39.8795163],[116.3015497,39.8794474],[116.2991116,39.8786592],[116.2967735,39.8779113],[116.2966602,39.877857],[116.296539,39.8777968],[116.2953604,39.8770217],[116.2952585,39.8769158],[116.2951871,39.8768194],[116.2951388,39.8767287],[116.2950846,39.876616],[116.2950412,39.8764806],[116.2950054,39.8763439],[116.2949511,39.8761143],[116.2947958,39.8751243],[116.2942553,39.8681429],[116.2942065,39.8672685],[116.2937612,39.8554125],[116.2937469,39.8536462],[116.2963064,39.8427593],[116.296483,39.8408112],[116.2966013,39.8395658],[116.2973651,39.8336362],[116.2974272,39.8330948],[116.2974103,39.832129],[116.2973734,39.8309082],[116.2973553,39.8303076],[116.297241,39.8264505],[116.2972539,39.8252266],[116.2976113,39.8229089],[116.2979152,39.8209732],[116.2989492,39.8201656],[116.3003442,39.8192735],[116.3016877,39.8183244],[116.3018101,39.8181691],[116.3019088,39.8178964],[116.3019899,39.8174924],[116.3020047,39.8170785],[116.3020153,39.8163948],[116.3020238,39.8158449],[116.3020426,39.8146286]]},"properties":{"line_key":"9","name":"9号线","name_zh":"9号线","name_en":null,"ref":"9","osm_relation":2674583,"osm_name":"地铁 9号线: 国家图书馆 → 郭公庄","station_count":13,"way_count":6,"note":"","coord_system":"GCJ-02"}},{"type":"Feature","geometry":{"type":"LineString","coordinates":[[116.3151479,39.8445284],[116.313186,39.8445327],[116.3098927,39.8445924],[116.3090963,39.8447077],[116.3082953,39.8449138],[116.3076948,39.8452189],[116.3072124,39.8455795],[116.3068301,39.8460312],[116.3060907,39.8473812],[116.305857,39.8478854],[116.3052744,39.8490517],[116.3045974,39.8503302],[116.3043071,39.8511179],[116.3042548,39.8520482],[116.3042166,39.8527169],[116.3043724,39.8538194],[116.3045531,39.8549554],[116.3045827,39.8557617],[116.3043656,39.8584579],[116.3043158,39.859712],[116.3043097,39.8598081],[116.3041227,39.8627749],[116.3039941,39.8655503],[116.3039119,39.8672093],[116.3036254,39.8695526],[116.3035766,39.8722979],[116.3035537,39.8744699],[116.3035275,39.8750534],[116.303248,39.8770372],[116.3029211,39.8801489],[116.3028394,39.8818898],[116.302807,39.883462],[116.302858,39.8879688],[116.3028895,39.8903793],[116.3028662,39.8916929],[116.3030852,39.8922805],[116.3038717,39.8930919],[116.3045642,39.8935549],[116.3057305,39.8940363],[116.3061939,39.8942828],[116.3074998,39.8946813],[116.3089075,39.8951527],[116.3094207,39.8953667],[116.3098775,39.8955571],[116.3101965,39.8958682],[116.3103992,39.896235],[116.3104688,39.8966171],[116.3104851,39.8974482],[116.310478,39.9020954],[116.3104866,39.902981],[116.3105727,39.9038242],[116.3107179,39.904894],[116.3107767,39.9055512],[116.3110623,39.906937],[116.3110543,39.9074553],[116.3110456,39.9081015],[116.3110081,39.9083935],[116.3108907,39.9087022],[116.3107713,39.9090278],[116.3106912,39.9093709],[116.3104495,39.9099651],[116.3104107,39.9101801],[116.3103338,39.9105431],[116.3103278,39.9107807],[116.3103228,39.9120678],[116.3103158,39.9132776],[116.3102382,39.9137479],[116.3100805,39.9143462],[116.3099425,39.9146635],[116.3097857,39.9150112],[116.3083426,39.9162084],[116.3065959,39.9168814],[116.304324,39.9175204],[116.300261,39.9179103],[116.2992346,39.9180377],[116.2985787,39.9185395],[116.298149,39.9190356],[116.2979188,39.9195606],[116.2977238,39.9202882],[116.2977441,39.9210615],[116.2978473,39.9230179],[116.2979099,39.9249004],[116.2979032,39.9266103],[116.2977442,39.9274519],[116.2973105,39.9285586],[116.2956793,39.9313977],[116.2956448,39.9318696],[116.2956118,39.9324103],[116.2955815,39.933335],[116.2955415,39.9341439],[116.2955144,39.9347061],[116.2955109,39.9350946],[116.2955535,39.9355938],[116.2956183,39.9360683],[116.2956992,39.936625],[116.2957126,39.9371145],[116.2956804,39.93753],[116.2956467,39.9378506],[116.295352,39.9391739],[116.2947927,39.9417331],[116.2944483,39.943209],[116.2941665,39.9443177],[116.294047,39.9453174],[116.294014,39.9463981],[116.2940946,39.9481071],[116.2940848,39.9493613],[116.2943777,39.9515392],[116.2947575,39.9534087],[116.2949198,39.9553251],[116.2949703,39.9570334],[116.2947298,39.9577382],[116.294167,39.9586609],[116.2936856,39.9595143],[116.2927001,39.9611835],[116.2915869,39.9631024],[116.2911058,39.9636444],[116.2905015,39.9643967],[116.2895589,39.9655422],[116.2888142,39.9664892],[116.2884166,39.9671093],[116.2878859,39.9680519],[116.2870768,39.9701104],[116.2868455,39.9715079],[116.2869724,39.9723828],[116.2875269,39.9732395],[116.288346,39.9738456],[116.2894625,39.9741914],[116.29053,39.9743609],[116.2910964,39.9743929],[116.2922256,39.9744568],[116.292357,39.9744643],[116.2925809,39.9744774],[116.2935807,39.9745356],[116.2945172,39.97459],[116.295038,39.9746072],[116.2955183,39.9746185],[116.3000462,39.9747641],[116.3013144,39.9748975],[116.3027533,39.9751988],[116.3038979,39.9754399],[116.3054129,39.9755878],[116.3062756,39.9756162],[116.3176336,39.9759829],[116.3184801,39.9760148],[116.329063,39.9762134],[116.333682,39.9763118],[116.3396655,39.9764227],[116.3409368,39.9763459],[116.3419451,39.9763527],[116.343013,39.9763612],[116.3482573,39.9763479],[116.3495536,39.9763093],[116.3502032,39.9762497],[116.3514815,39.9761818],[116.3520289,39.9761527],[116.3529061,39.9761427],[116.3539433,39.9761543],[116.3693008,39.9762189],[116.3711076,39.9762449],[116.3731347,39.9762633],[116.374827,39.9763437],[116.3794573,39.9764168],[116.3811697,39.9764182],[116.3824689,39.9764333],[116.3826682,39.9764356],[116.3837361,39.9765192],[116.3867557,39.9768658],[116.3884599,39.9769683],[116.3921245,39.9769955],[116.3942105,39.9770161],[116.395775,39.9770356],[116.3969827,39.9771267],[116.4046908,39.9771956],[116.4054375,39.9771909],[116.4071757,39.9771907],[116.4167541,39.9770537],[116.4174914,39.9770613],[116.4186584,39.9770779],[116.422556,39.9771676],[116.4231154,39.9771779],[116.4303125,39.9772241],[116.4367554,39.9770793],[116.437816,39.9770163],[116.4386895,39.9769572],[116.4395008,39.9767883],[116.4405916,39.97662],[116.4413493,39.9764711],[116.4423557,39.976203],[116.446499,39.9732605],[116.4473478,39.9726263],[116.4481553,39.9720149],[116.4498651,39.9707609],[116.4517497,39.9694549],[116.4558031,39.9666939],[116.4577264,39.9653872],[116.4581601,39.9650658],[116.458618,39.9646245],[116.4589046,39.9641254],[116.4590181,39.9637297],[116.4590089,39.9633244],[116.458885,39.9628982],[116.458669,39.9624441],[116.458355,39.9620593],[116.4580212,39.9616975],[116.4574564,39.9611948],[116.4568501,39.9606633],[116.4563514,39.9602258],[116.456114,39.9599166],[116.4559246,39.959645],[116.4557707,39.9593088],[116.4557042,39.9590022],[116.4556525,39.9586389],[116.4556974,39.9582463],[116.455744,39.9579396],[116.4558292,39.957539],[116.4559953,39.9571664],[116.456264,39.9567013],[116.4565893,39.9563159],[116.4569813,39.9560329],[116.4604155,39.9538127],[116.460951,39.9534065],[116.4613352,39.9530116],[116.4617334,39.9525162],[116.4620683,39.9518754],[116.4622891,39.9511741],[116.4623595,39.9505546],[116.4623705,39.949482],[116.462331,39.941591],[116.4623209,39.9404112],[116.4623163,39.9398879],[116.4614929,39.9343268],[116.461495,39.9335974],[116.4614936,39.9329991],[116.4614737,39.930172],[116.4614171,39.929233],[116.461315,39.9240442],[116.4613289,39.9233384],[116.4613667,39.9210024],[116.4614265,39.9172964],[116.4614347,39.9166289],[116.4612697,39.9099],[116.4612707,39.9092214],[116.4612638,39.9085581],[116.461276,39.8981897],[116.4612964,39.8941761],[116.4612946,39.8935131],[116.4611424,39.8844187],[116.4611235,39.882862],[116.461116,39.881551],[116.4610388,39.876203],[116.4608658,39.8703732],[116.4608634,39.8695041],[116.4607094,39.8686376],[116.4605079,39.8678557],[116.4601029,39.867092],[116.4595786,39.8663445],[116.4590493,39.8658163],[116.4530918,39.8609356],[116.4522709,39.8600588],[116.4520782,39.8595403],[116.4519826,39.8592438],[116.4519058,39.8588849],[116.4519273,39.8585948],[116.4522243,39.8573542],[116.4536714,39.8521051],[116.4536923,39.852029],[116.4545831,39.8481878],[116.454551,39.8475718],[116.4544886,39.8472697],[116.4543478,39.8470578],[116.453934,39.8466282],[116.4531178,39.8463702],[116.4525059,39.8462323],[116.4514314,39.8460829],[116.4496514,39.8459659],[116.4483336,39.8459472],[116.4431404,39.845911],[116.4404988,39.845892],[116.4378874,39.8458731],[116.4325332,39.8461554],[116.4307437,39.8462475],[116.4304791,39.8462612],[116.4278898,39.8462539],[116.4254538,39.8462466],[116.4195583,39.8462943],[116.4148887,39.845984],[116.4136417,39.8459448],[116.4124693,39.8459078],[116.4000954,39.8455037],[116.3985597,39.845473],[116.3982997,39.8454678],[116.3966849,39.8454216],[116.3964293,39.8454109],[116.3868695,39.8451645],[116.3860563,39.8451955],[116.385151,39.8452746],[116.3836788,39.845403],[116.3797919,39.8457369],[116.3793611,39.8457738],[116.3775732,39.8459272],[116.3712416,39.8458861],[116.3694932,39.8458745],[116.3530476,39.8459802],[116.3515778,39.8459832],[116.3501239,39.8459861],[116.3496601,39.8459419],[116.3492723,39.8459049],[116.3479241,39.8457763],[116.3476805,39.8457531],[116.3348667,39.8445303],[116.3334792,39.8445214],[116.3320563,39.8445123],[116.3218946,39.8445112],[116.3202365,39.8445155],[116.3169281,39.8444867],[116.3151479,39.8445284]]},"properties":{"line_key":"10","name":"10号线","name_zh":"10号线","name_en":null,"ref":"10","osm_relation":1721076,"osm_name":"地铁 10号线: 西局 → 西局（内环）","station_count":45,"way_count":10,"note":"loop","coord_system":"GCJ-02"}},{"type":"Feature","geometry":{"type":"LineString","coordinates":[[116.1648841,39.9089969],[116.1648661,39.9152105],[116.1648603,39.9162714],[116.1648225,39.9168236],[116.1647559,39.9171233],[116.1647068,39.9173551],[116.1646377,39.9175971],[116.1645054,39.9178238],[116.1643267,39.9180456],[116.1639664,39.918408],[116.1626711,39.9195375],[116.1625138,39.9196641],[116.1624031,39.9197984],[116.1620827,39.920397],[116.1619553,39.9206727],[116.1618669,39.9209118],[116.161756,39.9213241],[116.1614882,39.9222303],[116.1612396,39.9230384],[116.1611296,39.923481],[116.1610994,39.9237342],[116.1610689,39.9239512],[116.1610527,39.9241405],[116.1610098,39.9248416],[116.1610226,39.9260546],[116.1610299,39.9264321],[116.1610172,39.9266253],[116.1609515,39.9268993],[116.1608758,39.9271784],[116.1608043,39.9273218],[116.1600535,39.9289228],[116.159756,39.92949],[116.1596342,39.9296679],[116.159499,39.9298459],[116.1593152,39.9300636],[116.1579989,39.9315562],[116.1569879,39.9327124],[116.1566959,39.9330463],[116.1560951,39.9337098]]},"properties":{"line_key":"11","name":"11号线","name_zh":"11号线","name_en":null,"ref":"11","osm_relation":13623627,"osm_name":"地铁11号线: 新首钢 → 模式口","station_count":4,"way_count":1,"note":"","coord_system":"GCJ-02"}},{"type":"Feature","geometry":{"type":"LineString","coordinates":[[116.2744081,39.9437482],[116.2744822,39.9443852],[116.2745339,39.9448291],[116.2746588,39.9456324],[116.2749368,39.9477612],[116.2752413,39.9499483],[116.2755458,39.9515901],[116.2757092,39.9529568],[116.2759243,39.9542333],[116.2759648,39.9553105],[116.2760432,39.9559281],[116.2762922,39.9562959],[116.2765889,39.9564498],[116.2769508,39.9565633],[116.2772332,39.956657],[116.2775566,39.9567119],[116.2784444,39.9567814],[116.2807602,39.9569282],[116.2827602,39.9570318],[116.2879416,39.9573004],[116.2897183,39.9574965],[116.2912602,39.9577852],[116.2926595,39.958201],[116.2938983,39.9585669],[116.2941213,39.9586145],[116.2950811,39.9588195],[116.2967473,39.9590311],[116.2982117,39.9591212],[116.2999904,39.9593163],[116.3011199,39.9595244],[116.3023807,39.9598098],[116.3041895,39.9603889],[116.3077111,39.9619734],[116.3085486,39.9623502],[116.3101575,39.9630334],[116.3152469,39.9647809],[116.3182361,39.9657715],[116.3202696,39.9665028],[116.3209999,39.9667398],[116.3217651,39.9668951],[116.321877,39.9669051],[116.3227817,39.9669859],[116.3241739,39.9670353],[116.3342355,39.9674131],[116.3348926,39.9674133],[116.3367374,39.967414],[116.3376562,39.9673905],[116.3387341,39.9674344],[116.3396732,39.9674191],[116.3407915,39.967361],[116.3417392,39.9673473],[116.3433484,39.9673456],[116.3439974,39.9673542],[116.3449297,39.9673665],[116.347404,39.9674643],[116.3489516,39.967511],[116.3511038,39.9675444],[116.3526697,39.9675717],[116.3542648,39.9675735],[116.3558519,39.9675829],[116.3599124,39.9676066],[116.3628815,39.9676288],[116.3646788,39.9677173],[116.3662545,39.9677995],[116.3676721,39.9678966],[116.3692193,39.9679617],[116.3700823,39.9679909],[116.37115,39.9680272],[116.373471,39.967994],[116.3745577,39.9680201],[116.3782624,39.9680831],[116.3812977,39.9681477],[116.3820739,39.9681685],[116.3941101,39.968489],[116.3946441,39.9685031],[116.3998475,39.9686398],[116.4064995,39.9688346],[116.4072488,39.9688563],[116.4095298,39.9689222],[116.4135756,39.9690317],[116.4172688,39.9691186],[116.418056,39.9691383],[116.4182295,39.9691426],[116.4257819,39.9693399],[116.4305005,39.9693934],[116.4323304,39.969414],[116.434337,39.9694765],[116.435085,39.9694524],[116.4358436,39.9693396],[116.4365246,39.9691815],[116.4371625,39.9689496],[116.4385092,39.968168],[116.4405507,39.966863],[116.4422334,39.9657566],[116.449163,39.9611972],[116.4507188,39.9601231],[116.4516706,39.9594658],[116.452173,39.9591991],[116.452738,39.9589835],[116.4532999,39.9589083],[116.453921,39.9588838],[116.4544503,39.9588945],[116.4550723,39.9589515],[116.4556279,39.9590372],[116.456177,39.9591631],[116.4567845,39.9593211],[116.4572549,39.9595133],[116.4576922,39.9597739],[116.4579975,39.9600108],[116.4587572,39.9606961],[116.4601978,39.9619958],[116.4616226,39.9633414],[116.4640431,39.9655686],[116.4655021,39.9667654],[116.4666951,39.9675137],[116.4681029,39.968117],[116.4694743,39.9683899],[116.4714703,39.9686723],[116.4741686,39.9692497],[116.47517,39.9694892],[116.4761386,39.9697903],[116.4768772,39.9700992],[116.4775207,39.9704428],[116.4780276,39.9707702],[116.4797031,39.972315],[116.4801019,39.9726746],[116.4844796,39.9766229],[116.4876441,39.9794903],[116.4881489,39.9798844],[116.4883979,39.980033],[116.4886838,39.9801432],[116.488932,39.9801983],[116.4893369,39.9802421],[116.4901574,39.9803183],[116.4911123,39.9803443],[116.4916295,39.9803584],[116.497123,39.9803128],[116.5010952,39.9803354],[116.5055068,39.980349],[116.5067755,39.9803529],[116.5078466,39.9804149],[116.5087545,39.9805203],[116.5095645,39.9807433],[116.510294,39.9810143],[116.5107493,39.9812349],[116.5116668,39.9817418],[116.5122668,39.9819842],[116.5128461,39.9821176],[116.5135307,39.9821746],[116.514222,39.9821191],[116.5147839,39.9819569],[116.5157775,39.9815516],[116.5188797,39.9800966],[116.5211717,39.9788644],[116.5233846,39.9779282],[116.5279469,39.9765688],[116.5307027,39.9758367],[116.5333591,39.9747724],[116.5342508,39.9744458],[116.5349922,39.9741743],[116.5362143,39.973725],[116.5383293,39.9729544],[116.5397113,39.9725553],[116.5405501,39.972433],[116.5415296,39.9723269],[116.5430693,39.9723193],[116.5445715,39.9725064],[116.5466667,39.9729416],[116.5480537,39.9735528],[116.5489828,39.9740545],[116.5494534,39.9743153],[116.5502919,39.9747302],[116.5508725,39.9749079],[116.5518574,39.9750827],[116.5531583,39.9752065],[116.5578087,39.9756108]]},"properties":{"line_key":"12","name":"12号线","name_zh":"12号线","name_en":null,"ref":"12","osm_relation":18441519,"osm_name":"地铁 12号线: 四季青桥 → 东坝北","station_count":20,"way_count":1,"note":"opened 2024-12-15","coord_system":"GCJ-02"}},{"type":"Feature","geometry":{"type":"LineString","coordinates":[[116.353252,39.941653],[116.3527528,39.9429685],[116.3525108,39.9436023],[116.35243,39.9437857],[116.3522568,39.9442346],[116.3521415,39.9445143],[116.3515052,39.9461339],[116.3514101,39.9463793],[116.3513368,39.9466194],[116.3512887,39.9469561],[116.3512707,39.9473189],[116.3512836,39.947579],[116.3513288,39.9478412],[116.3514608,39.9486616],[116.3515522,39.9491868],[116.3516457,39.9497078],[116.3516763,39.9498679],[116.3516939,39.9500417],[116.3516996,39.9503535],[116.3516953,39.9505033],[116.3516838,39.9506526],[116.3516676,39.9507908],[116.351639,39.9509237],[116.3515676,39.9511795],[116.3514311,39.9515047],[116.3512736,39.9517985],[116.3496566,39.9548336],[116.3488169,39.9563422],[116.3483904,39.9571041],[116.3481449,39.9575555],[116.3479765,39.9578906],[116.3477099,39.9584627],[116.3475487,39.9587983],[116.3472753,39.9593404],[116.3466716,39.9604304],[116.3465581,39.9606498],[116.3464467,39.9608706],[116.346262,39.9612787],[116.3461143,39.9616821],[116.3460442,39.9618891],[116.3459822,39.9620973],[116.3458682,39.9625112],[116.3458173,39.9627355],[116.3457738,39.9629413],[116.3457144,39.9632588],[116.34568,39.9635628],[116.3456395,39.963868],[116.345581,39.9642453],[116.3454537,39.9648749],[116.3453414,39.965515],[116.3452646,39.9660326],[116.3451945,39.9666087],[116.3451184,39.9671783],[116.3451027,39.9672819],[116.3450152,39.9679876],[116.3449308,39.968376],[116.3447918,39.968795],[116.3446235,39.969199],[116.3444468,39.9695692],[116.3442001,39.9699898],[116.3439541,39.9703636],[116.3423925,39.9723527],[116.3415979,39.9733352],[116.3408373,39.9743159],[116.3405646,39.9747212],[116.34044,39.9749463],[116.3403255,39.9751959],[116.3402336,39.9755185],[116.3401691,39.975809],[116.3400579,39.9764778],[116.3399342,39.9771524],[116.3398685,39.9775313],[116.3398103,39.9778674],[116.3396684,39.9785685],[116.3394997,39.9792869],[116.3393299,39.980058],[116.3391809,39.9812195],[116.3384655,39.9851961],[116.3383436,39.9858709],[116.3383068,39.9860923],[116.3381965,39.9867564],[116.3381308,39.9872011],[116.3380456,39.9879492],[116.3380283,39.988708],[116.337952,39.9907078],[116.3379099,39.9917047],[116.3378965,39.9922645],[116.337877,39.9928953],[116.3378473,39.9935968],[116.3377595,39.9951642],[116.3376952,39.9967102],[116.3376001,39.9993484],[116.3375035,40.0020253],[116.3374906,40.0023838],[116.3374445,40.0036621],[116.3373833,40.0053022],[116.3372376,40.006844],[116.3371909,40.0072563],[116.3370775,40.0077288],[116.3369187,40.0081713],[116.3367391,40.0085741],[116.3365458,40.0089231],[116.3362615,40.0093639],[116.3359555,40.0097677],[116.3357054,40.0100747],[116.3354199,40.0103584],[116.3341258,40.0115143],[116.3311847,40.0141282],[116.3292421,40.0157925],[116.3279589,40.016927],[116.3277915,40.0170715],[116.3277404,40.0171099],[116.3274889,40.0173031],[116.3273039,40.0174683],[116.3270315,40.0177116],[116.3265906,40.0181114],[116.3262452,40.0184907],[116.3258984,40.0189451],[116.3256782,40.0192893],[116.3254778,40.0197038],[116.3252897,40.0201817],[116.3249466,40.0210571],[116.3246866,40.0217198],[116.3244096,40.0224051],[116.3238131,40.0239668],[116.323169,40.0255968],[116.321629,40.0295629],[116.3213239,40.030368],[116.3212231,40.0306206],[116.3207505,40.0317789],[116.320644,40.0320337],[116.3204378,40.0325258],[116.3202207,40.0330603],[116.3200211,40.0335751],[116.3199977,40.0336338],[116.3195585,40.0346789],[116.3188404,40.0360182],[116.3184391,40.0366373],[116.3179678,40.0372632],[116.3175477,40.0378006],[116.3165486,40.0390159],[116.3162558,40.0393559],[116.3160006,40.0396654],[116.3159589,40.0397149],[116.3148394,40.0410927],[116.3136395,40.0425676],[116.3136296,40.0425799],[116.3131273,40.0432416],[116.3128529,40.0436219],[116.3124618,40.0442072],[116.311823,40.0450936],[116.3113621,40.0457159],[116.3104001,40.0467818],[116.3100794,40.04713],[116.3099288,40.0473049],[116.3089016,40.0486452],[116.3085711,40.0490847],[116.3080986,40.0498063],[116.3075665,40.0508322],[116.3074438,40.0510864],[116.3066707,40.0524933],[116.3066567,40.0525179],[116.3063703,40.0530294],[116.3061084,40.0535353],[116.3060809,40.0535881],[116.3048931,40.05576],[116.3045384,40.0564473],[116.3043297,40.0568276],[116.3039676,40.0574611],[116.3029971,40.0591785],[116.3019979,40.0610018],[116.3016618,40.0616151],[116.3014128,40.061962],[116.3011644,40.0622655],[116.3008417,40.0625909],[116.3004826,40.0629728],[116.3001788,40.0633179],[116.2998782,40.0638195],[116.2996792,40.0643451],[116.2995748,40.0648175],[116.2995683,40.0652811],[116.2996704,40.0660855],[116.299774,40.066297],[116.2999884,40.0667349],[116.3004329,40.0673332],[116.3031378,40.0704291],[116.3036598,40.0708814],[116.3043121,40.0712864],[116.3048888,40.0715921],[116.3054741,40.0718146],[116.3060122,40.0719604],[116.3065548,40.0720469],[116.3071105,40.0720817],[116.3077269,40.0720859],[116.3084799,40.0719817],[116.3091174,40.0718085],[116.3097482,40.0715865],[116.3102479,40.0713602],[116.3107222,40.0711533],[116.311175,40.0710282],[116.3116021,40.0709407],[116.3121721,40.0708996],[116.3127379,40.0708921],[116.314143,40.0708885],[116.315875,40.0708832],[116.3184688,40.0708465],[116.3193128,40.0708402],[116.3200903,40.0708342],[116.3220226,40.0708002],[116.3282778,40.0707058],[116.3296879,40.0707051],[116.3311633,40.0707033],[116.3318614,40.0706945],[116.3333512,40.0706754],[116.3346278,40.0706662],[116.335122,40.0706625],[116.3352042,40.0706619],[116.3354103,40.07066],[116.3360409,40.0706549],[116.3368535,40.0706513],[116.337788,40.0706423],[116.3390006,40.070635],[116.3395406,40.0706413],[116.3400844,40.070645],[116.341415,40.0706428],[116.3452581,40.0706021],[116.3457965,40.0706009],[116.3463514,40.0706225],[116.3468114,40.0706695],[116.3474147,40.0707577],[116.3477281,40.0708046],[116.3479743,40.0708313],[116.3483057,40.0708547],[116.3487486,40.0708617],[116.3513757,40.0708353],[116.3517953,40.0708152],[116.3522643,40.0707821],[116.3527261,40.070726],[116.3532726,40.0706646],[116.3539615,40.0705814],[116.3543514,40.0705508],[116.3547666,40.0705337],[116.3566546,40.070532],[116.3575468,40.0705204],[116.3578451,40.0705215],[116.3584845,40.0705188],[116.3587643,40.0705155],[116.3591948,40.0705105],[116.3600089,40.0704994],[116.3607581,40.0704937],[116.3616007,40.0704871],[116.3617545,40.0704857],[116.3623306,40.0704861],[116.362758,40.070482],[116.363543,40.0704775],[116.3659398,40.0704552],[116.3665573,40.0704406],[116.3668913,40.0704255],[116.3672547,40.0703989],[116.3675675,40.0703631],[116.3680729,40.070305],[116.3686625,40.0702379],[116.3692978,40.0701288],[116.3701729,40.0699228],[116.3710668,40.069681],[116.3718623,40.0693832],[116.3726205,40.069071],[116.3745318,40.0682793],[116.3786113,40.0665603],[116.3850398,40.0638499],[116.3854503,40.063676],[116.3862819,40.0633199],[116.3909773,40.0613422],[116.3923672,40.0607566],[116.3992669,40.0578619],[116.3995066,40.0577613],[116.4041798,40.055799],[116.4091536,40.05372],[116.4106092,40.0531045],[116.4112922,40.052816],[116.4119887,40.0525294],[116.4183208,40.0498584],[116.4226586,40.0479958],[116.422731,40.0479648],[116.4303372,40.0446957],[116.4313041,40.0443299],[116.4320583,40.0440268],[116.4326627,40.0437863],[116.4329163,40.0436673],[116.4337936,40.0433027],[116.434519,40.0429972],[116.4351585,40.042741],[116.4362614,40.0422812],[116.4366859,40.0420954],[116.4382572,40.0413862],[116.4385463,40.0412511],[116.4388504,40.0411053],[116.4391207,40.0409681],[116.4395129,40.0407731],[116.4521541,40.0353832],[116.4526916,40.0351727],[116.4533309,40.0349946],[116.4541913,40.0348021],[116.4548545,40.0346649],[116.4554867,40.0345325],[116.4560659,40.0343473],[116.4564493,40.034205],[116.4568173,40.0340238],[116.4572443,40.0337444],[116.4576074,40.0334375],[116.457948,40.0330886],[116.4582075,40.0327719],[116.4585576,40.0323362],[116.4588043,40.0320026],[116.4590201,40.0316674],[116.4592028,40.0312563],[116.4593132,40.0308628],[116.4593575,40.0305137],[116.459371,40.0301756],[116.4592872,40.0284676],[116.4591752,40.0270579],[116.4591216,40.0266724],[116.4590517,40.0263388],[116.4589678,40.0260088],[116.4587371,40.0253229],[116.4581999,40.0236085],[116.4577365,40.022349],[116.4574939,40.0216186],[116.4572613,40.0208947],[116.4571844,40.020631],[116.4561691,40.0176214],[116.4549989,40.0140571],[116.4536892,40.0101869],[116.4531673,40.0082845],[116.4530812,40.0080475],[116.4528735,40.0074212],[116.4519937,40.004789],[116.4511928,40.0024194],[116.4510079,40.0017964],[116.4506152,40.0006424],[116.4502695,39.9998231],[116.4498927,39.9989828],[116.4494418,39.9981613],[116.4486571,39.9969435],[116.4476995,39.9955735],[116.4473096,39.994985],[116.4469264,39.9943913],[116.446856,39.9942824],[116.4467544,39.9941255],[116.4453366,39.9919354],[116.4435481,39.9892591],[116.4433824,39.9890016],[116.4432682,39.9888192],[116.4426614,39.9878806],[116.4423967,39.9874693],[116.4419188,39.9867261],[116.4417159,39.9864205],[116.4415187,39.9861233],[116.4405862,39.9847182],[116.4394539,39.9830243],[116.4383812,39.9813875],[116.4362439,39.9781576],[116.4359051,39.9776525],[116.4355722,39.9771515],[116.4355183,39.9770718],[116.4351609,39.9765288],[116.4341805,39.9750444],[116.4336123,39.9742248],[116.4333632,39.9738469],[116.4323681,39.9721622],[116.4322427,39.9719175],[116.4321291,39.9716728],[116.432035,39.9714256],[116.4319528,39.9712014],[116.431905,39.9710052],[116.4318694,39.9708366],[116.4317925,39.9703606],[116.4317879,39.9698323],[116.431816,39.9692119],[116.4318432,39.9683782],[116.4318745,39.9677568],[116.4319023,39.9672232],[116.4319374,39.9666362],[116.4319197,39.9661735],[116.4319208,39.9656955],[116.4320141,39.9628085],[116.4320545,39.9621626],[116.4321084,39.96181],[116.4321546,39.961459],[116.43225,39.9610179],[116.432347,39.9605615],[116.4324779,39.9597834],[116.4325737,39.9593213],[116.4327046,39.9587985],[116.4328277,39.9581926],[116.4329401,39.9575986],[116.4330427,39.9569192],[116.4330965,39.9565798],[116.4332312,39.9561596],[116.4333988,39.9557052],[116.4334992,39.9554755],[116.4335901,39.9552684],[116.4336777,39.9550291],[116.4337283,39.9548133],[116.4337917,39.9543877],[116.4337935,39.9538398],[116.4337962,39.9535434],[116.4338348,39.9531177],[116.4339071,39.9526471],[116.4340958,39.9519925],[116.4342645,39.9514701],[116.4343937,39.9511222],[116.4345879,39.9506678],[116.4346933,39.9502602],[116.4347669,39.949845],[116.434763,39.9494485],[116.4346729,39.9490564],[116.4345479,39.948809],[116.4344101,39.9483751],[116.4343311,39.9476089],[116.434355,39.9439613],[116.4343784,39.9437805],[116.4344429,39.943597],[116.4345176,39.9434735],[116.4347981,39.9430141]]},"properties":{"line_key":"13","name":"13号线","name_zh":"13号线","name_en":null,"ref":"13","osm_relation":1667376,"osm_name":"地铁 13号线: 西直门 -> 东直门","station_count":17,"way_count":73,"note":"","coord_system":"GCJ-02"}},{"type":"Feature","geometry":{"type":"LineString","coordinates":[[116.4786706,40.0278316],[116.4780298,40.0272702],[116.4760367,40.0261219],[116.4737737,40.0253559],[116.47003,40.0245067],[116.468598,40.0239291],[116.4678416,40.0233765],[116.4672008,40.0225977],[116.466804,40.0217514],[116.4668369,40.0210881],[116.4668532,40.0205532],[116.4669442,40.018305],[116.4669855,40.0173624],[116.4670688,40.0153514],[116.467233,40.0113855],[116.4672391,40.010464],[116.4673088,40.0088442],[116.467794,40.0030558],[116.4679541,40.0016369],[116.4679739,40.001432],[116.4681145,39.9999032],[116.4681382,39.9990652],[116.468161,39.9982507],[116.4681533,39.9973017],[116.468156,39.9971989],[116.4681659,39.996835],[116.468174,39.9954694],[116.4681931,39.9948484],[116.4682407,39.9945478],[116.4683493,39.9942644],[116.468639,39.9937668],[116.4689673,39.9934619],[116.4693442,39.9931387],[116.4709964,39.9920167],[116.4716928,39.9915631],[116.4744199,39.9897873],[116.4809736,39.9849607],[116.4820533,39.9842474],[116.4821162,39.9842063],[116.4843932,39.9827243],[116.4882702,39.9803346],[116.4891451,39.9797222],[116.4896402,39.9791947],[116.4898989,39.9784847],[116.4899614,39.9776796],[116.4900478,39.971423],[116.4900732,39.9707691],[116.4900943,39.9702292],[116.4901249,39.9678355],[116.4899074,39.9668586],[116.4898727,39.9667026],[116.4880821,39.9650967],[116.4857347,39.9635302],[116.4845021,39.9623223],[116.4842952,39.9617237],[116.4843007,39.9611121],[116.4845738,39.9602798],[116.484803,39.9598736],[116.4850229,39.9595598],[116.4862765,39.9577958],[116.4871732,39.9563414],[116.4872725,39.9553385],[116.4871829,39.9541371],[116.4868843,39.9534184],[116.4862774,39.9527007],[116.4857935,39.9523436],[116.4851532,39.9519614],[116.483265,39.9509922],[116.4829763,39.950849],[116.4780878,39.9484232],[116.4761723,39.9473701],[116.4758339,39.9470322],[116.4754209,39.9464784],[116.4751474,39.9459916],[116.4749666,39.94533],[116.4749633,39.9450855],[116.475065,39.9442373],[116.4751334,39.9432631],[116.4754742,39.9410319],[116.4756558,39.9407808],[116.4762115,39.9400128],[116.4765949,39.9396111],[116.4778929,39.9381894],[116.4782304,39.9375199],[116.4783797,39.9367744],[116.478412,39.9359469],[116.478401,39.9352728],[116.4783891,39.934549],[116.4784852,39.9332521],[116.4784787,39.9325911],[116.4784026,39.923191],[116.4781717,39.9158732],[116.4780392,39.9086532],[116.4777757,39.8942983],[116.4777623,39.893821],[116.4774191,39.8854827],[116.4774143,39.8851559],[116.4773998,39.8805704],[116.4774131,39.8759238],[116.477405,39.8749432],[116.4774339,39.8697641],[116.4771547,39.8692166],[116.4766349,39.86881],[116.4760029,39.8684459],[116.4751163,39.8681409],[116.4741301,39.8680114],[116.4707194,39.8680214],[116.4620437,39.8680452],[116.4610344,39.8677784],[116.4604266,39.8675416],[116.4587354,39.8668062],[116.4581621,39.8665695],[116.4575702,39.8663251],[116.4555774,39.8652333],[116.4546268,39.8649341],[116.4537679,39.8647583],[116.4524414,39.8646673],[116.4513801,39.8648564],[116.4506504,39.8651045],[116.4492907,39.8656684],[116.4484725,39.8658739],[116.4474222,39.8660203],[116.445288,39.8660579],[116.4413602,39.8660431],[116.4401533,39.8660486],[116.4390817,39.8660533],[116.43394,39.8661064],[116.4256893,39.8658757],[116.4231786,39.8658212],[116.4224643,39.8658057],[116.4181059,39.8655459],[116.4169947,39.8654624],[116.4159051,39.8653525],[116.4137141,39.8651897],[116.4111761,39.8651079],[116.4077019,39.8650182],[116.406141,39.8651232],[116.4032841,39.8654241],[116.4018806,39.8656289],[116.4009838,39.8660401],[116.4002617,39.8665214],[116.3994453,39.8674097],[116.3983886,39.8685657],[116.3981578,39.8687756],[116.3979242,39.8689597],[116.3975607,39.869162],[116.3971996,39.8693108],[116.3967889,39.8694142],[116.396388,39.8694783],[116.3957969,39.8695166],[116.3893668,39.8693814],[116.3890477,39.8693564],[116.3887257,39.8693131],[116.3880344,39.8691108],[116.3878764,39.8690638],[116.3865362,39.8686379],[116.3821453,39.8672373],[116.3795371,39.865485],[116.3787645,39.8649658],[116.3786165,39.8648664],[116.3768662,39.8636903],[116.3755609,39.8633273],[116.3741225,39.8631588],[116.367684,39.8628524],[116.3662918,39.8628124],[116.3651238,39.8627789],[116.3620042,39.8626243],[116.3606953,39.8624435],[116.3598227,39.8621855],[116.3588791,39.8616864],[116.3579151,39.8615294],[116.3570631,39.8614471],[116.3558743,39.8614128],[116.3548333,39.8613827],[116.3536271,39.8614035],[116.3527951,39.8616508],[116.3520036,39.8620692],[116.3507657,39.8630152],[116.3493248,39.8647693],[116.3480667,39.8661816],[116.3464227,39.8670957],[116.3458747,39.8673745],[116.3449005,39.867637],[116.3433025,39.8676561],[116.3428199,39.8676541],[116.3310151,39.8676407],[116.323377,39.867618],[116.3208134,39.8674815],[116.3205314,39.8674664],[116.3070955,39.8667515],[116.305392,39.866645],[116.3036871,39.8665385],[116.3009859,39.8665504],[116.2982819,39.8666396],[116.296066,39.8666115],[116.2939087,39.8664936],[116.2919406,39.8663606],[116.2838742,39.8656737],[116.2796553,39.8652944],[116.2771935,39.8652439],[116.2749734,39.8652925],[116.2692694,39.865719],[116.2671938,39.8660191],[116.265211,39.86644],[116.2621305,39.8672364],[116.261044,39.8672133],[116.2596295,39.8670128],[116.2582037,39.8667336],[116.2566484,39.8662329],[116.2545512,39.8653872],[116.2543741,39.8653115],[116.2533471,39.8648728],[116.2443943,39.8609727],[116.2436323,39.8605945],[116.2426399,39.8601679],[116.2416567,39.8598454],[116.2404725,39.8595684],[116.2392729,39.8593062],[116.2388475,39.859223],[116.2384423,39.8591436],[116.2371843,39.8588883],[116.2356551,39.8586298],[116.2354117,39.8585999],[116.2351641,39.858593],[116.2349383,39.8585988],[116.2346299,39.8586279],[116.2343137,39.8586813],[116.2336117,39.8588851],[116.2330958,39.8591569],[116.231933,39.8599286],[116.2316163,39.8601271],[116.231369,39.8603107],[116.2310888,39.8605473],[116.230872,39.8607709],[116.2304687,39.8612336],[116.2292917,39.8626897],[116.2292533,39.8627373],[116.2287269,39.8633976],[116.2284348,39.8638333],[116.2281567,39.8643982],[116.2277226,39.8652434],[116.2275105,39.8656097],[116.2272924,39.8659068],[116.2270424,39.8661963],[116.2266123,39.8665968],[116.2262661,39.866874],[116.2257739,39.8671562],[116.2254398,39.867318],[116.2248676,39.8675587],[116.2240796,39.86779],[116.2235194,39.8678832],[116.2229153,39.8679415],[116.2222504,39.8679344],[116.2217338,39.8679041],[116.2210249,39.8677857],[116.2205928,39.867667],[116.2201635,39.8675365],[116.2197231,39.8673634],[116.218446,39.8667763],[116.2160048,39.8657056],[116.2144991,39.8650256],[116.2142578,39.8649166],[116.2116135,39.8637178],[116.2101391,39.8630789],[116.2084802,39.8623563],[116.207697,39.8620135],[116.2071144,39.8618049],[116.2066916,39.8616856],[116.2061009,39.8615709],[116.2056266,39.8615028],[116.2051477,39.8614565],[116.2031425,39.8613903],[116.2018746,39.861325],[116.2008573,39.8612913],[116.1997877,39.8612753],[116.198582,39.8612109],[116.195187,39.8611216],[116.19403,39.8610789],[116.1933719,39.8610123],[116.1928711,39.8609194],[116.1923593,39.8607774],[116.1917761,39.8605908],[116.1913485,39.8604256],[116.1909228,39.8602329],[116.1903623,39.8599278],[116.189283,39.8593257],[116.188807,39.8590468],[116.1884742,39.8588601],[116.1880671,39.8586318],[116.187067,39.8580757]]},"properties":{"line_key":"14","name":"14号线","name_zh":"14号线","name_en":"Subway Line 14: Shan'gezhuang → Zhang'guozhuang","ref":"14","osm_relation":4611276,"osm_name":"地铁 14号线: 善各庄 → 张郭庄","station_count":34,"way_count":8,"note":"","coord_system":"GCJ-02"}},{"type":"Feature","geometry":{"type":"LineString","coordinates":[[116.3371515,40.0005442],[116.3387041,40.0005906],[116.3388775,40.0005957],[116.3391219,40.000603],[116.3397846,40.0006228],[116.3404128,40.000636],[116.3405073,40.0006384],[116.3487292,40.0008342],[116.3487729,40.0008354],[116.3488514,40.0008374],[116.3519347,40.0009222],[116.3528318,40.0009494],[116.3551378,40.0010235],[116.3564469,40.001059],[116.3642566,40.0013095],[116.36715,40.001402],[116.3682637,40.0014338],[116.3693164,40.0014638],[116.3907165,40.0021613],[116.3915757,40.0021709],[116.3924478,40.0021959],[116.3958384,40.0023066],[116.4008044,40.0024436],[116.4066503,40.0025034],[116.407865,40.002526],[116.4092128,40.0025754],[116.4153328,40.0027931],[116.4174089,40.0028666],[116.4179882,40.0028871],[116.4187257,40.0029005],[116.4198111,40.00292],[116.4220438,40.0029818],[116.4227961,40.0029251],[116.424876,40.0024937],[116.4249707,40.0024689],[116.4268492,40.0019772],[116.4283825,40.0014425],[116.428479,40.0014088],[116.4290801,40.0013256],[116.4304219,40.0011847],[116.4313489,40.0010826],[116.4320972,40.0009963],[116.4340007,40.000787],[116.4350551,40.0003016],[116.435565,39.9997771],[116.4362995,39.9986688],[116.4366969,39.9969041],[116.4375436,39.9957093],[116.4383817,39.9949853],[116.4390471,39.9948186],[116.4402827,39.9947241],[116.446693,39.9952117],[116.4500835,39.9960505],[116.4507527,39.9962249],[116.4533628,39.9968977],[116.4551418,39.9970914],[116.4570032,39.9971386],[116.4629484,39.9972561],[116.4685031,39.9972807],[116.4687943,39.997387],[116.4689734,39.9974524],[116.4695773,39.9979803],[116.47416,40.0016551],[116.4756759,40.0021302],[116.4815256,40.0021965],[116.4827743,40.0022034],[116.484954,40.0023598],[116.4869062,40.0031922],[116.4902471,40.0047389],[116.4915495,40.006103],[116.4924419,40.0078047],[116.4931601,40.0102958],[116.4934279,40.0135287],[116.4930487,40.0184202],[116.4929431,40.0210201],[116.4929155,40.0218338],[116.4929012,40.0225994],[116.4927506,40.0276715],[116.4927234,40.0285861],[116.4927016,40.0295235],[116.4927888,40.0304664],[116.4929677,40.0311535],[116.4931712,40.0315699],[116.4934699,40.0319376],[116.4939509,40.0323003],[116.4945346,40.0326207],[116.4952309,40.0329277],[116.495953,40.0331118],[116.4967354,40.0332562],[116.4988887,40.0333705],[116.5008222,40.0334825],[116.5017766,40.0335456],[116.5030106,40.033592],[116.5042142,40.0336497],[116.5053949,40.0337118],[116.5135934,40.0341777],[116.5169816,40.0343704],[116.5218995,40.0345746],[116.5235031,40.0346685],[116.5246934,40.0347705],[116.5258842,40.0350201],[116.5267211,40.0352576],[116.5274618,40.0355318],[116.5282465,40.0358698],[116.52869,40.0361182],[116.528924,40.0362611],[116.5291925,40.0364399],[116.5294777,40.0366407],[116.5297757,40.0368619],[116.5301551,40.0371629],[116.5304181,40.0373969],[116.5306464,40.0376332],[116.5308833,40.0378994],[116.5310981,40.0381484],[116.5312877,40.0383927],[116.5315005,40.0386903],[116.5318477,40.039261],[116.5323105,40.0401482],[116.5329742,40.0414504],[116.5337898,40.0430945],[116.5340679,40.0436167],[116.5345464,40.0444837],[116.5348192,40.0450447],[116.5351054,40.0456187],[116.5361331,40.0477788],[116.5364058,40.0483187],[116.5365678,40.0485889],[116.5366914,40.0487985],[116.5375971,40.0502501],[116.5394502,40.0532495],[116.5397719,40.053719],[116.5400253,40.0540868],[116.5402578,40.0543695],[116.5405211,40.0546566],[116.540846,40.0549893],[116.5410104,40.0551417],[116.5411488,40.0552719],[116.5412907,40.0554009],[116.54148,40.0555606],[116.5418005,40.0558228],[116.542072,40.0560329],[116.542247,40.0561578],[116.5424236,40.0562757],[116.5426416,40.0564072],[116.5430543,40.0566519],[116.5436041,40.0569744],[116.5475788,40.0591824],[116.5477908,40.0593095],[116.5480185,40.0594501],[116.5482218,40.0595771],[116.5484345,40.0597214],[116.5486771,40.059904],[116.5489034,40.0600778],[116.5490976,40.0602324],[116.5525942,40.063306],[116.5529505,40.0636537],[116.5531963,40.0639086],[116.5533295,40.0640672],[116.5534574,40.0642301],[116.5535878,40.064397],[116.5537206,40.0645744],[116.5538554,40.0647799],[116.5539752,40.0649802],[116.5541732,40.0653635],[116.5543353,40.0657002],[116.5544766,40.0660493],[116.5545677,40.066341],[116.5546495,40.0666438],[116.5547143,40.0668975],[116.5549021,40.0678643],[116.5549805,40.0684103],[116.5550469,40.0687446],[116.5552035,40.0693801],[116.555318,40.0699933],[116.5554259,40.0705931],[116.5554727,40.0710964],[116.555496,40.0713068],[116.5555226,40.0715372],[116.5555661,40.0718045],[116.5574084,40.0825229],[116.5574668,40.082789],[116.557695,40.0838125],[116.557793,40.0844337],[116.5578816,40.0850287],[116.557993,40.0859419],[116.558072,40.0864475],[116.5589286,40.0915197],[116.5618148,40.1082115],[116.5618616,40.1084721],[116.5619438,40.108803],[116.5620104,40.1090527],[116.5620805,40.1093002],[116.5621696,40.1095606],[116.5622585,40.1098117],[116.5623508,40.1100738],[116.5624819,40.1104142],[116.5626679,40.1109401],[116.5627689,40.111212],[116.5629329,40.1116474],[116.5630013,40.1118274],[116.5630884,40.1120204],[116.5631727,40.1121931],[116.5632438,40.1123358],[116.5633244,40.1124857],[116.5634162,40.1126442],[116.5635278,40.1128298],[116.5636417,40.1129981],[116.5637656,40.1131763],[116.5640201,40.1135351],[116.5643861,40.1140663],[116.5647863,40.1146473],[116.5664821,40.1171227],[116.5672178,40.1181539],[116.5674481,40.1184518],[116.5677431,40.1188059],[116.5679951,40.1190692],[116.5682434,40.1193076],[116.5710398,40.1215352],[116.5733596,40.1233688],[116.5760683,40.1255084],[116.5764777,40.1258255],[116.5768161,40.1260777],[116.5770926,40.1262611],[116.5773316,40.1264079],[116.5775772,40.1265598],[116.5778339,40.1267073],[116.578195,40.1268869],[116.5785118,40.1270347],[116.5789532,40.1272139],[116.5794385,40.127395],[116.5799859,40.127567],[116.5804419,40.1276863],[116.5812069,40.1278388],[116.5815106,40.1278858],[116.5818209,40.1279229],[116.5821743,40.1279598],[116.5825695,40.1279904],[116.5830356,40.1280063],[116.5838564,40.1280144],[116.5989771,40.1281982],[116.6026328,40.1282619],[116.6046135,40.1282741],[116.6054728,40.1282862],[116.6063897,40.1282991],[116.607206,40.1283222],[116.6081722,40.1283513],[116.6093914,40.1284008],[116.6106113,40.1284503],[116.6165986,40.1287133],[116.6174972,40.1287355],[116.6320838,40.1289654],[116.6330121,40.1289941],[116.6339462,40.1290461],[116.6400178,40.1295508],[116.6410826,40.1296467],[116.6421564,40.1297435],[116.6436811,40.1298563],[116.6448022,40.1298886],[116.6550321,40.1299119],[116.6560555,40.1298867],[116.6566155,40.1298439],[116.6570722,40.1298403],[116.6580446,40.1298203],[116.6583831,40.1298316],[116.6682302,40.1295281],[116.6684087,40.1295211],[116.6693783,40.1295993],[116.6696907,40.1296245],[116.6730289,40.1300787],[116.6735973,40.1302211],[116.6739939,40.1303411],[116.6743797,40.1304831],[116.6747232,40.130658],[116.6750667,40.1308547],[116.6778805,40.1323564],[116.6790112,40.132504],[116.681501,40.1324896],[116.6825066,40.1324799],[116.6848694,40.1324402]]},"properties":{"line_key":"15","name":"15号线","name_zh":"15号线","name_en":null,"ref":"15","osm_relation":1350597,"osm_name":"地铁 15号线: 清华东路西口 → 俸伯","station_count":20,"way_count":3,"note":"","coord_system":"GCJ-02"}},{"type":"Feature","geometry":{"type":"LineString","coordinates":[[116.1307305,40.0682098],[116.1320863,40.0682741],[116.1393423,40.0686655],[116.1475255,40.068778],[116.1520943,40.0687523],[116.1618117,40.0687869],[116.1651373,40.0687856],[116.1884384,40.0687367],[116.2057825,40.0687067],[116.2141868,40.068545],[116.215425,40.0685117],[116.2167607,40.0684628],[116.2175977,40.0684674],[116.2181553,40.0685016],[116.2192146,40.068592],[116.2229632,40.0688602],[116.2307407,40.0696716],[116.2317339,40.0698586],[116.2321815,40.0699867],[116.2352534,40.0708665],[116.2370317,40.0713759],[116.2385422,40.0718375],[116.2400202,40.0722602],[116.2405367,40.0723559],[116.2411629,40.0723866],[116.2418666,40.072353],[116.2426164,40.0722555],[116.24338,40.0720946],[116.2441254,40.0718707],[116.2448208,40.0715844],[116.2454342,40.0712359],[116.2459336,40.0708259],[116.2462871,40.0703547],[116.2487388,40.0657649],[116.2495225,40.0642254],[116.2496187,40.0640364],[116.2501148,40.0626307],[116.2505267,40.0615478],[116.2512475,40.0595754],[116.2519496,40.0576389],[116.2522961,40.0566922],[116.2524645,40.0562977],[116.2528297,40.0558099],[116.2543281,40.0542319],[116.255967,40.0526181],[116.2566039,40.0519034],[116.2570577,40.0513568],[116.2573065,40.05102],[116.2575287,40.05037],[116.2579286,40.0494817],[116.2580575,40.0491108],[116.2583106,40.0471541],[116.2586206,40.0450942],[116.258656,40.0448799],[116.2587105,40.0446574],[116.2589013,40.0442443],[116.2591646,40.0437908],[116.2593502,40.0435092],[116.2594968,40.043305],[116.2597102,40.0431144],[116.2650577,40.0390963],[116.2654844,40.0387153],[116.2673118,40.0371979],[116.2681344,40.0365006],[116.2691881,40.0354834],[116.270202,40.034473],[116.2707444,40.033772],[116.2716715,40.0326879],[116.271914,40.0324043],[116.2724654,40.0318261],[116.2729012,40.0312748],[116.2735061,40.0304958],[116.2741064,40.0298392],[116.2770153,40.0263963],[116.2803819,40.0225676],[116.2811686,40.0216731],[116.2829612,40.0195969],[116.284577,40.0176804],[116.2851696,40.0168191],[116.2856596,40.0160585],[116.2858936,40.0157117],[116.2860181,40.0154544],[116.2861497,40.0150795],[116.2864056,40.0138148],[116.2867419,40.0124718],[116.2870637,40.010709],[116.287685,40.0067241],[116.2883504,40.0031646],[116.2884894,40.0024483],[116.2886648,40.0018495],[116.2888698,40.001469],[116.2895794,40.0008092],[116.292294,39.99873],[116.2933641,39.9979321],[116.2941911,39.9974041],[116.2944596,39.9972143],[116.2946068,39.9970898],[116.2946832,39.9969583],[116.2947884,39.9966514],[116.2949794,39.9957084],[116.2951586,39.9945048],[116.2952035,39.9942036],[116.2953919,39.9933143],[116.2954547,39.9926974],[116.295334,39.991383],[116.2950144,39.9903729],[116.2947735,39.9896153],[116.2945114,39.988493],[116.2943751,39.9877795],[116.2942861,39.9874388],[116.294307,39.9872024],[116.2944013,39.9868779],[116.2946421,39.9863974],[116.2947834,39.9861451],[116.2950215,39.9859633],[116.2953648,39.9857052],[116.2956319,39.9855814],[116.296187,39.9854057],[116.2965379,39.9853421],[116.2970879,39.9851987],[116.2979364,39.9851558],[116.2987117,39.9850808],[116.2994398,39.9850657],[116.3003408,39.9851232],[116.3012418,39.9851806],[116.3024101,39.9851864],[116.3032168,39.9850755],[116.3036726,39.9849039],[116.3042121,39.9846122],[116.3046312,39.9843966],[116.3051028,39.9840887],[116.3052755,39.9838967],[116.3053646,39.98348],[116.3054745,39.9825304],[116.3055319,39.9807352],[116.3056784,39.9790122],[116.3058459,39.9777221],[116.3059714,39.9759389],[116.3059971,39.9756632],[116.3060447,39.9751494],[116.3061337,39.9744884],[116.3062331,39.9739234],[116.3062691,39.9734403],[116.306322,39.9727292],[116.3063377,39.9722202],[116.3064685,39.9708898],[116.3065627,39.9696715],[116.3066202,39.9688058],[116.3066882,39.9680804],[116.3068557,39.9667499],[116.3069551,39.9658884],[116.3071697,39.9643576],[116.3073688,39.9633757],[116.3074102,39.9632051],[116.3076725,39.9616687],[116.3078609,39.9608793],[116.3080118,39.9601321],[116.30806,39.9598934],[116.3081376,39.9594604],[116.3083636,39.9581983],[116.3086411,39.956956],[116.3087614,39.9552324],[116.3090179,39.9528275],[116.309133,39.9518093],[116.3093163,39.9487465],[116.3093339,39.9483974],[116.3094197,39.9475504],[116.3094443,39.9472373],[116.3096612,39.9461961],[116.3097992,39.9459359],[116.3101936,39.9444384],[116.3105338,39.943556],[116.3107457,39.9430921],[116.3109824,39.9427605],[116.3113424,39.9423384],[116.311658,39.9420974],[116.312018,39.9418149],[116.3123485,39.9416797],[116.3130784,39.9414395],[116.3139907,39.941109],[116.3146812,39.9409177],[116.3151991,39.9408167],[116.3155937,39.9407306],[116.3161313,39.9406636],[116.316659,39.9406306],[116.3173496,39.9406469],[116.3185483,39.940951],[116.3195792,39.9411605],[116.3210542,39.9414311],[116.3218779,39.9415988],[116.3227363,39.9416796],[116.32347,39.9417317],[116.3248068,39.9417951],[116.325701,39.9418097],[116.3272659,39.9418801],[116.3277452,39.941882],[116.328754,39.9416587],[116.3294504,39.9414053],[116.3308339,39.9405073],[116.3319872,39.939173],[116.3325758,39.9384571],[116.3328785,39.9377234],[116.3329243,39.9371635],[116.3330164,39.9365965],[116.3331149,39.9357022],[116.3335881,39.9329026],[116.3336243,39.9324915],[116.3337556,39.9310005],[116.3340266,39.9284079],[116.3342582,39.9262983],[116.3345508,39.9237598],[116.3345899,39.9232609],[116.3346231,39.9228818],[116.3346219,39.9225625],[116.3348369,39.9189007],[116.3348588,39.9172006],[116.334887,39.9154781],[116.3348833,39.9152582],[116.3348643,39.914136],[116.3348281,39.9135735],[116.3346418,39.9128342],[116.3342277,39.9117915],[116.333926,39.9110462],[116.3338316,39.910747],[116.33381,39.9106296],[116.3337806,39.9104156],[116.3337688,39.9102261],[116.3337874,39.9090255],[116.3337892,39.9080974],[116.3337822,39.9070834],[116.3337817,39.9069711],[116.3337938,39.9068732],[116.3340943,39.9050299],[116.3345525,39.9014752],[116.3345399,39.899899],[116.3345244,39.8976315],[116.3346081,39.8966863],[116.3346015,39.895976],[116.3347022,39.8946252],[116.3347344,39.8916271],[116.3347595,39.8906854],[116.3347825,39.8904099],[116.3348103,39.8902072],[116.3348441,39.8900145],[116.3348825,39.8898709],[116.3352023,39.888719],[116.3355724,39.8864663],[116.335779,39.8847871],[116.3362587,39.8820818],[116.3363695,39.8809002],[116.3365537,39.8794958],[116.3367428,39.8784592],[116.3368456,39.8775107],[116.3368857,39.8770471],[116.3368667,39.8764318],[116.3367205,39.8755697],[116.3362201,39.8741732],[116.3355246,39.8732271],[116.3342164,39.8721672],[116.3328967,39.8715765],[116.3321458,39.8708418],[116.3316691,39.8700707],[116.3317065,39.8694301],[116.331659,39.8678547],[116.3316562,39.8676671],[116.331651,39.8671581],[116.3316467,39.8667202],[116.3316459,39.8664224],[116.3316302,39.866348],[116.3313892,39.8657212],[116.3311441,39.8651287],[116.3310736,39.8649046],[116.3310246,39.8644372],[116.3309274,39.861889],[116.3308697,39.8612919],[116.3305732,39.8605498],[116.3302755,39.8600458],[116.3297809,39.8595836],[116.3289073,39.8587651],[116.3284588,39.8583211],[116.3281556,39.8574564],[116.3280355,39.8566624],[116.3274115,39.8553491],[116.3267362,39.8549271],[116.3260529,39.8548004],[116.3230783,39.854632],[116.321293,39.8544264],[116.318659,39.8541209],[116.3155135,39.8536987],[116.3126347,39.8534483],[116.3107378,39.8533092],[116.3086575,39.8530211],[116.3068913,39.8526285],[116.3033509,39.8513411],[116.3021358,39.8508807],[116.3008342,39.8503875],[116.2997362,39.8499639],[116.2974401,39.8491044],[116.2966527,39.8486719],[116.2961066,39.8481678],[116.2956552,39.8475217],[116.2954954,39.8468756],[116.2954086,39.8453767],[116.2957662,39.8438325],[116.2961444,39.8428623],[116.2965931,39.8420153],[116.2967364,39.8408179],[116.296842,39.8398687],[116.2968932,39.8389433],[116.2968559,39.8387253],[116.296665,39.8383682],[116.2963218,39.8380346],[116.2960417,39.8378285],[116.295302,39.8375194],[116.2945013,39.8372382],[116.2929453,39.836918],[116.2905338,39.8366863],[116.2871297,39.8362413],[116.2843173,39.8360779],[116.2832539,39.8360232],[116.2782693,39.8356744],[116.2760967,39.8354846],[116.2737753,39.8352623],[116.2725646,39.8350802],[116.271156,39.8348684],[116.2695696,39.8346959],[116.26652,39.8345685],[116.2651659,39.8347103],[116.2637609,39.8348698],[116.2622366,39.8350987],[116.2608465,39.8355416],[116.2603383,39.8359099],[116.2599265,39.836308],[116.2596468,39.8367261],[116.259432,39.8371497],[116.2592907,39.8375661],[116.2590937,39.8387851],[116.2589048,39.8399093],[116.2587645,39.8411351],[116.2587876,39.8414245],[116.2588702,39.8418618],[116.2589792,39.8422726],[116.2591929,39.8431918],[116.2591925,39.8437557],[116.2591527,39.8442503],[116.2589872,39.8448372],[116.2587157,39.8454406],[116.2584107,39.8459107],[116.2579515,39.8463694],[116.2575325,39.8467128],[116.2571042,39.8469749],[116.2566055,39.8472026],[116.2560477,39.8474114],[116.2552441,39.8476097],[116.2539778,39.8478398],[116.2522485,39.8481386],[116.2507821,39.8483833],[116.2490074,39.8487109],[116.2472493,39.8490396],[116.2453931,39.8494221],[116.2438498,39.8497387],[116.2424595,39.8499285],[116.2408997,39.8501061],[116.2394436,39.8502448],[116.2377786,39.8502146],[116.2349982,39.8499915],[116.2341522,39.8499175],[116.2332865,39.84983],[116.2325918,39.8497379],[116.2318493,39.8496046],[116.2309059,39.8493716],[116.2294293,39.8490231]]},"properties":{"line_key":"16","name":"16号线","name_zh":"16号线","name_en":null,"ref":"16","osm_relation":7800400,"osm_name":"地铁16号线: 北安河 → 宛平城","station_count":30,"way_count":4,"note":"","coord_system":"GCJ-02"}},{"type":"Feature","geometry":{"type":"LineString","coordinates":[[116.6110299,39.7929846],[116.6076206,39.7930497],[116.6064932,39.7932976],[116.6046779,39.7943128],[116.6038926,39.7948633],[116.6025594,39.795919],[116.5990674,39.7984441],[116.5964631,39.8002684],[116.5951106,39.8012162],[116.5917132,39.8035972],[116.5910383,39.8040704],[116.5898879,39.8049156],[116.5876543,39.8058066],[116.5855027,39.8063863],[116.5779278,39.8091113],[116.57644,39.8096881],[116.5747983,39.8103171],[116.5734187,39.8106476],[116.5721885,39.811012],[116.5710245,39.811393],[116.5696943,39.8120291],[116.5672054,39.8134709],[116.5608908,39.8171578],[116.5600498,39.8175787],[116.5589565,39.8178875],[116.5578554,39.8180769],[116.5548395,39.8184346],[116.5530079,39.8186575],[116.5512377,39.8188782],[116.5496985,39.8191381],[116.5488474,39.8193753],[116.5480849,39.8196274],[116.5475626,39.8199637],[116.5468991,39.8205804],[116.5463712,39.8211728],[116.5436204,39.8249587],[116.5430937,39.8256381],[116.5424534,39.8262273],[116.5415423,39.8269776],[116.5392067,39.8281657],[116.5373645,39.8290374],[116.5356218,39.8297858],[116.5341609,39.8303163],[116.5328453,39.8307775],[116.5320362,39.8309964],[116.5301375,39.8313315],[116.5286015,39.8317712],[116.5267529,39.8325076],[116.5251854,39.8332411],[116.5241169,39.8339231],[116.5213427,39.8354859],[116.5197124,39.8361406],[116.517847,39.8366811],[116.5135383,39.8377951],[116.5101887,39.8386453],[116.5091354,39.8388993],[116.5079097,39.8391314],[116.5066501,39.8392519],[116.5035415,39.8395598],[116.5022079,39.8398173],[116.5014546,39.8400717],[116.5005936,39.8405907],[116.4996098,39.8412933],[116.4971603,39.8432865],[116.4959195,39.8443539],[116.4951958,39.8449497],[116.492738,39.846933],[116.4912084,39.8476624],[116.4896695,39.8481851],[116.4880364,39.8485745],[116.4866808,39.8488322],[116.4855916,39.8491722],[116.4845094,39.8495648],[116.4837837,39.8499419],[116.4831574,39.8503076],[116.4825825,39.8507728],[116.4808213,39.8524683],[116.4779492,39.8554507],[116.4767569,39.8565881],[116.4759442,39.8573634],[116.474779,39.8582324],[116.4740435,39.8587323],[116.4734013,39.8589579],[116.4669578,39.8607021],[116.4662622,39.8608368],[116.4658967,39.8610441],[116.4654237,39.861477],[116.463821,39.8629585],[116.4632046,39.8634057],[116.4606818,39.864911],[116.459383,39.8657057],[116.4583506,39.8662638],[116.4572913,39.8666654],[116.4564568,39.8668319],[116.45414,39.86703],[116.4527005,39.8671728],[116.4521815,39.8673426],[116.4518123,39.8676439],[116.4514859,39.8680192],[116.451197,39.8684932],[116.450999,39.8691524],[116.4509242,39.8697289],[116.4509191,39.87152],[116.4509409,39.874888],[116.4509431,39.8751879],[116.450979,39.8799725],[116.4508994,39.8852132],[116.4509696,39.8894283],[116.4507182,39.8910547],[116.4505471,39.8920964],[116.4505205,39.8935165],[116.4503927,39.8986451],[116.4505642,39.8997685],[116.451121,39.9020064],[116.4513138,39.9030924],[116.4514101,39.9038948],[116.4513194,39.9053806],[116.4506669,39.9080362],[116.4505545,39.9087154],[116.4504513,39.9097156],[116.4503946,39.9131928],[116.4504757,39.9201175],[116.4504713,39.9230098],[116.4504658,39.9266356],[116.4504293,39.93227],[116.45043,39.932317],[116.4504419,39.9331211],[116.450451,39.9337414],[116.4505012,39.9371317],[116.4505058,39.9465641],[116.450449,39.9471691],[116.4502425,39.9476539],[116.4497724,39.9480516],[116.4472829,39.9497172],[116.4464814,39.9500005],[116.4459222,39.9501082],[116.4448337,39.9501982],[116.4426216,39.9499785],[116.441289,39.949846],[116.4386198,39.9496832],[116.4376451,39.9495981],[116.4364782,39.9495817],[116.4359088,39.9496366],[116.4356578,39.9497098],[116.4354767,39.9498251],[116.4352604,39.9499649],[116.4350665,39.9501692],[116.434882,39.9504543],[116.4345862,39.9511417],[116.434465,39.9516172],[116.4343803,39.9519627],[116.4341749,39.9533391],[116.4341671,39.9547121],[116.4342033,39.9555541],[116.4342935,39.9562794],[116.4347836,39.9582498],[116.4352487,39.9600035],[116.4358601,39.961239],[116.4363641,39.9618389],[116.4367926,39.9623499],[116.4379382,39.9635146],[116.4395564,39.9649744],[116.4424102,39.9675485],[116.4441764,39.9695379],[116.4476118,39.9732796],[116.4480641,39.9737531],[116.4490596,39.9747357],[116.4495199,39.9754667],[116.4499804,39.976321],[116.4500339,39.9769786],[116.4500235,39.9785408],[116.4498216,39.979523],[116.4491232,39.9805203],[116.4480864,39.9815615],[116.4466258,39.9829482],[116.4452071,39.9858414],[116.445068,39.9864397],[116.4451218,39.987944],[116.4452503,39.9886302],[116.4458233,39.9903063],[116.4464926,39.9918424],[116.4469851,39.9925568],[116.4479814,39.9940139],[116.4487197,39.9950938],[116.4507645,39.9985342],[116.4525098,40.0037583],[116.4548544,40.0111256],[116.4549188,40.0121446],[116.4547797,40.0129091],[116.4542234,40.0144057],[116.4539346,40.0151459],[116.4531107,40.0162404],[116.4525649,40.0167591],[116.4519549,40.0171301],[116.4511201,40.0175425],[116.4471705,40.0187984],[116.4447618,40.0196734],[116.4440231,40.0201758],[116.4432309,40.0210233],[116.4426527,40.0216815],[116.4421924,40.0225039],[116.4420212,40.0235312],[116.4418163,40.0327282],[116.4418449,40.034478],[116.4418715,40.0361002],[116.4421808,40.0456965],[116.442311,40.0497365],[116.4423133,40.0510444],[116.4423168,40.0529396],[116.4421778,40.0548575],[116.4422671,40.0628167],[116.4424266,40.0658629],[116.4423829,40.0677532],[116.4423982,40.0684947],[116.4424055,40.0691655],[116.4424235,40.0708101],[116.4423222,40.074029],[116.4421779,40.0765457],[116.4423212,40.078091],[116.4425423,40.0789548],[116.4429546,40.0795945],[116.4447053,40.0809054],[116.4508933,40.0853854],[116.4517229,40.0862489],[116.4519368,40.0868939],[116.4522726,40.0887273],[116.4525003,40.0899114],[116.4528012,40.0907236],[116.4530838,40.0912039],[116.4545546,40.0933645],[116.4549292,40.0941641],[116.4557801,40.0954757],[116.4587124,40.0995448],[116.4642336,40.1069559],[116.4660416,40.1097583],[116.4664696,40.1108488],[116.466689,40.1117016],[116.4667853,40.1125221],[116.4667973,40.1155049],[116.4668075,40.118065],[116.4666688,40.1215484],[116.4665674,40.1229435],[116.4662308,40.1257831],[116.4661828,40.1265749],[116.4664931,40.1274152],[116.4667017,40.1277449],[116.4671777,40.1283672],[116.4679977,40.1291884],[116.4694183,40.1308191]]},"properties":{"line_key":"17","name":"17号线","name_zh":"17号线","name_en":null,"ref":"17","osm_relation":13625144,"osm_name":"地铁 17号线: 嘉会湖 → 未来科学城北","station_count":20,"way_count":6,"note":"","coord_system":"GCJ-02"}},{"type":"Feature","geometry":{"type":"LineString","coordinates":[[116.444039,40.0685113],[116.4372653,40.0685484],[116.4365338,40.0686281],[116.4359041,40.0689892],[116.4356198,40.0693445],[116.435237,40.0699669],[116.4354282,40.0714752],[116.435322,40.0722616],[116.4347041,40.0729302],[116.4340155,40.0733922],[116.4328697,40.0739239],[116.431911,40.0740827],[116.4309344,40.0741395],[116.4265303,40.0741924],[116.4173934,40.0741742],[116.4149888,40.0741651],[116.4065318,40.0741308],[116.4029922,40.0741263],[116.399421,40.0740243],[116.3921702,40.0726297],[116.3904898,40.0724275],[116.3893189,40.0725968],[116.3883173,40.0730879],[116.3875561,40.0743218],[116.3866536,40.0779043],[116.3863771,40.0790016],[116.3861925,40.0795506],[116.3860145,40.0799916],[116.3856879,40.0804779],[116.3854032,40.0807977],[116.3850531,40.0811615],[116.3845817,40.0815276],[116.3841789,40.0817869],[116.3828126,40.082242],[116.3815086,40.0824004],[116.3778814,40.0821507],[116.3760335,40.0820235],[116.3717896,40.0817307],[116.3669413,40.0813352],[116.3642347,40.0812079],[116.36296,40.0811597],[116.3515158,40.0807259],[116.3405237,40.0801492],[116.3364899,40.0798474],[116.3349613,40.0796399],[116.3331941,40.0793319],[116.331548,40.07896],[116.3241146,40.076301],[116.3235204,40.076148],[116.32296,40.0760371],[116.3223699,40.0759672],[116.3216468,40.075892],[116.3207624,40.0758103],[116.3201549,40.0756942],[116.3195473,40.0755248],[116.319085,40.0753515],[116.3185473,40.0751042],[116.3182758,40.074919],[116.3180245,40.0747329],[116.3171871,40.0740806],[116.3169627,40.0739027],[116.3165931,40.0736824],[116.3161602,40.0734568],[116.3158336,40.0733161],[116.3156254,40.0732424],[116.3152316,40.0731195],[116.314901,40.0730471],[116.3145502,40.0729777],[116.3140355,40.072906],[116.3135342,40.0728743],[116.3130236,40.072855],[116.3122092,40.0728269],[116.311376,40.072805],[116.3110971,40.072802],[116.3089835,40.0727819],[116.308846,40.0727863],[116.3086804,40.0727921],[116.3085098,40.0728026],[116.3081367,40.0728411],[116.3077171,40.0728844],[116.3076042,40.0728925],[116.3074725,40.0728989],[116.3073126,40.0729028],[116.3069552,40.0729022],[116.3065951,40.0729057],[116.306192,40.0728989],[116.3058426,40.0728799],[116.3054289,40.0728258],[116.3049693,40.0727533],[116.3046442,40.0726706],[116.3043593,40.0725984],[116.3039992,40.0724664],[116.3035048,40.0722727],[116.3010085,40.0712076],[116.3005598,40.0710006],[116.3002293,40.070839],[116.3000116,40.0707032],[116.2998423,40.0705685],[116.2993322,40.0699714],[116.297732,40.0677801],[116.2964697,40.0659881],[116.2961255,40.0650129],[116.296047,40.0635684],[116.2964578,40.0619753],[116.2978231,40.0593519],[116.2993608,40.056667],[116.2995002,40.055919],[116.2993232,40.0550922],[116.2988897,40.0544996],[116.2979827,40.0540197],[116.2963996,40.0534941],[116.2932095,40.0528541],[116.2876317,40.0515846],[116.2863854,40.0510328],[116.2857905,40.0505548],[116.2855353,40.0498926],[116.2855661,40.0490033],[116.2862975,40.0459022],[116.2868898,40.043423],[116.2870753,40.0419777],[116.2870335,40.0404942],[116.287008,40.0399037],[116.2867744,40.0385627],[116.2867459,40.0377438],[116.2869413,40.0364752],[116.2869013,40.0358208],[116.2866352,40.035098],[116.285838,40.0345035],[116.2850032,40.0341352],[116.2838176,40.0338957],[116.2798614,40.0336256],[116.2784516,40.0334229],[116.2744402,40.0326983]]},"properties":{"line_key":"18","name":"18号线","name_zh":"18号线","name_en":null,"ref":"18","osm_relation":20010820,"osm_name":"北京地铁18号线: 天通苑东 → 马连洼","station_count":11,"way_count":4,"note":"opened 2025-12-27 (OSM relation stop list was incomplete)","coord_system":"GCJ-02"}},{"type":"Feature","geometry":{"type":"LineString","coordinates":[[116.3675735,39.8124474],[116.3658716,39.8124293],[116.3657811,39.8124276],[116.3656947,39.812425],[116.365613,39.8124214],[116.3655355,39.8124169],[116.3654624,39.8124115],[116.3653933,39.8124055],[116.3653282,39.812399],[116.3652667,39.8123919],[116.3652091,39.8123843],[116.365155,39.8123765],[116.3651043,39.8123684],[116.3650569,39.81236],[116.3650127,39.8123516],[116.3649715,39.8123433],[116.3649332,39.8123351],[116.3648976,39.8123271],[116.3648649,39.8123193],[116.3648346,39.8123121],[116.364807,39.8123052],[116.3647814,39.812299],[116.3639788,39.8121028],[116.3637912,39.8120584],[116.3635888,39.812014],[116.363372,39.8119704],[116.3631412,39.8119285],[116.3628967,39.8118889],[116.3626388,39.8118528],[116.362368,39.8118206],[116.3620844,39.8117936],[116.3617886,39.8117723],[116.3614807,39.8117576],[116.3611613,39.8117504],[116.3608307,39.8117515],[116.360489,39.8117618],[116.3601368,39.811782],[116.3597744,39.811813],[116.3594021,39.8118556],[116.3590203,39.8119106],[116.3586293,39.8119791],[116.3582294,39.8120616],[116.3578211,39.812159],[116.3549319,39.8128956],[116.3547302,39.812947],[116.3544859,39.8130095],[116.3542095,39.8130811],[116.3539045,39.8131619],[116.3535746,39.8132518],[116.3532228,39.8133511],[116.3528528,39.8134598],[116.352468,39.8135778],[116.3520719,39.8137053],[116.3516679,39.8138423],[116.3512595,39.8139887],[116.3508499,39.8141449],[116.3504428,39.8143108],[116.3500417,39.8144864],[116.3496498,39.8146718],[116.3492707,39.814867],[116.3489078,39.8150722],[116.3485646,39.8152872],[116.3482444,39.8155124],[116.3479509,39.8157475],[116.3476872,39.8159929],[116.3474528,39.8162546],[116.3472437,39.8165373],[116.3470587,39.8168391],[116.3468966,39.8171579],[116.346756,39.8174916],[116.3466359,39.8178382],[116.346535,39.8181957],[116.3464521,39.8185619],[116.346386,39.8189348],[116.3463353,39.8193124],[116.3462991,39.8196927],[116.3462759,39.8200736],[116.3462646,39.8204529],[116.3462639,39.8208287],[116.3462727,39.8211989],[116.3462897,39.8215615],[116.3463137,39.8219145],[116.3463435,39.8222556],[116.3463778,39.822583],[116.3464155,39.8228945],[116.3465423,39.8238777],[116.3466749,39.8249064],[116.3470721,39.8342209],[116.3470285,39.8355787],[116.3485429,39.8450437],[116.349064,39.8474307],[116.34939,39.8489245],[116.3499101,39.849716],[116.3502292,39.8501514],[116.3506643,39.850528],[116.3627583,39.8538165],[116.3633064,39.8540392],[116.3638587,39.8548753],[116.3642153,39.8555456],[116.3643928,39.8563744],[116.3644823,39.8570846],[116.364499,39.8576511],[116.3643365,39.8639648],[116.364208,39.8688727],[116.3641931,39.8695597],[116.3638257,39.8833415],[116.363599,39.890985],[116.3633973,39.8977868],[116.3633429,39.899618],[116.363411,39.9101316],[116.3633451,39.9121553],[116.3635147,39.9131802],[116.3644465,39.9170308],[116.3644894,39.9186664],[116.3645324,39.9230192],[116.3673241,39.9291833],[116.3676416,39.9303838],[116.3679848,39.9333471],[116.3683741,39.936595],[116.3684605,39.9397468],[116.3687757,39.9409061],[116.3690272,39.941438],[116.369404,39.9419151],[116.3705051,39.9426246],[116.3717047,39.9434746],[116.3718809,39.9437577],[116.3720098,39.9443172],[116.3720852,39.9457445],[116.3721068,39.9475335],[116.3716644,39.9525408],[116.3715569,39.9536901],[116.3713498,39.9562906],[116.371055,39.958442],[116.3702607,39.9671469],[116.3701223,39.9682719],[116.3699784,39.9764626]]},"properties":{"line_key":"19","name":"19号线","name_zh":"19号线","name_en":null,"ref":"19","osm_relation":13625326,"osm_name":"地铁 19号线：新宫 → 牡丹园","station_count":10,"way_count":3,"note":"","coord_system":"GCJ-02"}},{"type":"Feature","geometry":{"type":"LineString","coordinates":[[116.1003413,39.8892552],[116.1011338,39.8898903],[116.1017627,39.8903628],[116.1020845,39.8905747],[116.1024196,39.890758],[116.1028259,39.8909371],[116.1031812,39.8910503],[116.1036007,39.8911451],[116.1039239,39.8911975],[116.1042685,39.8912171],[116.1046532,39.8912171],[116.1049721,39.8911903],[116.1054333,39.8911182],[116.1059948,39.8910153],[116.1071074,39.8908403],[116.1079812,39.8907003],[116.1096483,39.8903995],[116.1107902,39.890321],[116.1126285,39.8904645],[116.1144628,39.8903835],[116.1151474,39.8903483],[116.1156441,39.8903182],[116.1171569,39.8902979],[116.1198337,39.8902137],[116.1205191,39.8902266],[116.1207904,39.8902427],[116.1210205,39.8902795],[116.1215093,39.8903725],[116.1218527,39.8904936],[116.1222765,39.8907211],[116.1226077,39.8909553],[116.1229078,39.8912741],[116.1231629,39.8916689],[116.1233451,39.892175],[116.1233773,39.8926113],[116.1233774,39.893418],[116.1233206,39.8956122],[116.1231397,39.8975138],[116.1230046,39.8990138],[116.1228711,39.9000924],[116.1226774,39.9018947],[116.1225245,39.9033179],[116.1222486,39.9050499],[116.1218097,39.9079679],[116.1214992,39.9102648],[116.1215045,39.9104655],[116.1215161,39.9106216],[116.1215527,39.9107637],[116.1216064,39.9109063],[116.1217072,39.9111087],[116.1217989,39.9112546],[116.1219227,39.9114042],[116.1220887,39.9115519],[116.1222736,39.9116937],[116.1224615,39.9118183],[116.1226795,39.9119255],[116.1228505,39.9119923],[116.12301,39.9120532],[116.1232172,39.9121005],[116.1234093,39.912145],[116.1237805,39.9121877],[116.1258039,39.9123549],[116.1265712,39.9124161],[116.1273422,39.9124946],[116.1276494,39.9125338],[116.1280231,39.9126193],[116.1283612,39.9127174],[116.1286002,39.912803],[116.1288168,39.9129008],[116.1291095,39.9130329],[116.1295673,39.9132985],[116.1322625,39.9149561],[116.1340515,39.9160476],[116.1384433,39.9187195],[116.1388108,39.9189252],[116.1391084,39.9190689],[116.1393597,39.9191692],[116.1396122,39.919247],[116.1398653,39.9193099],[116.1401339,39.919366],[116.1404135,39.9194159],[116.1438599,39.9199389],[116.144514,39.9200381],[116.145182,39.9201394],[116.1455911,39.9201912],[116.145974,39.9202402],[116.1464073,39.9203105],[116.1467237,39.9203859],[116.1470256,39.9204739],[116.147351,39.9206085],[116.1476378,39.9207612],[116.1479888,39.9210177],[116.1483709,39.9213424],[116.148562,39.9215336],[116.148778,39.9217317],[116.1499598,39.9230009],[116.1501317,39.9231594],[116.1503093,39.9232988],[116.1505183,39.9234268],[116.1507736,39.9235458],[116.1510182,39.923638],[116.1512186,39.9236886],[116.1514419,39.9237392],[116.1516514,39.9237655],[116.1519596,39.923775],[116.1531887,39.9237863],[116.1557079,39.923762],[116.1594773,39.9236218],[116.1632248,39.9235596],[116.1691628,39.9235406],[116.1698743,39.9235846],[116.1715581,39.9237223],[116.1724286,39.9238163],[116.1733059,39.9239526],[116.1740254,39.9240807],[116.1748492,39.9242705],[116.1780883,39.925077],[116.1791368,39.925324]]},"properties":{"line_key":"S1","name":"S1线","name_zh":"S1线","name_en":null,"ref":"S1","osm_relation":8008812,"osm_name":"磁悬浮 S1线: 石厂 → 苹果园","station_count":8,"way_count":5,"note":"monorail","coord_system":"GCJ-02"}},{"type":"Feature","geometry":{"type":"LineString","coordinates":[[116.6018094,39.8126144],[116.6009295,39.8118432],[116.5918511,39.8040573],[116.5913419,39.8036274],[116.5809969,39.7948468],[116.5802006,39.7941939],[116.5795845,39.7936788],[116.5785356,39.7927668],[116.577655,39.7921047],[116.5767416,39.7914784],[116.5752091,39.7903779],[116.5743388,39.7897784],[116.5737458,39.7893868],[116.5729265,39.7889248],[116.5715051,39.7881642],[116.5692968,39.7870605],[116.5677101,39.7862806],[116.5646092,39.7847738],[116.563435,39.7842034],[116.5623171,39.7836733],[116.5614283,39.7832485],[116.5532876,39.7793616],[116.5503494,39.777988],[116.545782,39.7757958],[116.5433872,39.7746063],[116.5419345,39.7739022],[116.5417738,39.7738243],[116.5405436,39.7732254],[116.539927,39.7729258],[116.5391231,39.7725456],[116.5382008,39.7720951],[116.5378914,39.771946],[116.5373494,39.771675],[116.5364971,39.7712753],[116.5361286,39.7711116],[116.5358945,39.7710252],[116.5356587,39.7709447],[116.5352222,39.7708293],[116.5346498,39.7707487],[116.5341322,39.7707155],[116.5335713,39.770733],[116.5333922,39.7707501],[116.5331959,39.7707765],[116.53297,39.7708139],[116.5327499,39.7708621],[116.5325905,39.7709048],[116.5324224,39.7709581],[116.532234,39.7710273],[116.531916,39.7711613],[116.5316077,39.771312],[116.5313088,39.7714885],[116.5310587,39.771649],[116.5307986,39.7718514],[116.5306145,39.7720036],[116.5304387,39.7721942],[116.5302764,39.7723881],[116.5228006,39.7816599],[116.521803,39.7828728],[116.5147514,39.7916034],[116.5134441,39.7932216],[116.5055356,39.8030092],[116.5046374,39.8041209],[116.5041391,39.8047367],[116.503924,39.8049981],[116.5037274,39.8052191],[116.5035111,39.8054368],[116.503279,39.8056476],[116.5030463,39.8058532],[116.5028062,39.8060524],[116.5025568,39.8062372],[116.502297,39.8064213],[116.5019792,39.8066321],[116.5016315,39.8068375],[116.5012016,39.8070611],[116.5009504,39.8071861],[116.5006507,39.8073172],[116.5003316,39.8074461],[116.5000205,39.8075645],[116.4997012,39.8076727],[116.4993751,39.8077651],[116.4990427,39.8078525],[116.4987133,39.8079356],[116.4983736,39.8080044],[116.497985,39.8080761],[116.4975215,39.8081388],[116.4970884,39.8081801],[116.4963756,39.8082215],[116.4956883,39.8082099],[116.495178,39.8081817],[116.4947028,39.8081293],[116.4943617,39.8080847],[116.4940405,39.8080314],[116.4936891,39.807964],[116.4934561,39.8079166],[116.4931723,39.8078487],[116.4928998,39.8077737],[116.4925745,39.8076715],[116.4922585,39.8075671],[116.4919379,39.8074515],[116.4916299,39.8073248],[116.4913247,39.8071938],[116.4906975,39.8069228],[116.4900799,39.8066561],[116.4897985,39.8065381],[116.4852643,39.8045971],[116.4849828,39.8044756],[116.4846745,39.8043499],[116.4843647,39.8042257],[116.4840582,39.8041042],[116.4835399,39.8039099],[116.4832709,39.803823],[116.4826798,39.8036427],[116.4823524,39.803551],[116.4820231,39.8034617],[116.4816981,39.8033787],[116.481364,39.8032998],[116.4810243,39.8032149],[116.4803479,39.803052],[116.4796736,39.8028895],[116.4752615,39.8018016],[116.474929,39.8017249],[116.4743029,39.8015908],[116.4736521,39.801488],[116.4730792,39.8014259],[116.4725325,39.801397],[116.4723334,39.8013922],[116.4719534,39.8013837],[116.4715771,39.8013831],[116.4712365,39.8013893],[116.470836,39.8014073],[116.4705849,39.8014241],[116.4698356,39.8015158],[116.4690292,39.8016598],[116.4681997,39.8018252],[116.4675331,39.8020005],[116.4672765,39.8020767],[116.4657546,39.8025158],[116.4652053,39.8026745],[116.4648836,39.8027833],[116.4645917,39.802904],[116.4642757,39.8030443],[116.4636854,39.8033492],[116.4634182,39.8035142],[116.4631628,39.8036824],[116.4629149,39.8038672],[116.4626796,39.804069],[116.4624437,39.8042872],[116.4622454,39.8044921],[116.4620527,39.8047098],[116.4618747,39.8049361],[116.4617028,39.805171],[116.4615525,39.8054105],[116.461402,39.8056708],[116.4612697,39.8059579],[116.4611689,39.8062209],[116.4610941,39.8064197],[116.4609023,39.8069535],[116.4607096,39.8074897],[116.460644,39.8076831],[116.4605774,39.8079019],[116.4605164,39.8081456],[116.4604696,39.8084412],[116.4604446,39.808699],[116.4604485,39.808969],[116.4604849,39.8092348],[116.4605361,39.8094976],[116.4606056,39.8097667],[116.4606823,39.8100341],[116.4607558,39.8102981],[116.460835,39.8105576],[116.4609128,39.8108237],[116.4609914,39.811089],[116.461054,39.8113055],[116.4611121,39.8115262],[116.4611574,39.8117507],[116.4611992,39.8120155],[116.4612213,39.8122874],[116.4612295,39.8125581],[116.4612252,39.8128336],[116.4611711,39.8147295],[116.4611039,39.8159925],[116.4610678,39.8168034],[116.4610329,39.8173387],[116.4608427,39.8193663],[116.4608237,39.8196053],[116.4607994,39.8198715],[116.4607757,39.8201381],[116.4607483,39.820421],[116.4606424,39.8215261],[116.4606163,39.8221233],[116.4606506,39.8227859],[116.4607127,39.8233743],[116.4607415,39.8236694],[116.4607564,39.8239166],[116.4606892,39.824689],[116.4605624,39.8254563],[116.4603576,39.8261819],[116.4600297,39.8269003],[116.4594478,39.8281221],[116.4586539,39.8297893],[116.458018,39.8308904],[116.4575025,39.8315296],[116.4570237,39.8319772],[116.4563923,39.8325168],[116.4555821,39.833029],[116.454514,39.8333998],[116.453317,39.8337424],[116.4519541,39.8340286],[116.450779,39.834208],[116.4502921,39.8342237],[116.448909,39.8342318],[116.4474882,39.8342399],[116.4386722,39.834227],[116.4377883,39.8343009],[116.437048,39.8344059],[116.4343241,39.8349505],[116.4304132,39.8357329],[116.4296247,39.8359922],[116.4289914,39.8363865],[116.4286545,39.8367805],[116.428485,39.8373634],[116.4284553,39.8410601],[116.4284462,39.8416615],[116.4284461,39.8417089],[116.4284066,39.841965],[116.4283642,39.8422404],[116.4283556,39.8424704],[116.4283589,39.8425722],[116.4283548,39.8428361],[116.4283308,39.8437514],[116.4283315,39.8444512]]},"properties":{"line_key":"Yizhuang","name":"亦庄线","name_zh":"亦庄线","name_en":null,"ref":"24","osm_relation":2201487,"osm_name":"地铁 亦庄线: 亦庄火车站 -> 宋家庄","station_count":14,"way_count":6,"note":"","coord_system":"GCJ-02"}},{"type":"Feature","geometry":{"type":"LineString","coordinates":[[116.495419,39.908708],[116.4967854,39.9086527],[116.4969618,39.9086465],[116.4970581,39.9086441],[116.4971449,39.9086421],[116.4973337,39.9086391],[116.4975266,39.9086376],[116.4977225,39.9086374],[116.49792,39.9086382],[116.4981178,39.9086399],[116.4983145,39.9086424],[116.498509,39.9086455],[116.4986997,39.9086491],[116.4988854,39.9086529],[116.4990647,39.908657],[116.4992364,39.908661],[116.4993992,39.9086648],[116.4995516,39.9086683],[116.4996924,39.9086714],[116.4998203,39.9086738],[116.499934,39.9086755],[116.500032,39.9086762],[116.5001132,39.9086757],[116.511013,39.9085318],[116.5128751,39.9085072],[116.5129467,39.9085056],[116.5130182,39.908503],[116.5130894,39.9084995],[116.5131606,39.9084951],[116.5132317,39.9084899],[116.5133028,39.9084842],[116.5133738,39.9084779],[116.5134449,39.9084713],[116.5135162,39.9084645],[116.5135876,39.9084576],[116.5136591,39.9084507],[116.5137309,39.9084439],[116.513803,39.9084373],[116.5138753,39.908431],[116.5139479,39.9084253],[116.5140211,39.9084202],[116.5140946,39.9084158],[116.5141686,39.9084122],[116.514243,39.9084096],[116.5143181,39.9084081],[116.5154552,39.9083931],[116.516562,39.9083783],[116.5167022,39.9083763],[116.5168434,39.9083739],[116.5170106,39.908371],[116.5172007,39.9083675],[116.5173921,39.9083637],[116.5176353,39.9083594],[116.5178731,39.9083549],[116.5181198,39.9083502],[116.5183722,39.9083453],[116.5186266,39.9083405],[116.5188798,39.9083356],[116.5190922,39.9083299],[116.5193686,39.9083262],[116.5195973,39.9083218],[116.519811,39.9083178],[116.5200063,39.9083142],[116.5201797,39.908311],[116.5203276,39.9083084],[116.520447,39.9083063],[116.520534,39.9083051],[116.5206667,39.9083025],[116.5208002,39.9083006],[116.5209343,39.9082995],[116.5210692,39.9082994],[116.5212049,39.9083003],[116.5213414,39.9083025],[116.5214786,39.9083061],[116.5216167,39.9083112],[116.5217555,39.9083179],[116.5218952,39.9083264],[116.5220355,39.9083368],[116.5221768,39.9083493],[116.522314,39.9083632],[116.5224438,39.9083779],[116.5225682,39.9083937],[116.5226893,39.9084107],[116.5228088,39.9084292],[116.5229289,39.9084493],[116.5230514,39.9084713],[116.5231783,39.9084953],[116.5233115,39.9085216],[116.5234532,39.9085503],[116.5236053,39.9085818],[116.5237697,39.908616],[116.5239484,39.9086534],[116.5241435,39.908694],[116.5243571,39.9087381],[116.5245909,39.9087861],[116.5248471,39.9088378],[116.5251276,39.9088937],[116.5254344,39.908954],[116.5257694,39.9090186],[116.5261145,39.9090819],[116.5264502,39.909138],[116.5267764,39.9091872],[116.5270925,39.9092301],[116.5273986,39.9092671],[116.527694,39.9092985],[116.5279785,39.9093249],[116.5282518,39.9093465],[116.5285132,39.909364],[116.5287628,39.9093776],[116.5289999,39.9093877],[116.5292245,39.909395],[116.5294358,39.9093996],[116.5296338,39.9094021],[116.529818,39.9094029],[116.5299881,39.9094023],[116.5301438,39.9094009],[116.5302847,39.9093989],[116.5304104,39.9093969],[116.5305207,39.9093952],[116.531452,39.9093829],[116.5323857,39.9093704],[116.5535387,39.9090875],[116.5546909,39.9090999],[116.5565283,39.9091473],[116.568747,39.9093694],[116.5689656,39.9093713],[116.5691726,39.909377],[116.5693661,39.9093827],[116.5695477,39.9093885],[116.5697191,39.9093948],[116.569882,39.9094013],[116.5700381,39.9094085],[116.5701891,39.9094163],[116.5703365,39.9094249],[116.5704822,39.9094343],[116.5706276,39.9094446],[116.5707745,39.9094562],[116.5709246,39.909469],[116.5710796,39.9094831],[116.571241,39.9094987],[116.5714105,39.9095157],[116.5715899,39.9095346],[116.5717809,39.9095552],[116.5719851,39.9095777],[116.5722041,39.9096022],[116.5724337,39.9096282],[116.5726675,39.9096546],[116.5729043,39.9096814],[116.5731426,39.9097083],[116.573381,39.9097352],[116.5736183,39.909762],[116.573853,39.9097885],[116.5740839,39.9098145],[116.5743093,39.9098399],[116.5745282,39.9098646],[116.5747391,39.9098884],[116.5749405,39.9099109],[116.5751313,39.9099323],[116.5753098,39.9099523],[116.5754749,39.9099707],[116.5756251,39.9099873],[116.575759,39.9100021],[116.5758752,39.9100148],[116.5759726,39.9100252],[116.5760496,39.9100335],[116.5761192,39.9100407],[116.5761953,39.9100486],[116.5762776,39.9100571],[116.5763658,39.9100661],[116.5764597,39.9100756],[116.5765594,39.9100854],[116.5766644,39.9100956],[116.5767744,39.9101062],[116.5767926,39.9101079],[116.5768896,39.9101169],[116.5770095,39.9101277],[116.5771341,39.9101387],[116.5772631,39.9101496],[116.5773962,39.9101605],[116.5775334,39.9101713],[116.5776744,39.9101819],[116.5778191,39.9101923],[116.5779672,39.9102024],[116.5781185,39.9102121],[116.5782728,39.9102214],[116.5784299,39.9102302],[116.5785875,39.9102377],[116.5787438,39.9102435],[116.5788984,39.9102475],[116.5790512,39.9102499],[116.5792017,39.9102509],[116.5793495,39.9102504],[116.5794942,39.9102487],[116.5796357,39.9102459],[116.5797735,39.9102421],[116.5799072,39.9102375],[116.5800365,39.910232],[116.580161,39.9102259],[116.5802806,39.9102193],[116.5803946,39.9102123],[116.5805028,39.9102049],[116.5806049,39.9101975],[116.5807005,39.9101899],[116.5807893,39.9101824],[116.5808709,39.9101751],[116.580945,39.9101681],[116.5810179,39.910161],[116.5810956,39.9101532],[116.5811773,39.910145],[116.5812624,39.9101362],[116.5813502,39.9101272],[116.58144,39.9101179],[116.581531,39.9101084],[116.5816227,39.9100987],[116.5817142,39.9100889],[116.581805,39.9100792],[116.5818943,39.9100696],[116.5819814,39.9100602],[116.5820658,39.910051],[116.5821466,39.9100423],[116.5822231,39.9100339],[116.5822947,39.9100259],[116.5823607,39.9100187],[116.5824204,39.9100119],[116.5824731,39.910006],[116.5825182,39.9100008],[116.5825988,39.9099913],[116.5826805,39.9099817],[116.5827634,39.9099719],[116.5828474,39.9099619],[116.5829328,39.9099518],[116.5830197,39.9099416],[116.5831081,39.9099311],[116.5831982,39.9099204],[116.5832902,39.9099095],[116.583384,39.9098984],[116.58348,39.909887],[116.583578,39.9098755],[116.5836782,39.9098637],[116.5837808,39.9098515],[116.5838859,39.9098392],[116.5839936,39.9098265],[116.5841039,39.9098135],[116.5842171,39.9098002],[116.5843332,39.9097866],[116.5844523,39.9097726],[116.5845783,39.9097579],[116.5847145,39.9097419],[116.5848599,39.9097248],[116.5850135,39.9097067],[116.5851743,39.9096878],[116.5853414,39.9096683],[116.5855137,39.9096482],[116.5856904,39.9096278],[116.5858703,39.9096071],[116.5860527,39.9095864],[116.5862365,39.9095656],[116.5864206,39.909545],[116.5866043,39.9095248],[116.5867863,39.9095049],[116.5869659,39.9094858],[116.587142,39.9094673],[116.5873136,39.9094498],[116.5874798,39.9094331],[116.5876396,39.9094178],[116.5877921,39.9094037],[116.5879352,39.909391],[116.5880681,39.9093797],[116.5881919,39.9093698],[116.5883075,39.909361],[116.5884157,39.9093533],[116.5885175,39.9093465],[116.5886138,39.9093407],[116.5887054,39.9093357],[116.5887934,39.9093314],[116.5888787,39.9093276],[116.588962,39.9093242],[116.5890445,39.9093214],[116.5891269,39.9093188],[116.5892103,39.9093165],[116.5892953,39.9093141],[116.5893833,39.9093119],[116.5894747,39.9093094],[116.5895709,39.9093069],[116.5896724,39.9093039],[116.5897804,39.9093005],[116.5899106,39.9092968],[116.5900756,39.9092927],[116.5902713,39.9092881],[116.5904936,39.9092833],[116.5907382,39.9092784],[116.5910012,39.9092732],[116.5912784,39.9092679],[116.5915657,39.9092626],[116.5918589,39.9092573],[116.5921539,39.909252],[116.5924467,39.9092469],[116.5927331,39.909242],[116.5930089,39.9092372],[116.59327,39.9092327],[116.5935124,39.9092286],[116.5937318,39.9092249],[116.5939242,39.9092216],[116.5940855,39.9092189],[116.5942116,39.9092167],[116.5942982,39.9092151],[116.5943819,39.9092133],[116.5944995,39.9092107],[116.594647,39.9092072],[116.5948208,39.9092032],[116.5950167,39.9091984],[116.5952311,39.9091931],[116.59546,39.9091875],[116.5956998,39.9091816],[116.5959464,39.9091755],[116.5961961,39.9091692],[116.5964449,39.909163],[116.5966892,39.9091569],[116.5969249,39.909151],[116.5971482,39.9091454],[116.5973554,39.9091402],[116.5975426,39.9091355],[116.5977059,39.9091314],[116.5978414,39.909128],[116.5979453,39.9091254],[116.5980139,39.9091237],[116.5989267,39.9091044],[116.5998399,39.9090851],[116.6001533,39.9090769],[116.6048264,39.9089532],[116.6050013,39.9089487],[116.6051664,39.908944],[116.6053221,39.908939],[116.6054693,39.9089337],[116.6056086,39.9089278],[116.6057408,39.9089214],[116.6058664,39.9089144],[116.6059863,39.9089064],[116.6061011,39.9088975],[116.6062115,39.9088875],[116.6063181,39.9088764],[116.6064218,39.908864],[116.606523,39.9088502],[116.6066226,39.9088349],[116.6067214,39.9088181],[116.6068198,39.9087995],[116.6069187,39.908779],[116.6070187,39.9087566],[116.6071206,39.9087321],[116.6072249,39.9087055],[116.6073342,39.9086753],[116.6074494,39.9086403],[116.6075698,39.9086011],[116.6076944,39.9085584],[116.6078225,39.9085125],[116.6079529,39.9084641],[116.6080849,39.9084136],[116.6082176,39.9083615],[116.6083499,39.9083085],[116.6084812,39.908255],[116.6086104,39.9082015],[116.6087365,39.9081486],[116.6088588,39.9080969],[116.6089762,39.9080467],[116.6090881,39.9079986],[116.6091933,39.9079532],[116.609291,39.9079111],[116.6093804,39.9078727],[116.6094603,39.9078385],[116.6095301,39.907809],[116.6095958,39.9077817],[116.6096637,39.9077533],[116.6097341,39.9077241],[116.6098066,39.9076939],[116.6098813,39.9076628],[116.6099582,39.9076307],[116.6100371,39.9075978],[116.6101181,39.9075642],[116.6102008,39.9075296],[116.6102856,39.9074941],[116.610372,39.9074579],[116.6104603,39.907421],[116.6105501,39.9073832],[116.6106416,39.9073447],[116.6107346,39.9073054],[116.6108291,39.9072656],[116.610925,39.907225],[116.6110222,39.9071837],[116.6111207,39.9071418],[116.6112205,39.9070992],[116.6131242,39.9062856],[116.6135921,39.9061153],[116.6140439,39.9059749],[116.614437,39.905878],[116.6148854,39.905801],[116.6153229,39.9057516],[116.615706,39.9057251],[116.6160928,39.9057235],[116.6165002,39.9057393],[116.6169243,39.9057786],[116.6176442,39.9059146],[116.6185834,39.9060993],[116.6195128,39.9062895],[116.6198905,39.9063616],[116.620378,39.9064317],[116.620962,39.906474],[116.6215719,39.9064649],[116.6221728,39.906412],[116.6227825,39.906319],[116.6236265,39.9062214],[116.6242512,39.9061709],[116.6248859,39.9061388],[116.6331589,39.9060366],[116.6338661,39.9060112],[116.63408,39.9059966],[116.6343275,39.9059577],[116.6346215,39.9058967],[116.6349024,39.9058183],[116.6353159,39.9056495],[116.6355381,39.9055408],[116.6356914,39.9054462],[116.6359535,39.9052905],[116.6361644,39.9051307],[116.6363763,39.9049503],[116.6365774,39.9047224],[116.6372378,39.9037594],[116.6409071,39.8983113],[116.6419739,39.8967169],[116.6427114,39.8956147],[116.6429041,39.8953453],[116.643123,39.89506],[116.6433631,39.8948102],[116.6436537,39.894566],[116.6439645,39.8943457],[116.6442645,39.8941604],[116.6446378,39.8939738],[116.6451285,39.8937793],[116.6457455,39.893592],[116.6465926,39.8933477],[116.6481608,39.8928842],[116.6483031,39.8928439],[116.6512582,39.8920087],[116.6574855,39.8902411],[116.6607126,39.889325],[116.6612016,39.889175],[116.6616158,39.8890286],[116.6619938,39.8888565],[116.6624085,39.8886304],[116.6627866,39.8883606],[116.6632119,39.8880302],[116.668607,39.8836437],[116.6780879,39.8759695],[116.67877,39.8754176],[116.6794128,39.8748973],[116.6794279,39.8748845],[116.6795605,39.8747746],[116.6797256,39.8746412],[116.6798942,39.8745028],[116.6800744,39.8743584],[116.6802532,39.8742197],[116.6804289,39.8740869],[116.6806008,39.8739627],[116.6807598,39.8738549],[116.6809036,39.8737579],[116.6810294,39.8736794],[116.6811592,39.8736029],[116.6813185,39.8735109],[116.6815068,39.8734062],[116.6817235,39.873292],[116.6819677,39.8731712],[116.6822389,39.8730468],[116.6825444,39.8729272],[116.682862,39.8728079],[116.6830312,39.8727454],[116.683209,39.8726869],[116.6833896,39.8726273],[116.6835759,39.8725703],[116.6836777,39.8725426],[116.6838297,39.8725003],[116.6839822,39.8724572],[116.6841437,39.8724133],[116.6843127,39.8723671],[116.6844823,39.872321],[116.6846488,39.8722761],[116.6848087,39.8722333],[116.6849582,39.8721936],[116.6850938,39.872158],[116.6852119,39.8721273],[116.6862077,39.8718679],[116.6871775,39.8716152],[116.6875667,39.8715169],[116.688137,39.8713731],[116.6886924,39.8712329],[116.6891472,39.8711182],[116.6897521,39.8709655],[116.6900328,39.8708962],[116.690233,39.8708443],[116.6904593,39.8707857],[116.6907016,39.8707228],[116.69095,39.8706584],[116.6911942,39.8705949],[116.6914164,39.8705376],[116.6916307,39.8704814],[116.6918028,39.8704366],[116.6919588,39.8703951],[116.692123,39.8703488],[116.6922944,39.8702966],[116.6924722,39.8702374],[116.6926556,39.8701696],[116.6928436,39.8700923],[116.6930356,39.8700042],[116.6932307,39.869904],[116.6934278,39.8697907],[116.6936263,39.8696627],[116.6938197,39.8695273],[116.6940025,39.8693906],[116.6941747,39.8692509],[116.6943365,39.8691062],[116.6944881,39.8689546],[116.6946295,39.8687942],[116.6947612,39.868623],[116.6948832,39.8684393],[116.6949956,39.8682412],[116.6950986,39.8680266],[116.6973591,39.8631336],[116.697486,39.8628636],[116.6975889,39.8626213],[116.6976654,39.8623964],[116.697713,39.862179],[116.6977292,39.861959],[116.6977116,39.8617262],[116.6976576,39.8614706],[116.6975646,39.8611821],[116.6974304,39.8608507],[116.6972523,39.8604661],[116.6949983,39.856539],[116.6937808,39.8544193],[116.6936216,39.8541547],[116.6935112,39.8539509],[116.6934242,39.8537667],[116.6933533,39.8535943],[116.6932909,39.8534266],[116.6932298,39.8532558],[116.6931624,39.8530745],[116.6930812,39.8528753],[116.692979,39.8526507],[116.6928482,39.8523934],[116.6926815,39.8520955],[116.692047,39.8512215],[116.6913249,39.8505338],[116.690546,39.8500105],[116.6897408,39.849629],[116.6889402,39.8493671],[116.6881746,39.8492025],[116.687475,39.8491132],[116.6868719,39.8490767],[116.6863961,39.8490708],[116.6860783,39.8490732],[116.6827115,39.8490616],[116.6814772,39.8490573],[116.6794419,39.8490589]]},"properties":{"line_key":"Batong","name":"八通线","name_zh":"八通线","name_en":null,"ref":"1E","osm_relation":1667272,"osm_name":"地铁 八通线: 四惠 → 环球度假区","station_count":15,"way_count":14,"note":"also included in line 1 relation","coord_system":"GCJ-02"}},{"type":"Feature","geometry":{"type":"LineString","coordinates":[[116.4169079,39.5138409],[116.4164423,39.5169809],[116.4162709,39.5183016],[116.4161449,39.5190053],[116.4160057,39.5195725],[116.4158556,39.520059],[116.4151989,39.5218991],[116.414998,39.5225118],[116.4147782,39.523259],[116.4146227,39.5238861],[116.414462,39.5247554],[116.4128338,39.5352318],[116.4122714,39.5387314],[116.4121913,39.5393708],[116.4120574,39.5410466],[116.411934,39.5421202],[116.4119035,39.5423528],[116.4113957,39.5454434],[116.4112658,39.5462679],[116.411239,39.546421],[116.4106066,39.5504222],[116.4105842,39.5505613],[116.4104643,39.5514023],[116.4099353,39.554805],[116.409565,39.5570547],[116.4091578,39.5596193],[116.408954,39.560923],[116.4087232,39.5621655],[116.4084549,39.5634492],[116.4081435,39.5647376],[116.407816,39.565885],[116.407464,39.5670268],[116.4066186,39.5692565],[116.4061514,39.5704162],[116.405614,39.5716056],[116.4044969,39.5737963],[116.4036268,39.5752621],[116.4022093,39.5776379],[116.4010807,39.5792325],[116.3998777,39.5808424],[116.3965394,39.5850019],[116.394388,39.5877414],[116.3923333,39.5904886],[116.3914948,39.5916808],[116.3904365,39.5933846],[116.3894877,39.5951389],[116.3886243,39.5968315],[116.3879544,39.5983086],[116.387381,39.5997653],[116.3866893,39.6017139],[116.3860835,39.603757],[116.3857996,39.6049451],[116.3855716,39.6060602],[116.3853225,39.6072777],[116.3851886,39.6083176],[116.3850653,39.6091893],[116.3849742,39.6100224],[116.3848886,39.611252],[116.3848352,39.6134333],[116.3847978,39.6150487],[116.3847979,39.6161639],[116.3848198,39.6187843],[116.3848416,39.6212482],[116.3848097,39.6236208],[116.3848102,39.6273987],[116.3847244,39.6298803],[116.3844776,39.6328089],[116.3842302,39.6343655],[116.3836715,39.6371191],[116.3829193,39.6401294],[116.3817374,39.6437661],[116.3796004,39.6501759],[116.376228,39.6602347],[116.3749606,39.6641238],[116.3742194,39.6663697],[116.3737039,39.6679263],[116.3731881,39.669454],[116.3720442,39.672847],[116.3714373,39.6746756],[116.3709861,39.676013],[116.3701158,39.678638],[116.3698213,39.6794739],[116.368822,39.6825154],[116.368533,39.6837374],[116.3684691,39.685297],[116.368597,39.6863113],[116.3688961,39.6871651],[116.3694344,39.6887037],[116.3696514,39.6895043],[116.3697118,39.6909104],[116.3696359,39.6916444],[116.369474,39.6923163],[116.3693013,39.692963],[116.3686122,39.6949153],[116.3679023,39.6964761],[116.3677705,39.6967761],[116.3673241,39.6978659],[116.3672491,39.6981034],[116.3671103,39.6985426],[116.3669166,39.6993032],[116.3667827,39.6999374],[116.3667037,39.7006717],[116.3666807,39.7013696],[116.3667237,39.702121],[116.3668368,39.7035288],[116.3668492,39.7047053],[116.366688,39.7104802],[116.3660662,39.7232239],[116.3660392,39.728554],[116.3658247,39.7347067],[116.365774,39.7354812],[116.365595,39.7384763],[116.3643055,39.746135],[116.3635822,39.7498427],[116.3626532,39.7535116],[116.3621277,39.7558325],[116.3605957,39.7618928],[116.3605023,39.7623227],[116.3604653,39.7626138],[116.3604414,39.7630047],[116.360378,39.7693593],[116.3605004,39.7752597],[116.3606363,39.7780428],[116.3607522,39.7789902],[116.3610334,39.7798385],[116.3623063,39.782906],[116.3637068,39.7860971],[116.364369,39.7873285],[116.3646133,39.7880253],[116.3646639,39.7889553],[116.3644998,39.7902608],[116.3642167,39.7916233],[116.3636595,39.793695],[116.3629029,39.7957109],[116.3603968,39.8008199],[116.3587365,39.8032864],[116.3570025,39.8051271],[116.3544878,39.8070495],[116.3504135,39.8097366],[116.3486419,39.8113336],[116.3475456,39.8126314],[116.3467378,39.8138723],[116.3461125,39.815158],[116.3456792,39.8166007],[116.3453908,39.8182477],[116.3455249,39.8201366],[116.3460739,39.8254192],[116.3464293,39.8290312],[116.3465548,39.8354541],[116.3470648,39.8404888],[116.3476666,39.8434688],[116.3486407,39.8474658],[116.3491135,39.8494058]]},"properties":{"line_key":"DaxingAirport","name":"大兴机场线","name_zh":"大兴机场线","name_en":null,"ref":null,"osm_relation":10136948,"osm_name":"地铁 大兴机场线: 大兴机场 -> 草桥","station_count":3,"way_count":8,"note":"","coord_system":"GCJ-02"}},{"type":"Feature","geometry":{"type":"LineString","coordinates":[[116.3238237,39.8614177],[116.3235859,39.8599398],[116.3230877,39.8568606],[116.3228743,39.8557559],[116.322642,39.8546259],[116.3221353,39.8529999],[116.3217284,39.8516351],[116.3214301,39.850686],[116.3211646,39.8496249],[116.3211476,39.8495565],[116.3211296,39.8494848],[116.3210593,39.8492035],[116.3209058,39.8486025],[116.3208956,39.8485623],[116.3208677,39.8484532],[116.3208241,39.8482821],[116.3205891,39.8475326],[116.3203758,39.8465975],[116.3200391,39.8451465],[116.319938,39.8447315],[116.3198826,39.8442652],[116.3198455,39.8438586],[116.3198035,39.8433517],[116.3198202,39.8401],[116.3199238,39.8371612],[116.3199469,39.8366301],[116.3199004,39.8355854],[116.3198877,39.8344412],[116.3200719,39.8320638],[116.3200718,39.8313955],[116.3200041,39.8300361],[116.3199784,39.8298592],[116.3198825,39.8291552],[116.3197366,39.8280837],[116.3196884,39.8274042],[116.3197512,39.8267772],[116.3198495,39.826212],[116.3201197,39.8246431],[116.3203538,39.8237803],[116.3206781,39.8230696],[116.3209123,39.8225728],[116.3212816,39.8219933],[116.3214348,39.8216552],[116.3214855,39.8212079],[116.3214961,39.8208103],[116.3212295,39.8200499],[116.3208706,39.8197142],[116.3202628,39.819359],[116.3195522,39.8192597],[116.3186211,39.8192253],[116.317008,39.8192713],[116.3152953,39.8193745],[116.3147865,39.8194374],[116.3128683,39.8196293],[116.3115562,39.8197607],[116.3104997,39.8198119],[116.3093892,39.8198207],[116.3082342,39.8197893],[116.3078233,39.8197429],[116.3074965,39.8197001],[116.3069599,39.8196084],[116.3064015,39.8195168],[116.304933,39.8192344],[116.3036396,39.8188638],[116.3032475,39.8187269],[116.302878,39.8185189],[116.3025966,39.8182796],[116.3024028,39.8180679],[116.3021289,39.8175916],[116.3020244,39.8173315],[116.3019553,39.817072],[116.3018862,39.8167484],[116.301867,39.8165229],[116.3018617,39.8163559],[116.301862,39.8161723],[116.3018604,39.8146283],[116.3019245,39.8120024],[116.3019062,39.8117287],[116.3018685,39.8113374],[116.3017455,39.810751],[116.3016117,39.8103873],[116.3014658,39.8101494],[116.30125,39.8099486],[116.300934,39.8097686],[116.3006089,39.8096446],[116.3002473,39.8095509],[116.2941409,39.8085637],[116.2937672,39.8084921],[116.2934513,39.808423],[116.2931035,39.8083204],[116.2927572,39.8081907],[116.2925065,39.8080945],[116.2914933,39.8077024],[116.29016,39.8071864],[116.2896335,39.8069755],[116.2880437,39.8063263],[116.287279,39.8060538],[116.2863833,39.8057598],[116.2853797,39.8054573],[116.284523,39.8051906],[116.2839645,39.8050061],[116.2834374,39.8048006],[116.2789947,39.802846],[116.2784126,39.802591],[116.2777301,39.8023288],[116.2770905,39.8021158],[116.2764942,39.8019458],[116.2758357,39.8017859],[116.2753095,39.8016797],[116.274825,39.8015809],[116.2742076,39.8014879],[116.2632756,39.8003303],[116.2622047,39.8001991],[116.2615252,39.8000898],[116.2492307,39.798039],[116.2472055,39.7976804],[116.2460722,39.7975322],[116.2450484,39.7974229],[116.2442696,39.7973662],[116.2293926,39.7966003],[116.2285863,39.7965359],[116.2275783,39.7964063],[116.2259279,39.7961209],[116.2255614,39.7960643],[116.2251704,39.7960084],[116.2245263,39.7959076],[116.2239587,39.7958092],[116.2233239,39.7956964],[116.2199334,39.795089],[116.2194813,39.795008],[116.2188355,39.794885],[116.2181733,39.7947592],[116.2175281,39.7946298],[116.2172159,39.7945503],[116.2169038,39.7944617],[116.216654,39.7943673],[116.2164041,39.7942667],[116.2162272,39.7941854],[116.216057,39.7941026],[116.2158575,39.794004],[116.2156867,39.7939089],[116.2154911,39.7937858],[116.2153156,39.7936594],[116.2151354,39.7935265],[116.2149596,39.7933877],[116.2147271,39.7931713],[116.2145316,39.7929592],[116.2143281,39.792712],[116.2141382,39.7924445],[116.2139732,39.7921554],[116.2138455,39.7919044],[116.2137643,39.7917212],[116.2136957,39.7915017],[116.2136255,39.7912157],[116.2135894,39.7910035],[116.2135702,39.7908107],[116.2135602,39.7905526],[116.2135669,39.790299],[116.2136133,39.7899032],[116.2137261,39.7894959],[116.2150016,39.7860899],[116.215358,39.7849559],[116.2155305,39.7843999],[116.2157066,39.7837907],[116.2161023,39.7823028],[116.2162141,39.7817697],[116.2163417,39.7811233],[116.216435,39.7805965],[116.2165765,39.7798116],[116.2167812,39.7784385],[116.2171044,39.7764208],[116.2176301,39.7726578],[116.2177391,39.7720283],[116.2179244,39.7713284],[116.2180004,39.7708638],[116.2182777,39.7671583],[116.2182171,39.7667751],[116.2180501,39.7662501],[116.2179001,39.765983],[116.2177222,39.7657101],[116.2174013,39.7653205],[116.2169992,39.7649261],[116.2164627,39.7645907],[116.2160306,39.7643736],[116.2155944,39.7641859],[116.2151163,39.7640285],[116.2145933,39.7639114],[116.2139989,39.7638557],[116.2133187,39.7638366],[116.2125688,39.7638177],[116.2118261,39.7637975],[116.210952,39.7637797],[116.2092479,39.7637836],[116.208767,39.7637593],[116.2077805,39.7637308],[116.2056727,39.7636617],[116.203261,39.7636339],[116.1991284,39.7637258],[116.1942013,39.7637729],[116.1937825,39.7637611],[116.1933668,39.7637299],[116.1929898,39.7636586],[116.1926023,39.7635641],[116.1922504,39.7634407],[116.1918882,39.7632995],[116.1915824,39.7631586],[116.1912538,39.7629698],[116.1909517,39.7627566],[116.1906368,39.762536],[116.190335,39.7622221],[116.1901573,39.7619948],[116.1898663,39.7615554],[116.189676,39.7611782],[116.1894291,39.7606705],[116.1891794,39.760157],[116.189031,39.7598512],[116.1878103,39.7573335],[116.1875049,39.7567035],[116.1872196,39.7560254],[116.1857965,39.7531222],[116.1856686,39.7528176],[116.1855624,39.752567],[116.185456,39.7522513],[116.1853787,39.7518977],[116.1853071,39.7515043],[116.1852484,39.7509687],[116.1851303,39.7498292],[116.1850792,39.7494145],[116.1849773,39.7486926],[116.1849132,39.7483776],[116.1848691,39.7478878],[116.184839,39.7474079],[116.1847742,39.7455765],[116.1846414,39.7442039],[116.1845373,39.7431281],[116.1844605,39.7422834],[116.1840599,39.7378759],[116.1838492,39.7355568],[116.1836342,39.7331907],[116.183552,39.7322848],[116.1834761,39.7317921],[116.1834601,39.7316216],[116.1834179,39.7312047],[116.1833849,39.7302458],[116.183374,39.7297549],[116.1833614,39.7292753],[116.1834375,39.7276932],[116.1834634,39.7264795],[116.1833881,39.7260811],[116.1832777,39.725733],[116.1831522,39.7254818],[116.1830217,39.7252458],[116.1828362,39.724987],[116.18258,39.7247048],[116.1823443,39.724473],[116.1820606,39.724242],[116.1816813,39.7239913],[116.1812898,39.7237908],[116.1808227,39.7235942],[116.1803257,39.7234324],[116.1797694,39.7233201],[116.1791997,39.7232602],[116.17886,39.7232518],[116.1783667,39.7232466],[116.1778341,39.7232557],[116.1771579,39.723265],[116.1764506,39.7232692],[116.1757573,39.723266],[116.1755233,39.7232626],[116.1735256,39.7232574],[116.1718588,39.7232077],[116.1587978,39.7232198],[116.1569974,39.7232561],[116.1562297,39.7232615],[116.1554627,39.7232668],[116.1550063,39.7232624],[116.153227,39.7232194],[116.1512297,39.7232182],[116.1492798,39.7232528],[116.140733,39.7232703],[116.126715,39.723247],[116.1252498,39.7232444],[116.1238395,39.7232455],[116.1232234,39.723246],[116.1229106,39.7232462],[116.1204211,39.7232479],[116.1201502,39.7232512],[116.1198516,39.7232572],[116.1195223,39.7232862],[116.1193078,39.723319],[116.1190678,39.7233576],[116.118668,39.7234465],[116.118218,39.7235953],[116.1179688,39.7236996],[116.117709,39.7238091],[116.1174277,39.7239589],[116.1171759,39.7241179],[116.1167593,39.7244121],[116.1163467,39.7247187],[116.1157372,39.7251791],[116.1152229,39.7255826],[116.1144726,39.7262226],[116.1135174,39.7269771],[116.1128127,39.7274652],[116.1122955,39.727811],[116.1119419,39.7280226],[116.1116524,39.7281826],[116.1113161,39.7283384],[116.1109892,39.7284572],[116.1105336,39.7285944],[116.1100619,39.728704],[116.109613,39.7287804],[116.1092136,39.7288228],[116.1070759,39.7288788],[116.1058066,39.7288975],[116.104371,39.7289109],[116.1033307,39.7289191],[116.1018426,39.7289395],[116.1008572,39.7289694],[116.099831,39.728978],[116.0992875,39.7289824],[116.0977998,39.7290129],[116.096656,39.7290405]]},"properties":{"line_key":"Fangshan","name":"房山线","name_zh":"房山线","name_en":null,"ref":"25","osm_relation":1721084,"osm_name":"地铁 房山线: 东管头南 -> 阎村东","station_count":16,"way_count":11,"note":"","coord_system":"GCJ-02"}},{"type":"Feature","geometry":{"type":"LineString","coordinates":[[116.1956685,40.2445305],[116.2043739,40.243497],[116.2052755,40.2429795],[116.2065521,40.2415297],[116.2078541,40.2399426],[116.209044,40.2385472],[116.2094084,40.2379966],[116.2096619,40.2373687],[116.2099882,40.2351779],[116.2103291,40.2335573],[116.2106143,40.2328683],[116.2115202,40.2314026],[116.2147678,40.2262618],[116.218125,40.2229223],[116.2186553,40.2225636],[116.2218393,40.2213327],[116.2254562,40.2202972],[116.2269845,40.2201369],[116.2335802,40.2205075],[116.2360879,40.2206675],[116.2395519,40.2208223],[116.2417509,40.2209119],[116.2442361,40.2210135],[116.2471137,40.2211353],[116.2501974,40.2212545],[116.2522752,40.2213496],[116.2559075,40.221511],[116.2593111,40.22164],[116.2627828,40.2217718],[116.2661569,40.2218065],[116.2693244,40.2218485],[116.2815215,40.2218926],[116.2854651,40.221913],[116.2866433,40.2217796],[116.2871924,40.2216164],[116.2875791,40.2212716],[116.2877286,40.2210383],[116.2879328,40.2088159],[116.2879481,40.2078998],[116.2879575,40.207335],[116.2879163,40.2070192],[116.2878483,40.2068125],[116.2877012,40.2065784],[116.2875498,40.2063829],[116.2867487,40.2055902],[116.2862858,40.2049817],[116.2859028,40.2043352],[116.2857071,40.2039565],[116.2855539,40.2034805],[116.2854838,40.2025675],[116.2855225,40.1972656],[116.2852915,40.1962782],[116.2850365,40.1958772],[116.2846539,40.1955408],[116.2832368,40.1948802],[116.2749088,40.1927384],[116.2742609,40.1925175],[116.273761,40.1922402],[116.2735123,40.1919804],[116.2732212,40.1914935],[116.2730746,40.1906839],[116.2731809,40.1877786],[116.2732358,40.1865801],[116.2733001,40.1859608],[116.2733647,40.1856251],[116.2737302,40.1841958],[116.2739287,40.183474],[116.2752483,40.1786882],[116.2760927,40.175597],[116.2763916,40.1745677],[116.2766526,40.1738105],[116.2771267,40.1725272],[116.2780638,40.1701872],[116.2782272,40.1697541],[116.2783746,40.169348],[116.27857,40.1688196],[116.2787943,40.1683132],[116.2790496,40.1677399],[116.2800535,40.1654019],[116.2803814,40.1646238],[116.2806175,40.1640637],[116.2807905,40.1636968],[116.2809475,40.1633078],[116.2812807,40.162564],[116.2814754,40.1621091],[116.2824142,40.1598216],[116.2828617,40.1587934],[116.2833967,40.1575127],[116.2841949,40.1558092],[116.2850238,40.1541531],[116.285739,40.1526572],[116.2868171,40.1505353],[116.2869582,40.1502684],[116.2870732,40.1500603],[116.2871667,40.149909],[116.2873799,40.1496236],[116.2875635,40.1494023],[116.2877471,40.1492052],[116.2882803,40.148711],[116.288795,40.1482591],[116.2893142,40.1478033],[116.2898831,40.1473141],[116.2901076,40.1471049],[116.2903275,40.146894],[116.2905225,40.1466588],[116.2907209,40.1464459],[116.2908865,40.1462128],[116.2910463,40.1459729],[116.2912056,40.1457334],[116.2913645,40.1454649],[116.2923541,40.1434924],[116.2925438,40.1430653],[116.2926636,40.1426885],[116.2927369,40.1424142],[116.2927847,40.1421797],[116.2935973,40.1373246],[116.293629,40.1371084],[116.2937705,40.1360825],[116.2937953,40.1358135],[116.2939158,40.13398],[116.2939317,40.1330202],[116.2939509,40.1327214],[116.2939669,40.1324619],[116.2939732,40.1322171],[116.2939572,40.1319796],[116.2939176,40.1315075],[116.2938776,40.1309204],[116.2938388,40.1303493],[116.2938195,40.1299269],[116.2938211,40.1296821],[116.2938387,40.1294078],[116.2938595,40.129245],[116.2938947,40.1290504],[116.2939348,40.128873],[116.2939861,40.1287003],[116.2940712,40.1284771],[116.2941466,40.1283095],[116.2942267,40.1281566],[116.2943373,40.1279804],[116.2944432,40.1278215],[116.2945843,40.1276355],[116.294751,40.1274471],[116.2949033,40.1272894],[116.2950684,40.1271317],[116.2952467,40.126983],[116.2954301,40.1268443],[116.2956443,40.1266948],[116.2958718,40.1265522],[116.2960908,40.1264212],[116.2963617,40.126294],[116.2966061,40.1261893],[116.2968845,40.1260895],[116.2971977,40.1259914],[116.2975357,40.1259004],[116.2978467,40.1258367],[116.2981812,40.1257841],[116.2984934,40.1257487],[116.298738,40.1257326],[116.2996989,40.1257028],[116.3023932,40.1256373],[116.3029668,40.1255919],[116.3034438,40.1255125],[116.3040779,40.1253554],[116.3045392,40.1251934],[116.3049943,40.124995],[116.3053727,40.124782],[116.3057224,40.1245472],[116.3060594,40.1242613],[116.3063523,40.1239531],[116.3066011,40.1236394],[116.3068661,40.1232693],[116.3070634,40.1229319],[116.3072099,40.1225871],[116.3073506,40.12215],[116.3083708,40.1190599],[116.3086743,40.1181568],[116.3088335,40.1176978],[116.3095279,40.1154051],[116.309708,40.1148156],[116.3102061,40.1132201],[116.310318,40.1128441],[116.3105529,40.1123067],[116.3108277,40.1117588],[116.3111405,40.1111427],[116.311267,40.1108755],[116.3114433,40.1104896],[116.3115905,40.1101192],[116.3117427,40.1096328],[116.3120083,40.1088128],[116.3128366,40.106278],[116.3132531,40.1049924],[116.3134885,40.1042697],[116.3137322,40.1035426],[116.3139129,40.1029683],[116.3141542,40.1022396],[116.3142261,40.1020368],[116.3143749,40.101569],[116.3144413,40.1013601],[116.3144798,40.1011957],[116.3145116,40.1010069],[116.3145252,40.1008094],[116.3145229,40.1005895],[116.3145138,40.1003782],[116.3145011,40.1001998],[116.314448,40.0999796],[116.3143867,40.099782],[116.3142936,40.0995705],[116.3141983,40.0993885],[116.314078,40.0992029],[116.3138838,40.0989525],[116.3137216,40.098772],[116.3135297,40.0985907],[116.3133505,40.0984397],[116.3131383,40.098286],[116.3129716,40.0981758],[116.3126993,40.098022],[116.3124197,40.0978752],[116.3119941,40.0977125],[116.3115875,40.097607],[116.3112055,40.0975432],[116.3104588,40.0974293],[116.3099946,40.0973494],[116.3093564,40.0972512],[116.3086754,40.0971676],[116.3082811,40.0971086],[116.3078752,40.0970328],[116.3074233,40.0969447],[116.3071404,40.0968857],[116.3061223,40.0966574],[116.3040646,40.0961167],[116.3032409,40.0959081],[116.3028118,40.0958041],[116.3024568,40.0957346],[116.3017733,40.0956408],[116.3014396,40.0956123],[116.3010556,40.0955941],[116.3006786,40.0955854],[116.2999945,40.0955749],[116.2996145,40.0955614],[116.2992166,40.0955379],[116.2988888,40.0955032],[116.2985045,40.0954515],[116.2973125,40.0952812],[116.2964375,40.0951633],[116.296192,40.0951363],[116.2957479,40.0950924],[116.295545,40.0950721],[116.2950159,40.0950013],[116.2942439,40.0948811],[116.2934735,40.0947612],[116.2932729,40.0947279],[116.2930245,40.0946864],[116.2927977,40.094633],[116.2925571,40.0945632],[116.2922593,40.0944673],[116.2916843,40.0942462],[116.2891168,40.0932057],[116.288754,40.0930534],[116.2885041,40.0929476],[116.2882724,40.0928377],[116.2879947,40.0926892],[116.2877185,40.09252],[116.2874768,40.0923435],[116.2872609,40.0921867],[116.2870218,40.091975],[116.2867859,40.091727],[116.2866181,40.0915262],[116.2864173,40.0912477],[116.2862563,40.0909611],[116.2861132,40.0906666],[116.2860182,40.0904134],[116.2859345,40.0901206],[116.2858651,40.0897796],[116.2858407,40.0895126],[116.2858429,40.0892076],[116.2858737,40.0889081],[116.2859135,40.0886785],[116.285984,40.0884257],[116.286085,40.088137],[116.286225,40.0877993],[116.2891617,40.0808728],[116.289331,40.0804799],[116.2894598,40.0802369],[116.2895838,40.0800297],[116.2897542,40.0797801],[116.2899197,40.0795544],[116.2900882,40.0793431],[116.2903153,40.0790647],[116.2919148,40.0771639],[116.2935922,40.0751897],[116.2950747,40.0731288],[116.2954952,40.0725337],[116.2957666,40.0720513],[116.2957998,40.0719918],[116.2958867,40.0718359],[116.2964458,40.0708003],[116.2966496,40.070411],[116.2970108,40.0697791],[116.2973368,40.0691901],[116.2976776,40.0685488],[116.297848,40.0682247],[116.2979674,40.0679779],[116.2980747,40.0677274],[116.2981559,40.0675169],[116.2982227,40.0673207],[116.2982623,40.0671471],[116.2985135,40.0660862],[116.2986137,40.0656573],[116.2987499,40.0652271],[116.2989428,40.064773],[116.2991914,40.0643151],[116.2994396,40.0639122],[116.2997645,40.0634469],[116.3001105,40.062954],[116.3011402,40.0615611],[116.3014275,40.0611774],[116.3018126,40.0606011],[116.3020431,40.0602373],[116.3022407,40.0599031],[116.3038137,40.0571],[116.3052221,40.05459],[116.305524,40.054052],[116.3057091,40.0537252],[116.3058582,40.0534576],[116.3061241,40.052948],[116.3063942,40.0524364],[116.3066388,40.0519769],[116.3074002,40.0505424],[116.3074383,40.0504694],[116.3075344,40.0502851],[116.3077373,40.049896],[116.3081444,40.0492902],[116.3083096,40.0490579],[116.3083692,40.0489742],[116.3090018,40.048153],[116.309539,40.0474592],[116.3100822,40.0467936],[116.310544,40.0463525],[116.3111062,40.0458054],[116.3116296,40.0453234],[116.31183,40.0451538],[116.312064,40.0448995],[116.312511,40.044371],[116.3128656,40.0438851],[116.3137732,40.0426895],[116.3149878,40.041163],[116.3155919,40.0403695],[116.3162111,40.0396782],[116.316597,40.0393017],[116.3168134,40.0390904],[116.3173118,40.0386172],[116.3180108,40.0380608],[116.3182622,40.0378779],[116.3187341,40.0376185],[116.319358,40.0373337],[116.3201006,40.0370515],[116.3212022,40.0366617],[116.3237168,40.0357092],[116.3241911,40.0355685],[116.3247645,40.035478],[116.325391,40.0354828],[116.3317672,40.0359821],[116.333954,40.0361101],[116.3352055,40.0362399],[116.3359797,40.0364098],[116.3375536,40.0368934],[116.3382325,40.0370447],[116.3390636,40.0371037],[116.3398851,40.0370645],[116.3406855,40.0369251],[116.3412902,40.0367372],[116.3417491,40.0364688],[116.3421925,40.0360742],[116.3428943,40.03517],[116.344175,40.0335199],[116.344798,40.0328535],[116.3455408,40.0322706],[116.3463045,40.031725],[116.3467773,40.031333],[116.3473308,40.0307373],[116.3489298,40.0286945],[116.3499261,40.02737],[116.3502149,40.0269503],[116.3506178,40.0260411],[116.351117,40.0251508],[116.3513997,40.0241221],[116.3514607,40.0228333],[116.3516157,40.0213898],[116.3515645,40.0193248],[116.3516832,40.0172648],[116.3518751,40.0149777],[116.3523435,40.0093912],[116.3524848,40.0055383],[116.3526459,40.0024518],[116.3527589,40.0002885],[116.352826,39.9990038],[116.3529096,39.9974035],[116.3531223,39.9931177],[116.3533935,39.9881487],[116.3534526,39.9870663],[116.3535081,39.9860498],[116.3536898,39.9833107],[116.3539981,39.9786339],[116.3540393,39.97826],[116.3541328,39.9778655],[116.3542453,39.9769216],[116.3542758,39.9765262],[116.3543077,39.9758451],[116.354345,39.975208],[116.354349,39.9745565],[116.3542856,39.9741091],[116.3542966,39.9735402],[116.3546002,39.9677858],[116.354663,39.9665966],[116.3548388,39.9630517]]},"properties":{"line_key":"Changping","name":"昌平线","name_zh":"昌平线","name_en":"Subway Changping Line: Changping Xishankou → Jimen Qiao","ref":"27","osm_relation":2111424,"osm_name":"地铁 昌平线: 昌平西山口 → 蓟门桥","station_count":20,"way_count":18,"note":"","coord_system":"GCJ-02"}},{"type":"Feature","geometry":{"type":"LineString","coordinates":[[116.1104045,39.7288382],[116.1079943,39.7288906],[116.1075024,39.7288997],[116.1070884,39.7289074],[116.1066943,39.7289095],[116.106252,39.7288724],[116.1056651,39.7287829],[116.105245,39.7287326],[116.1048903,39.7287182],[116.1026562,39.7287756],[116.1019422,39.728796],[116.1008565,39.7288014],[116.0976397,39.7288464],[116.0966685,39.7288964],[116.0942503,39.7290137],[116.0933514,39.7290154],[116.0914343,39.7290395],[116.0908416,39.729012],[116.0904209,39.7289794],[116.0898382,39.7288441],[116.0893961,39.7286981],[116.0888891,39.728465],[116.0883121,39.7281617],[116.0880106,39.7279243],[116.0875597,39.7275286],[116.0873217,39.7272433],[116.0869414,39.7265718],[116.0867868,39.7261125],[116.0867235,39.7257504],[116.0866882,39.7252087],[116.086773,39.7243989],[116.0868226,39.7237715],[116.0868154,39.7234492],[116.0868082,39.7229312],[116.0865528,39.7203592],[116.0865028,39.7200629],[116.0863885,39.7197059],[116.0860755,39.7190143],[116.0857268,39.7185267],[116.0854988,39.718303],[116.0851368,39.7180034],[116.0847254,39.7177468],[116.0843047,39.7175217],[116.0837572,39.7172981],[116.0832918,39.7171729],[116.0822963,39.7169609],[116.080262,39.716644],[116.0639436,39.7141515],[116.0628516,39.7138795],[116.0614115,39.7135468],[116.0605566,39.7133673],[116.0596765,39.7131825],[116.0583814,39.7129229],[116.0580721,39.7128543],[116.0570023,39.7126167],[116.0568084,39.7125737],[116.0561873,39.7124402],[116.0558684,39.7123795],[116.0555091,39.7123373],[116.0551503,39.7123155],[116.0542558,39.7123387],[116.0537288,39.7124019],[116.0517663,39.7127009],[116.0514883,39.7127372],[116.0510914,39.7127734],[116.0507064,39.7128053],[116.0504132,39.7128046],[116.0500165,39.7127914],[116.0492184,39.7127475],[116.0487573,39.7127029],[116.0483613,39.7126214],[116.047752,39.7124578],[116.0467508,39.7121431],[116.0449089,39.7115008],[116.0402204,39.7098625],[116.0374154,39.7088981],[116.0340536,39.7076831],[116.034015,39.7076691],[116.0331827,39.7073665],[116.0324474,39.7071139],[116.0319706,39.7069737],[116.0308402,39.7068009],[116.0298095,39.7067354],[116.0278101,39.7066921],[116.0232662,39.7066134],[116.0221734,39.7066039],[116.0215716,39.7065835],[116.0210698,39.7065386],[116.0200723,39.7063242],[116.0184929,39.7057201],[116.0166974,39.7049889],[116.0131148,39.7037451],[116.0111159,39.7030385],[116.0091085,39.70238],[116.0083903,39.7021443],[116.0069307,39.7016656],[116.0061578,39.7014366],[116.0054982,39.7012457],[116.0053202,39.701193],[116.0049482,39.701083],[116.0031577,39.7005531],[116.0022459,39.7003526],[116.0015413,39.7002475],[116.0001878,39.7000168],[115.9986309,39.6997749],[115.9976551,39.6997724],[115.9968212,39.6998487],[115.9959527,39.7000186],[115.9950083,39.7004093],[115.9942349,39.7009031],[115.9922207,39.702243],[115.9915054,39.7028473],[115.9907998,39.7036462],[115.9905172,39.7040863],[115.9896339,39.7057695],[115.9885305,39.7078721],[115.9882382,39.7082766],[115.9876342,39.7088866],[115.9843632,39.7116793],[115.9839811,39.7120395],[115.9833073,39.7126579],[115.9828648,39.7130527],[115.9820738,39.7137545],[115.9816627,39.7141147],[115.9811717,39.7145334],[115.9809029,39.7147384],[115.9807786,39.7148289],[115.9806642,39.714909],[115.9805192,39.7149956],[115.9803495,39.7150986],[115.9800591,39.7152714],[115.9790288,39.715846],[115.9781892,39.7163142],[115.977031,39.7169457],[115.9762552,39.7173884],[115.9759311,39.7175828],[115.9755979,39.7178046],[115.975232,39.718079],[115.9750387,39.7182334],[115.9748222,39.7184064],[115.9742431,39.7188738],[115.9739767,39.7190894],[115.9734235,39.7195204],[115.9729304,39.7199105],[115.9726506,39.7201558],[115.9720418,39.7206899],[115.9705404,39.7218825]]},"properties":{"line_key":"Yanfang","name":"燕房线","name_zh":"燕房线","name_en":null,"ref":"25S","osm_relation":12798054,"osm_name":"地铁 燕房线: 燕山 -> 阎村东","station_count":9,"way_count":6,"note":"","coord_system":"GCJ-02"}},{"type":"Feature","geometry":{"type":"LineString","coordinates":[[116.5929409,40.0790619],[116.5930036,40.0785859],[116.593023,40.0783424],[116.5929944,40.078127],[116.5915074,40.0737848],[116.5914732,40.07332],[116.5942964,40.0551795],[116.594588,40.0545977],[116.6031123,40.0464625],[116.6033999,40.0457958],[116.6036719,40.0421259],[116.6037949,40.0412245],[116.6038386,40.04093],[116.6038872,40.0406456],[116.6039407,40.0403945],[116.6039895,40.0402399],[116.6040608,40.0400578],[116.6041773,40.03984],[116.6042689,40.0396706],[116.6044099,40.039453],[116.6045478,40.0392362],[116.6047382,40.0390177],[116.6049483,40.0388173],[116.6051202,40.0386743],[116.6053469,40.0384991],[116.6055776,40.0383454],[116.6058204,40.0382032],[116.6060487,40.0380797],[116.606292,40.0379635],[116.6066847,40.0378264],[116.6069944,40.0377313],[116.6073619,40.0376385],[116.607624,40.0375898],[116.6079265,40.0375567],[116.6082132,40.0375369],[116.608526,40.0375324],[116.6088492,40.0375398],[116.6091487,40.0375549],[116.6094968,40.037598],[116.6098401,40.0376608],[116.6102029,40.0377527],[116.6105494,40.0378657],[116.6108573,40.0379925],[116.6111545,40.038124],[116.6113624,40.0382356],[116.611421,40.0382672],[116.6117133,40.0384457],[116.6119751,40.038613],[116.6123072,40.0388299],[116.6126553,40.039066],[116.6153578,40.0410056],[116.6156683,40.0412576],[116.6158737,40.0414483],[116.6160599,40.0416476],[116.6162342,40.0418659],[116.6163449,40.0420288],[116.616456,40.0422128],[116.6165627,40.0424161],[116.6166439,40.0426152],[116.6167281,40.0428626],[116.6167759,40.0430264],[116.6168201,40.0433141],[116.6168407,40.0435504],[116.6168317,40.0438203],[116.6167979,40.044059],[116.6167745,40.0442219],[116.6159096,40.0498037],[116.6158817,40.0503262],[116.6158336,40.0505982],[116.6155017,40.0528074],[116.6158336,40.0505982],[116.6158817,40.0503262],[116.616827,40.0442248],[116.6168504,40.0440684],[116.6168751,40.0438175],[116.616878,40.0435397],[116.6168642,40.0433418],[116.6168161,40.0430342],[116.6167725,40.0428492],[116.6167065,40.0426181],[116.6166279,40.0424264],[116.6165247,40.0422206],[116.616418,40.0420318],[116.6162862,40.041846],[116.6161215,40.0416415],[116.6159209,40.0414217],[116.6157041,40.0412216],[116.6153613,40.0409393],[116.6113659,40.0380993],[116.6110419,40.0378758],[116.6108062,40.037718],[116.6105335,40.0375548],[116.6102834,40.0374214],[116.6099858,40.0372819],[116.609691,40.037161],[116.6093897,40.0370448],[116.6090828,40.0369463],[116.6087954,40.0368596],[116.6084613,40.036781],[116.6081313,40.0367136],[116.6076476,40.0366382],[116.6072582,40.0366005],[116.6068951,40.0365823],[116.6065129,40.0365771],[116.5980621,40.0366562],[116.5946718,40.0366976],[116.5932054,40.0367165],[116.5927577,40.0367171],[116.5924334,40.036714],[116.5920331,40.0366964],[116.5916975,40.0366711],[116.5912823,40.0366249],[116.5893844,40.0363698],[116.5884033,40.0362455],[116.5850618,40.0357949],[116.5845604,40.0357367],[116.5840662,40.0356895],[116.583411,40.0356376],[116.5826175,40.0355501],[116.5817655,40.0354809],[116.5796551,40.0353051],[116.5789506,40.0352314],[116.5783892,40.0351385],[116.5779175,40.0350287],[116.5774788,40.0349155],[116.5771591,40.0348174],[116.5766199,40.0346271],[116.5760193,40.0343878],[116.5740581,40.0336034],[116.5722895,40.0328765],[116.5712411,40.0324699],[116.5697953,40.0318836],[116.5694909,40.0317662],[116.5691996,40.0316626],[116.5688769,40.0315619],[116.5684815,40.0314624],[116.5681307,40.0313853],[116.5677026,40.0312956],[116.5673371,40.0312328],[116.5669357,40.031175],[116.5665292,40.0311318],[116.5660073,40.0310827],[116.5645037,40.0309474],[116.5640984,40.0308942],[116.5637796,40.0308521],[116.5634571,40.0307861],[116.5630584,40.0307041],[116.5626613,40.0306017],[116.5622139,40.0304698],[116.5617735,40.0303291],[116.5540921,40.0275964],[116.5531747,40.027283],[116.5500001,40.0261616],[116.5453113,40.0244705],[116.5422181,40.0233611],[116.5395058,40.0223856],[116.5363466,40.0212697],[116.5353575,40.0209091],[116.5320283,40.019737],[116.5315447,40.0195475],[116.5286879,40.0185133],[116.5278768,40.0182522],[116.5267693,40.0178496],[116.5240956,40.0169364],[116.5237055,40.0168149],[116.523199,40.0166764],[116.516972,40.0145649],[116.5164774,40.0142579],[116.5134903,40.0115606],[116.5131762,40.0112708],[116.5125663,40.010728],[116.5116842,40.0099503],[116.5110392,40.0093804],[116.5070998,40.0059137],[116.5046164,40.0036584],[116.5042839,40.0033617],[116.5035338,40.0026804],[116.5021762,40.0014171],[116.4991288,39.9984383],[116.497787,39.997258],[116.4972832,39.9968402],[116.4951234,39.9950128],[116.4932545,39.9934555],[116.4914249,39.9918363],[116.4829452,39.9842504],[116.4745907,39.9766688],[116.4727273,39.9749458],[116.471532,39.9738088],[116.4688829,39.9711957],[116.4666159,39.9693347],[116.4655249,39.9684024],[116.4649093,39.9678637],[116.4631118,39.966288],[116.4617956,39.9650306],[116.4602349,39.9635993],[116.4598506,39.9632853],[116.4574063,39.9617475],[116.4570066,39.9613934],[116.4566139,39.9610456],[116.4556274,39.9599622],[116.4524015,39.9558676],[116.4391291,39.9441085],[116.4387711,39.9437617],[116.4386471,39.9435184],[116.4386014,39.9432843],[116.4386527,39.9421042],[116.438519,39.941766],[116.4382034,39.941526],[116.4375832,39.9414155],[116.437269,39.9414135],[116.4357417,39.9414043],[116.4329615,39.9413859],[116.4189515,39.9410975],[116.4181787,39.9410813]]},"properties":{"line_key":"CapitalAirport","name":"首都机场线","name_zh":"首都机场线","name_en":"Subway Airport Express: Beixinqiao → Terminal 2","ref":"L1","osm_relation":2062998,"osm_name":"地铁 首都机场线: 北新桥 → 2号航站楼","station_count":5,"way_count":21,"note":"direction 北新桥->T2 (includes Terminal 3)","coord_system":"GCJ-02"}},{"type":"Feature","geometry":{"type":"LineString","coordinates":[[116.2038764,39.9940432],[116.2044987,39.9940809],[116.2050754,39.9941068],[116.2053142,39.9941189],[116.206573,39.9941386],[116.2074912,39.9941324],[116.2079142,39.9941022],[116.2082157,39.9940594],[116.2089151,39.9939683],[116.2093071,39.9939346],[116.209606,39.9939083],[116.2097364,39.9939026],[116.2098857,39.993896],[116.2103055,39.9938651],[116.2109545,39.9937973],[116.2116554,39.99371],[116.2123713,39.9936686],[116.2148575,39.9935605],[116.2155964,39.993529],[116.2159627,39.9935318],[116.2163027,39.9935544],[116.2166445,39.9935791],[116.2172621,39.9936123],[116.2179331,39.993583],[116.219416,39.9933817],[116.219719,39.9932918],[116.2202244,39.9930602],[116.2209365,39.9927079],[116.2224489,39.9919396],[116.2232892,39.9909557],[116.2234854,39.9906963],[116.2241694,39.9899299],[116.2246219,39.9894945],[116.2250381,39.9891129],[116.2255011,39.9887374],[116.2259961,39.9883577],[116.2278784,39.9870292],[116.2292038,39.9860342],[116.2308852,39.9848265],[116.2318103,39.9841612],[116.2321545,39.9839128],[116.232522,39.9836543],[116.2328385,39.9834177],[116.2330065,39.983283],[116.2337173,39.9827875],[116.2345063,39.9822027],[116.2346364,39.982105],[116.2358858,39.9811657],[116.2362232,39.9808901],[116.2363248,39.9808405],[116.2364042,39.9808078],[116.2364774,39.9807794],[116.2365441,39.9807561],[116.236678,39.9807199],[116.2367921,39.9806931],[116.2369686,39.9806483],[116.2374368,39.9805419],[116.2376645,39.980515],[116.2381316,39.9804692],[116.2387569,39.9804424],[116.2391433,39.9804668],[116.2396069,39.9805138],[116.2400811,39.9805937],[116.2405795,39.9807516],[116.242289,39.9813387],[116.2425796,39.9814331],[116.2431065,39.9816054],[116.2436585,39.9817449],[116.2440872,39.9818372],[116.2445429,39.9818926],[116.245052,39.9819068],[116.2459659,39.9818817],[116.2465555,39.9819021],[116.247038,39.9819451],[116.2474549,39.9820225],[116.247617,39.9820456],[116.2478178,39.9820805],[116.2485364,39.9822057],[116.2492717,39.9823309],[116.2493618,39.9823508],[116.2494561,39.9823723],[116.2495192,39.9823878],[116.2496071,39.9824126],[116.2496891,39.9824361],[116.2497748,39.9824664],[116.2503136,39.982641],[116.2512251,39.9829512],[116.2516004,39.9830313],[116.2518163,39.983021],[116.2520321,39.9830107],[116.2525494,39.9829017],[116.2534825,39.9826056],[116.2543511,39.9823672],[116.2556596,39.9822109],[116.2565927,39.9822768],[116.2572685,39.9824083],[116.2578505,39.9825482],[116.2584002,39.9827619],[116.2588052,39.9829778],[116.2592237,39.9832347],[116.2594651,39.9834239],[116.2597226,39.9836747],[116.2600793,39.9840447],[116.2605353,39.9845627],[116.2607367,39.9847698],[116.2608732,39.9849101],[116.2611389,39.9851692],[116.2617661,39.9856912],[116.2618255,39.9857406],[116.2619302,39.9858229],[116.2620482,39.9858805],[116.2621797,39.9859257],[116.2623111,39.9859422],[116.2624291,39.9859484],[116.2626061,39.9859279],[116.2627972,39.985871],[116.2628663,39.9858456],[116.2632079,39.9857133],[116.2637084,39.9855176],[116.2637836,39.9854864],[116.2643497,39.9852564],[116.2647413,39.9850469],[116.2650819,39.9848456],[116.2655568,39.9845395],[116.2658205,39.9843444],[116.2663481,39.9839499],[116.2664863,39.9838437],[116.2668769,39.9835366],[116.2674234,39.9831026],[116.2680288,39.9826875],[116.2686665,39.9821836],[116.2695896,39.9814027],[116.2708231,39.9804354],[116.2712471,39.9802076],[116.2716362,39.9800865],[116.2720656,39.9800066],[116.2724278,39.9799954],[116.2725177,39.9799926],[116.2726395,39.9799888],[116.272715,39.9799844],[116.2731632,39.9800093],[116.2741375,39.9800676],[116.2747064,39.9800885],[116.2749002,39.9800798],[116.2751117,39.9800703],[116.2757919,39.9799706],[116.2784568,39.9793056],[116.2786545,39.9792481],[116.2788351,39.9791966],[116.2790307,39.9791362],[116.2792406,39.9790695],[116.2794132,39.9790108],[116.279556,39.9789575],[116.279713,39.9788954],[116.2798712,39.9788326],[116.2800409,39.9787593],[116.2815339,39.9779312],[116.2862513,39.9754417],[116.2866018,39.9751301],[116.2871,39.9744545],[116.2875393,39.9740211],[116.2877266,39.9739152],[116.2878894,39.9738436],[116.2879508,39.9738181],[116.2880326,39.9737985],[116.2880922,39.973789],[116.2881878,39.9737841],[116.288251,39.9737863],[116.2883143,39.9737938],[116.2883757,39.9738034],[116.2884577,39.9738202],[116.2890566,39.9739574],[116.2903596,39.9742593],[116.2905389,39.974281],[116.290707,39.9742881],[116.2908994,39.9743095],[116.2911983,39.9743787],[116.2917672,39.9745214],[116.2922078,39.9746335]]},"properties":{"line_key":"Xijiao","name":"西郊线","name_zh":"西郊线","name_en":null,"ref":"西郊","osm_relation":8008876,"osm_name":"轻轨 西郊线: 巴沟 → 香山","station_count":6,"way_count":18,"note":"light rail (extra)","coord_system":"GCJ-02"}},{"type":"Feature","geometry":{"type":"LineString","coordinates":[[116.36573,39.8125334],[116.3658243,39.8119992],[116.3658663,39.8116959],[116.3662665,39.8091487],[116.3662379,39.8080197],[116.365831,39.8071059],[116.3650413,39.8062357],[116.3637284,39.8054588],[116.3622679,39.8050824],[116.3605643,39.8048061],[116.356858,39.8044927],[116.3554471,39.804438],[116.3552271,39.8044377],[116.3546237,39.8044551],[116.3542214,39.8044752],[116.353628,39.8045026],[116.3527768,39.8045496],[116.3500446,39.804708],[116.3495341,39.8047266],[116.3488081,39.804729],[116.3481546,39.8046964],[116.3458725,39.8045744],[116.3449815,39.80456],[116.3438019,39.8046152],[116.3421587,39.8048034],[116.3417609,39.8048338],[116.3412624,39.8048374],[116.3408264,39.8048114],[116.3403799,39.8047539],[116.3399785,39.8046833],[116.3395382,39.804571],[116.3391448,39.8044454],[116.3387164,39.8042708],[116.3383231,39.804071],[116.32981,39.7987734],[116.3294901,39.7985539],[116.3292756,39.7983713],[116.3290715,39.7981746],[116.3288684,39.7979446],[116.3286795,39.7977051],[116.3285329,39.7974665],[116.3284152,39.7972523],[116.328335,39.797062],[116.3282521,39.7968234],[116.3281802,39.7965586],[116.3281341,39.7962441],[116.3281373,39.7957985],[116.3281747,39.7953753],[116.3286796,39.790789],[116.3287363,39.7902745],[116.3288084,39.7896894],[116.3288821,39.7890914],[116.3295198,39.783103],[116.329636,39.7824412],[116.3301601,39.7802129],[116.3304966,39.7764022],[116.3305428,39.7758789],[116.3306815,39.7743309],[116.3308201,39.7727835],[116.3318327,39.7644541],[116.3318944,39.7635911],[116.3319555,39.7627374],[116.3321477,39.7571913],[116.3322551,39.7540929],[116.3322628,39.7531017],[116.3322672,39.7515508],[116.3324777,39.7430522],[116.3325143,39.740771],[116.3326562,39.7317169],[116.332796,39.7227946],[116.3327939,39.7222452],[116.3327505,39.7218982],[116.3326752,39.7215556],[116.3324655,39.7211776],[116.332167,39.7208345],[116.3317422,39.7205035],[116.3309802,39.7200542],[116.3302915,39.7197106],[116.3295997,39.7195122],[116.3265713,39.7190837],[116.3228329,39.7186116],[116.3221073,39.7185199],[116.320901,39.7182596],[116.3197589,39.7177614],[116.3188528,39.7171034],[116.3184556,39.7163131],[116.3183704,39.7155714],[116.318467,39.7149507],[116.3186889,39.7140933],[116.31881,39.7136803],[116.3191305,39.712376],[116.3192698,39.7116056],[116.3212246,39.7078186],[116.3223215,39.7015443],[116.3217976,39.6863927],[116.3217783,39.6848041],[116.32165,39.6839323],[116.3201518,39.6784283],[116.3200123,39.6702546],[116.3199773,39.6690911]]},"properties":{"line_key":"Daxing","name":"大兴线","name_zh":"大兴线","name_en":"Subway Daxing Line: Tiangongyuan -> Xingong","ref":"4S","osm_relation":2684710,"osm_name":"地铁 大兴线: 天宫院 -> 新宫","station_count":11,"way_count":3,"note":"branch of line 4 (extra)","coord_system":"GCJ-02"}}]}