{"type":"FeatureCollection","metadata":{"name":"Beijing Subway lines and stations","source":"OpenStreetMap via Overpass API","source_url":"https://overpass.openstreetmap.fr/api/interpreter (Overpass API, OSM data)","osm_copyright":"© OpenStreetMap contributors","license":"Open Database License (ODbL) 1.0","coord_system":"WGS84 (EPSG:4326)","line_count":29,"station_complex_count":410,"stop_count":553},"features":[{"type":"Feature","geometry":{"type":"LineString","coordinates":[[116.1719593,39.9248509],[116.1797238,39.917036],[116.179817,39.9169218],[116.1798959,39.9167977],[116.1800214,39.9165732],[116.1802014,39.9162085],[116.1803315,39.9159091],[116.1804557,39.9155203],[116.1805259,39.9152809],[116.1806117,39.9148542],[116.1806122,39.9148224],[116.1806438,39.907526],[116.1807034,39.9071359],[116.1808109,39.9068928],[116.1809692,39.9066901],[116.1811537,39.9065157],[116.1813841,39.9063722],[116.1815991,39.906274],[116.1819082,39.9061964],[116.1825101,39.906148],[116.184298,39.9061512],[116.1929037,39.9061797],[116.1989598,39.9061683],[116.2048886,39.9061788],[116.2052126,39.9061765],[116.2064855,39.9061676],[116.2283584,39.9062016],[116.2288008,39.9062187],[116.229682,39.9062236],[116.2304456,39.9062224],[116.230878,39.9062114],[116.2454219,39.9062054],[116.2456213,39.9062055],[116.2459896,39.9062242],[116.246901,39.9062251],[116.2476772,39.9062233],[116.248017,39.9062059],[116.266861,39.9062315],[116.2672087,39.9062601],[116.2680332,39.9062622],[116.2688657,39.9062595],[116.2692004,39.9062282],[116.2875401,39.9062264],[116.2879519,39.9062607],[116.2887734,39.9062637],[116.2895835,39.9062636],[116.2900059,39.9062324],[116.3003966,39.9062175],[116.300866,39.9062307],[116.3030476,39.9062201],[116.3041237,39.9062199],[116.3049943,39.9062182],[116.3054362,39.9061942],[116.3164665,39.906173],[116.3170272,39.9061939],[116.3178229,39.9061906],[116.3186116,39.906185],[116.3191395,39.9061519],[116.3249232,39.9060973],[116.3302244,39.9061309],[116.3306297,39.9061667],[116.3315014,39.9061592],[116.3323235,39.9061537],[116.3327629,39.9061117],[116.3385015,39.9059654],[116.3454219,39.9058935],[116.3457909,39.9059182],[116.346572,39.9059152],[116.3473698,39.9059124],[116.3477374,39.9059105],[116.3497685,39.9058878],[116.3503266,39.9058815],[116.3513181,39.9058839],[116.3522932,39.905882],[116.3526669,39.9058845],[116.3549782,39.9058786],[116.3552975,39.9058536],[116.3671876,39.9058023],[116.3686316,39.9058274],[116.3699192,39.9058268],[116.3701001,39.905827],[116.3710143,39.9058281],[116.3712403,39.9057892],[116.3766343,39.9057667],[116.3836008,39.9059579],[116.3841429,39.9060043],[116.3851594,39.9060356],[116.3863003,39.9060731],[116.3864612,39.9060454],[116.3933922,39.9062947],[116.3936671,39.9063555],[116.3949123,39.9064123],[116.3959801,39.9064371],[116.3962914,39.9063959],[116.4023254,39.9066036],[116.4038976,39.9066466],[116.4042177,39.9066824],[116.4051696,39.9067104],[116.406707,39.9067548],[116.4090815,39.9068055],[116.4096725,39.9068221],[116.4120751,39.9068936],[116.4129764,39.9069386],[116.4139671,39.9069604],[116.4150493,39.9069777],[116.4155373,39.9069562],[116.4287246,39.9072104],[116.4296982,39.9072168],[116.4298046,39.907183],[116.4337149,39.9071726],[116.4428896,39.9071202],[116.4430668,39.9071464],[116.4441527,39.9071434],[116.4451551,39.9071363],[116.4453186,39.9071058],[116.4509879,39.9070627],[116.4512905,39.9070956],[116.4518932,39.9070894],[116.4522935,39.9070855],[116.4532935,39.9070853],[116.4543238,39.9070862],[116.4548499,39.9070474],[116.4676799,39.9069798],[116.46849,39.9070062],[116.4694938,39.9070008],[116.4706538,39.9069941],[116.4713721,39.9069692],[116.4748742,39.9069426],[116.4753006,39.9069597],[116.4757181,39.9069936],[116.480797,39.9075747],[116.4817098,39.907687],[116.4826781,39.9077981],[116.4835336,39.9078573],[116.4854504,39.9078366],[116.4857771,39.9078345],[116.4858127,39.9078342],[116.4858496,39.9078338],[116.4858876,39.9078333],[116.4859263,39.9078327],[116.4859656,39.9078321],[116.4860052,39.9078313],[116.4860449,39.9078305],[116.4860844,39.9078297],[116.4861235,39.9078287],[116.486162,39.9078278],[116.4861997,39.9078268],[116.4862362,39.9078259],[116.4862714,39.9078249],[116.4863051,39.9078239],[116.4863369,39.907823],[116.4863667,39.9078221],[116.4863942,39.9078212],[116.4864191,39.9078204],[116.4864414,39.9078196],[116.4864606,39.9078189],[116.4871976,39.9077913],[116.4883273,39.907749],[116.4893859,39.9077094],[116.4908017,39.9076564],[116.4908679,39.9076536],[116.4909293,39.9076504],[116.4909863,39.9076468],[116.4910396,39.907643],[116.4910895,39.9076388],[116.4911367,39.9076345],[116.4911817,39.90763],[116.4912249,39.9076254],[116.491267,39.9076208],[116.4913083,39.9076162],[116.4913495,39.9076118],[116.491391,39.9076075],[116.4914333,39.9076034],[116.491477,39.9075996],[116.4915226,39.9075961],[116.4915707,39.907593],[116.4916216,39.9075903],[116.491676,39.9075881],[116.4917343,39.9075865],[116.4917971,39.9075856],[116.491933,39.9075842],[116.4923289,39.9075802],[116.4924824,39.9075786],[116.4926461,39.907577],[116.4940691,39.9075625],[116.5045967,39.9074498],[116.505018,39.9074474],[116.5058887,39.9074423],[116.5059739,39.9074402],[116.5060523,39.9074361],[116.5061243,39.9074307],[116.5061906,39.9074243],[116.5062515,39.9074176],[116.5063076,39.9074109],[116.5063594,39.9074048],[116.5064073,39.9073997],[116.5064519,39.9073961],[116.5064937,39.9073945],[116.506712,39.9073923],[116.5067542,39.9073904],[116.5068106,39.9073859],[116.5068777,39.9073792],[116.5069519,39.9073711],[116.5070295,39.907362],[116.5071068,39.9073528],[116.5071804,39.9073439],[116.5072465,39.9073359],[116.5073016,39.9073295],[116.507342,39.9073253],[116.5074088,39.9073194],[116.5074746,39.9073131],[116.5075397,39.9073065],[116.5076047,39.9072998],[116.5076699,39.9072932],[116.5077358,39.9072866],[116.5078029,39.9072803],[116.5078715,39.9072744],[116.5079421,39.9072689],[116.5080153,39.9072639],[116.5080913,39.9072597],[116.5081706,39.9072563],[116.5082538,39.9072538],[116.5083533,39.9072518],[116.5094823,39.9072407],[116.5105961,39.9072294],[116.5107402,39.9072278],[116.5108657,39.9072264],[116.510998,39.9072247],[116.5111362,39.9072229],[116.5112797,39.907221],[116.5114277,39.9072189],[116.5115794,39.9072167],[116.511734,39.9072144],[116.5118908,39.9072121],[116.5120491,39.9072096],[116.512208,39.9072071],[116.5123669,39.9072046],[116.5125249,39.907202],[116.5126813,39.9071994],[116.5128354,39.9071968],[116.5129863,39.9071942],[116.5131333,39.9071916],[116.5132757,39.9071891],[116.5134126,39.9071866],[116.5135434,39.9071842],[116.5136712,39.9071815],[116.5137995,39.9071784],[116.5139285,39.9071751],[116.5140581,39.9071716],[116.5141884,39.9071681],[116.5143193,39.9071647],[116.5144509,39.9071616],[116.5145831,39.9071588],[116.5147161,39.9071567],[116.5148497,39.9071552],[116.514984,39.9071545],[116.515119,39.9071548],[116.5152547,39.9071561],[116.5153912,39.9071587],[116.5155284,39.9071627],[116.5156664,39.9071681],[116.5158051,39.9071752],[116.5159445,39.9071841],[116.5160848,39.9071948],[116.5162258,39.9072076],[116.5163628,39.9072219],[116.5164925,39.9072369],[116.5166167,39.9072529],[116.5167374,39.9072702],[116.5168567,39.9072889],[116.5169766,39.9073093],[116.517099,39.9073315],[116.5172259,39.9073558],[116.5173594,39.9073824],[116.5175013,39.9074115],[116.5176538,39.9074433],[116.5178187,39.9074781],[116.5179981,39.9075159],[116.518194,39.9075572],[116.5184083,39.9076019],[116.5186431,39.9076505],[116.5189004,39.907703],[116.519182,39.9077597],[116.5194901,39.9078209],[116.5198266,39.9078866],[116.5201735,39.907951],[116.5205112,39.9080081],[116.5208393,39.9080584],[116.5211574,39.9081023],[116.5214653,39.9081402],[116.5217625,39.9081726],[116.5220487,39.9081998],[116.5223235,39.9082223],[116.5225866,39.9082405],[116.5228377,39.9082548],[116.5230763,39.9082657],[116.5233021,39.9082735],[116.5235147,39.9082788],[116.5237138,39.9082818],[116.5238991,39.908283],[116.5240702,39.908283],[116.5242266,39.9082819],[116.5243682,39.9082804],[116.5244944,39.9082788],[116.524605,39.9082775],[116.5255413,39.9082674],[116.5264764,39.9082572],[116.5476584,39.9080527],[116.5488417,39.9080712],[116.5498769,39.9080868],[116.5629292,39.9083408],[116.5631517,39.9083468],[116.5633589,39.9083528],[116.5635526,39.9083587],[116.5637343,39.9083649],[116.5639057,39.9083713],[116.5640686,39.9083782],[116.5642246,39.9083855],[116.5643754,39.9083935],[116.5645226,39.9084022],[116.564668,39.9084119],[116.5648132,39.9084225],[116.56496,39.9084342],[116.5651099,39.9084471],[116.5652647,39.9084614],[116.565426,39.9084771],[116.5655956,39.9084945],[116.5657751,39.9085135],[116.5659662,39.9085344],[116.5661705,39.9085572],[116.5663898,39.908582],[116.5666197,39.9086082],[116.5668539,39.908635],[116.567091,39.908662],[116.5673297,39.9086893],[116.5675685,39.9087165],[116.5678062,39.9087437],[116.5680413,39.9087705],[116.5682724,39.9087968],[116.5684983,39.9088225],[116.5687175,39.9088475],[116.5689286,39.9088714],[116.5691304,39.9088943],[116.5693214,39.9089159],[116.5695002,39.9089361],[116.5696655,39.9089547],[116.5698159,39.9089715],[116.5699501,39.9089865],[116.5700667,39.9089993],[116.5701642,39.90901],[116.5702414,39.9090182],[116.5703113,39.9090255],[116.5703875,39.9090335],[116.5704699,39.9090421],[116.5705583,39.9090513],[116.5706526,39.9090609],[116.5707524,39.9090709],[116.5708576,39.9090813],[116.5709681,39.9090919],[116.5709806,39.9090931],[116.5710835,39.9091027],[116.5712038,39.9091137],[116.5713287,39.9091248],[116.571458,39.909136],[116.5715916,39.909147],[116.5717292,39.909158],[116.5718706,39.9091688],[116.5720157,39.9091794],[116.5721642,39.9091896],[116.572316,39.9091995],[116.5724708,39.909209],[116.5726284,39.909218],[116.5727869,39.9092258],[116.5729442,39.9092317],[116.5730997,39.9092359],[116.5732533,39.9092385],[116.5734046,39.9092396],[116.5735532,39.9092393],[116.5736987,39.9092378],[116.5738409,39.9092352],[116.5739794,39.9092315],[116.5741137,39.9092269],[116.5742437,39.9092216],[116.5743688,39.9092156],[116.5744889,39.9092091],[116.5746035,39.9092021],[116.5747123,39.9091949],[116.5748149,39.9091875],[116.5749109,39.90918],[116.5750002,39.9091726],[116.5750822,39.9091653],[116.5751566,39.9091584],[116.5752298,39.9091513],[116.5753077,39.9091436],[116.5753896,39.9091354],[116.5754748,39.9091268],[116.5755628,39.9091178],[116.5756527,39.9091086],[116.5757439,39.9090991],[116.5758357,39.9090895],[116.5759274,39.9090799],[116.5760183,39.9090703],[116.5761077,39.9090608],[116.576195,39.9090514],[116.5762794,39.9090424],[116.5763603,39.9090336],[116.576437,39.9090253],[116.5765087,39.9090175],[116.5765748,39.9090102],[116.5766347,39.9090036],[116.5766875,39.9089976],[116.5767327,39.9089925],[116.5768137,39.9089831],[116.5768955,39.9089735],[116.5769784,39.9089638],[116.5770625,39.9089539],[116.577148,39.9089438],[116.5772349,39.9089336],[116.5773235,39.9089232],[116.5774137,39.9089126],[116.5775057,39.9089018],[116.5775997,39.9088908],[116.5776956,39.9088796],[116.5777937,39.9088681],[116.5778941,39.9088563],[116.5779968,39.9088443],[116.5781019,39.908832],[116.5782097,39.9088194],[116.5783201,39.9088066],[116.5784334,39.9087934],[116.5785496,39.9087799],[116.5786688,39.908766],[116.578795,39.9087513],[116.5789313,39.9087354],[116.5790768,39.9087185],[116.5792305,39.9087005],[116.5793915,39.9086818],[116.5795586,39.9086624],[116.5797311,39.9086425],[116.5799078,39.9086222],[116.580088,39.9086017],[116.5802704,39.908581],[116.5804542,39.9085604],[116.5806384,39.90854],[116.5808221,39.9085199],[116.5810042,39.9085003],[116.5811838,39.9084812],[116.5813598,39.9084629],[116.5815314,39.9084455],[116.5816975,39.908429],[116.5818572,39.9084138],[116.5820095,39.9083998],[116.5821524,39.9083873],[116.5822852,39.9083761],[116.5824088,39.9083662],[116.5825241,39.9083575],[116.5826321,39.9083499],[116.5827336,39.9083433],[116.5828295,39.9083375],[116.5829209,39.9083326],[116.5830085,39.9083283],[116.5830935,39.9083246],[116.5831766,39.9083214],[116.5832588,39.9083186],[116.5833411,39.9083161],[116.5834243,39.9083138],[116.5835094,39.9083115],[116.5835973,39.9083093],[116.5836889,39.9083069],[116.5837852,39.9083044],[116.5838869,39.9083015],[116.5839949,39.9082982],[116.584125,39.9082945],[116.5842899,39.9082905],[116.5843916,39.9082884],[116.5845248,39.9082858],[116.5846859,39.9082828],[116.5848712,39.9082795],[116.5850769,39.9082759],[116.5852994,39.9082721],[116.5855349,39.9082681],[116.5857799,39.908264],[116.5860304,39.9082599],[116.5862829,39.9082557],[116.5865337,39.9082515],[116.586779,39.9082475],[116.5870152,39.9082437],[116.5872385,39.90824],[116.5874452,39.9082366],[116.5876317,39.9082336],[116.5877942,39.9082309],[116.5879291,39.9082287],[116.5880326,39.908227],[116.588101,39.9082258],[116.5881734,39.9082243],[116.5882883,39.9082217],[116.5884409,39.908218],[116.5886265,39.9082135],[116.5888404,39.9082081],[116.5890778,39.9082021],[116.5893341,39.9081956],[116.5896045,39.9081887],[116.5898842,39.9081816],[116.5901687,39.9081743],[116.590453,39.908167],[116.5907326,39.9081599],[116.5910027,39.9081529],[116.5912586,39.9081464],[116.5914955,39.9081404],[116.5917088,39.9081349],[116.5918937,39.9081303],[116.5920454,39.9081265],[116.5921593,39.9081238],[116.5922307,39.9081222],[116.5931416,39.9081022],[116.5940567,39.9080821],[116.5950482,39.9080554],[116.5955064,39.908043],[116.5986946,39.9079572],[116.5990356,39.907948],[116.599217,39.9079413],[116.5993821,39.9079366],[116.599538,39.9079316],[116.5996854,39.9079263],[116.599825,39.9079204],[116.5999575,39.907914],[116.6000836,39.9079068],[116.600204,39.9078988],[116.6003193,39.9078898],[116.6004303,39.9078798],[116.6005377,39.9078686],[116.6006421,39.9078561],[116.6007442,39.9078422],[116.6008447,39.9078268],[116.6009442,39.9078097],[116.6010435,39.9077909],[116.6011432,39.9077703],[116.601244,39.9077477],[116.6013465,39.907723],[116.6014517,39.9076962],[116.6015619,39.9076656],[116.6016781,39.9076303],[116.6017993,39.9075909],[116.6019246,39.9075479],[116.6020531,39.9075018],[116.602184,39.9074531],[116.6023163,39.9074024],[116.6024493,39.9073503],[116.6025819,39.9072971],[116.6027133,39.9072434],[116.6028425,39.9071899],[116.6029688,39.9071369],[116.6030912,39.907085],[116.6032087,39.9070347],[116.6033205,39.9069866],[116.6034257,39.9069412],[116.6035234,39.906899],[116.6036126,39.9068606],[116.6036924,39.9068265],[116.603762,39.9067971],[116.6038275,39.9067698],[116.6038954,39.9067415],[116.6039657,39.9067122],[116.6040382,39.9066819],[116.6041129,39.9066508],[116.6041897,39.9066188],[116.6042686,39.9065858],[116.6043495,39.9065521],[116.6044323,39.9065175],[116.6045169,39.906482],[116.6046034,39.9064458],[116.6046916,39.9064088],[116.6047814,39.906371],[116.6048729,39.9063324],[116.6049659,39.9062932],[116.6050603,39.9062532],[116.6051562,39.9062126],[116.6052534,39.9061713],[116.6053519,39.9061293],[116.6054515,39.9060867],[116.6073678,39.9052715],[116.6078147,39.9051002],[116.6082653,39.9049596],[116.6086652,39.9048664],[116.6090986,39.9047893],[116.6095344,39.9047408],[116.609917,39.9047148],[116.6103016,39.9047078],[116.6107037,39.904724],[116.6111187,39.9047602],[116.6118468,39.904899],[116.612777,39.905088],[116.6137078,39.9052744],[116.6140777,39.90535],[116.614572,39.9054199],[116.6151532,39.9054633],[116.6157784,39.9054523],[116.6163873,39.9053986],[116.6169894,39.9053002],[116.6178301,39.9051955],[116.6184573,39.9051475],[116.6190816,39.9051151],[116.6273421,39.9050098],[116.6280482,39.90498],[116.628279,39.9049668],[116.6285171,39.9049256],[116.6288223,39.904862],[116.6291074,39.9047808],[116.6295104,39.9046165],[116.6297344,39.9045076],[116.6298964,39.9044075],[116.6301533,39.9042535],[116.6303692,39.9040945],[116.6305847,39.9039035],[116.6307891,39.9036758],[116.6314443,39.9027181],[116.635109,39.8972595],[116.6369064,39.8945641],[116.637095,39.8942877],[116.6373172,39.8940087],[116.6375471,39.8937662],[116.6378378,39.893516],[116.6381418,39.8932938],[116.6384435,39.8931115],[116.6388116,39.8929249],[116.6393001,39.8927333],[116.6399174,39.8925435],[116.640758,39.8923005],[116.6416474,39.8920399],[116.6516273,39.8891817],[116.6548583,39.8882542],[116.6553388,39.8881124],[116.6557538,39.8879565],[116.6561295,39.8877826],[116.656544,39.887554],[116.6569239,39.887284],[116.6573525,39.8869514],[116.6627402,39.8825642],[116.6721871,39.8748624],[116.6728697,39.8743083],[116.6735097,39.8737888],[116.6736621,39.8736632],[116.6738267,39.8735295],[116.6739948,39.8733909],[116.6741741,39.8732465],[116.6743522,39.8731076],[116.6745234,39.872974],[116.6746971,39.8728512],[116.6748554,39.8727433],[116.6749981,39.8726465],[116.6751225,39.8725684],[116.6752514,39.872492],[116.6754098,39.8724],[116.6755968,39.8722954],[116.675812,39.8721812],[116.6760545,39.8720605],[116.6763236,39.8719362],[116.6766188,39.8718114],[116.6769392,39.871689],[116.6772842,39.8715722],[116.6776531,39.8714639],[116.6777524,39.8714362],[116.6778541,39.871409],[116.6779854,39.8713743],[116.6781395,39.8713338],[116.6783096,39.8712893],[116.6784891,39.8712424],[116.6786712,39.8711951],[116.6788491,39.8711489],[116.6790161,39.8711056],[116.6791629,39.871065],[116.6792926,39.8710307],[116.6802789,39.8707674],[116.6812546,39.8705068],[116.6813586,39.8704806],[116.6816357,39.8704107],[116.6822066,39.8702666],[116.6838089,39.8698624],[116.6839401,39.8698264],[116.6840742,39.8697905],[116.6842455,39.8697461],[116.6844281,39.8696958],[116.6846281,39.8696436],[116.6848371,39.8695889],[116.6850506,39.8695331],[116.6852641,39.8694773],[116.6854731,39.8694226],[116.685673,39.8693704],[116.6858572,39.8693228],[116.6860257,39.8692793],[116.6861839,39.8692365],[116.6863375,39.8691916],[116.6864917,39.8691411],[116.6866523,39.8690821],[116.6868246,39.8690114],[116.6870143,39.8689257],[116.6872267,39.8688221],[116.6874674,39.8686972],[116.6877215,39.8685534],[116.6879686,39.8683961],[116.6882059,39.8682277],[116.6884305,39.8680503],[116.6886395,39.8678659],[116.6888302,39.8676769],[116.6889998,39.8674852],[116.6891453,39.8672932],[116.689264,39.8671029],[116.689353,39.8669165],[116.6916368,39.8620337],[116.6917698,39.8617315],[116.6918672,39.8614502],[116.6919297,39.8611838],[116.6919575,39.8609266],[116.6919513,39.8606726],[116.6919115,39.8604161],[116.6918387,39.8601512],[116.6917332,39.859872],[116.6915956,39.8595727],[116.6914263,39.8592474],[116.689175,39.8553353],[116.6879983,39.8532232],[116.6878398,39.8529547],[116.6877418,39.8527911],[116.687623,39.8526084],[116.6874883,39.8524111],[116.6873427,39.8522038],[116.6871911,39.8519911],[116.6870386,39.8517776],[116.6868901,39.8515679],[116.6867504,39.8513665],[116.6866247,39.8511781],[116.6865179,39.8510072],[116.6859527,39.850179],[116.6853284,39.8495233],[116.6846609,39.8490198],[116.6839662,39.8486483],[116.6832604,39.8483887],[116.6825594,39.8482206],[116.6818792,39.848124],[116.6812359,39.8480786],[116.6806454,39.8480643],[116.6801238,39.8480608],[116.6760756,39.8480693],[116.6756295,39.8480703],[116.6755473,39.8480705],[116.673518,39.848076],[116.6716387,39.8480811],[116.6709919,39.8480827],[116.6681235,39.8480901]]},"properties":{"line_key":"1","name":"1号线","name_zh":"1号线","name_en":null,"ref":"1","osm_relation":1667139,"osm_name":"地铁 1号线/八通线: 环球度假区 → 苹果园","station_count":35,"way_count":20,"note":"OSM relation covers 1号线+八通线 (环球度假区-苹果园)","coord_system":"WGS84 (EPSG:4326)"}},{"type":"Feature","geometry":{"type":"LineString","coordinates":[[116.3492602,39.9391324],[116.3492881,39.9385384],[116.3493036,39.9382321],[116.3496015,39.9320704],[116.3495514,39.931612],[116.3495663,39.9310072],[116.3495843,39.9303679],[116.3496668,39.9300616],[116.3500132,39.9232429],[116.3499589,39.9229401],[116.3499722,39.9223101],[116.3499905,39.9216858],[116.3500638,39.9214291],[116.3501859,39.9172702],[116.3502451,39.9152549],[116.3504446,39.9106525],[116.3504642,39.9067308],[116.350408,39.906435],[116.35041,39.9058346],[116.350417,39.9052307],[116.3504764,39.9048865],[116.3504649,39.9033892],[116.3504792,39.9028397],[116.3505061,39.9019927],[116.3505676,39.9016295],[116.350682,39.9012107],[116.350816,39.9008156],[116.3510325,39.9004276],[116.351328,39.9000206],[116.3516417,39.8996577],[116.3518619,39.8994013],[116.3521055,39.8991703],[116.3524851,39.8988892],[116.3530193,39.8985814],[116.3535401,39.8983586],[116.3542757,39.8981112],[116.3549515,39.8980168],[116.3555559,39.8979746],[116.3563966,39.897985],[116.3572162,39.8980033],[116.3580575,39.8980204],[116.3586666,39.8980773],[116.3666647,39.8983335],[116.3672514,39.8983177],[116.3680341,39.8983368],[116.3688205,39.8983571],[116.3691537,39.8984165],[116.3718487,39.8984893],[116.3768257,39.8986517],[116.3772214,39.8986206],[116.3779968,39.8986445],[116.3787874,39.8986704],[116.3791449,39.8987122],[116.3867583,39.8989446],[116.3872916,39.8989318],[116.3878368,39.8989015],[116.3884766,39.8988413],[116.3890465,39.8987768],[116.3895834,39.8987176],[116.3902049,39.8986346],[116.390736,39.8986305],[116.3925008,39.8986819],[116.393044,39.8987159],[116.3944146,39.8989073],[116.3955975,39.8990883],[116.396209,39.8991727],[116.3967803,39.8992139],[116.3974348,39.8992283],[116.4003267,39.8993156],[116.4055485,39.8994731],[116.4095081,39.8996335],[116.4098929,39.8995872],[116.4106985,39.899616],[116.4120183,39.8996655],[116.412215,39.8996755],[116.4128786,39.8997308],[116.4132965,39.8998094],[116.4137215,39.8999499],[116.4141837,39.900197],[116.4147003,39.9005464],[116.4175374,39.9027678],[116.4179228,39.9030468],[116.4181783,39.903202],[116.4184282,39.903332],[116.418807,39.90344],[116.4192475,39.9034993],[116.4197686,39.903521],[116.4209558,39.9035383],[116.4220403,39.9035533],[116.4251245,39.903581],[116.4259197,39.903607],[116.426427,39.9036473],[116.4268947,39.9036998],[116.4272484,39.9037788],[116.4275766,39.9038874],[116.4286733,39.9044549],[116.4287169,39.9044881],[116.4288211,39.9045675],[116.4289658,39.9046933],[116.4291202,39.9048481],[116.4292482,39.9049885],[116.4293388,39.9051225],[116.4294291,39.9052613],[116.4295026,39.9054472],[116.429572,39.9056163],[116.4296356,39.9058749],[116.4296863,39.9061752],[116.4296986,39.9065593],[116.4296732,39.907176],[116.4296543,39.9078294],[116.42959,39.9084868],[116.4289234,39.9124923],[116.4284483,39.922102],[116.4285057,39.9224417],[116.4284953,39.9230493],[116.4284804,39.9236443],[116.4284159,39.9239448],[116.4284044,39.9241846],[116.4280598,39.9313472],[116.4281147,39.9316889],[116.4280954,39.9322848],[116.4280778,39.9328723],[116.4280117,39.9332707],[116.4277308,39.9388631],[116.4277796,39.9391234],[116.4277718,39.9397065],[116.4277699,39.940282],[116.427711,39.9406019],[116.4276867,39.9457228],[116.4276835,39.9460013],[116.4276315,39.9462829],[116.4275221,39.946558],[116.4273775,39.9468749],[116.4272213,39.947126],[116.4269572,39.9474213],[116.4266638,39.9476574],[116.4263154,39.9478908],[116.4259603,39.9480758],[116.4255214,39.9482221],[116.4249912,39.9483341],[116.4244256,39.9483781],[116.4238909,39.9483665],[116.4237075,39.9483603],[116.4127372,39.9479879],[116.4123182,39.9480118],[116.4115386,39.947986],[116.4107418,39.9479608],[116.4103135,39.9479094],[116.4032072,39.9476973],[116.4028632,39.9477332],[116.402067,39.9477287],[116.4012808,39.9477245],[116.4009724,39.9476784],[116.3890448,39.9475629],[116.3887231,39.947611],[116.3879152,39.9476038],[116.386833,39.9475782],[116.3864685,39.9475419],[116.368508,39.9474048],[116.3679609,39.9474284],[116.3670499,39.947388],[116.3661782,39.947351],[116.3658842,39.9472918],[116.3654394,39.9472483],[116.3650064,39.9471966],[116.3645264,39.947103],[116.3639128,39.9469384],[116.3635374,39.9468274],[116.3626166,39.9465113],[116.361604,39.9461032],[116.3601469,39.9454816],[116.3590625,39.9450493],[116.3580321,39.9447284],[116.3568121,39.9443931],[116.3541938,39.9436893],[116.3521609,39.943123],[116.3514984,39.9429208],[116.3510816,39.9427936],[116.3507667,39.9426613],[116.3504756,39.9424964],[116.3502461,39.9423216],[116.3499715,39.9420874],[116.3497443,39.9418506],[116.3495497,39.941577],[116.3494408,39.9411975],[116.3492466,39.9404611],[116.349236,39.9403723],[116.3492295,39.9402742],[116.349226,39.9401752],[116.3492246,39.9400623],[116.3492317,39.9397299],[116.3492602,39.9391324]]},"properties":{"line_key":"2","name":"2号线","name_zh":"2号线","name_en":"Subway 2: Xizhimen -> Xizhimen (anticlockwise)","ref":"2","osm_relation":1667237,"osm_name":"地铁 2号线: 西直门 -> 西直门 (外环)","station_count":18,"way_count":2,"note":"loop","coord_system":"WGS84 (EPSG:4326)"}},{"type":"Feature","geometry":{"type":"LineString","coordinates":[[116.4280154,39.9323084],[116.4296854,39.9323421],[116.4319994,39.9323888],[116.4422286,39.9324059],[116.4448522,39.9324112],[116.4549196,39.9324313],[116.4554624,39.9324336],[116.4647816,39.9324736],[116.4703144,39.9324808],[116.4733995,39.9324802],[116.4848734,39.9324779],[116.4863594,39.9325319],[116.4874026,39.9326333],[116.4881339,39.9327493],[116.4892707,39.933028],[116.4934126,39.9342163],[116.4969432,39.9352293],[116.4975703,39.9355239],[116.4985687,39.9360025],[116.4988732,39.9362784],[116.4993438,39.9371537],[116.4997459,39.9380992],[116.4998346,39.938702],[116.4998339,39.9429968],[116.4998338,39.9434002],[116.4999264,39.9446441],[116.5000998,39.945112],[116.5003279,39.9455185],[116.5006188,39.9457469],[116.5042789,39.9464003],[116.5054399,39.9464673],[116.5082131,39.9463003],[116.5138274,39.9460982],[116.5195496,39.9464454],[116.5212755,39.9466663],[116.5229032,39.9468747],[116.5251505,39.9468461],[116.5267949,39.9465662],[116.5276848,39.9463265],[116.528638,39.9460141],[116.5330808,39.9439607],[116.5348993,39.9436833],[116.536756,39.9437659],[116.538063,39.9441394],[116.5393135,39.9448714],[116.540006,39.9456964],[116.5405813,39.9467781],[116.5408715,39.9479798],[116.5410429,39.9496885],[116.5410681,39.9507853],[116.5411078,39.9525158],[116.5412264,39.960129],[116.5412794,39.9646362],[116.5412796,39.9646475],[116.5413738,39.9696295],[116.5414086,39.9707484],[116.5416679,39.9714283],[116.5420616,39.9721423],[116.5427728,39.9727557],[116.543443,39.9732771],[116.5443167,39.9737252],[116.5452697,39.9740079],[116.5459732,39.9741404],[116.5519266,39.9747277]]},"properties":{"line_key":"3","name":"3号线","name_zh":"3号线","name_en":null,"ref":"3","osm_relation":18420549,"osm_name":"北京地铁3号线 东坝北 → 东四十条","station_count":10,"way_count":2,"note":"opened 2024-12-15","coord_system":"WGS84 (EPSG:4326)"}},{"type":"Feature","geometry":{"type":"LineString","coordinates":[[116.2639813,40.0110255],[116.2639973,40.0103141],[116.2640304,40.0095879],[116.2640548,40.00914],[116.2641058,40.0083559],[116.2642539,40.0078033],[116.2648154,40.0061396],[116.2655785,40.0046308],[116.2665677,40.0033155],[116.2675247,40.0024269],[116.26845,40.0018248],[116.2694443,40.0014437],[116.2713357,40.001161],[116.2725798,40.0009594],[116.2728479,40.0009189],[116.2731212,40.0008689],[116.273469,40.0007878],[116.2834268,39.9974117],[116.2855053,39.9966504],[116.2879689,39.9957954],[116.2887276,39.9956408],[116.2894719,39.9955751],[116.2991692,39.9961882],[116.2998572,39.9963055],[116.3004297,39.9965181],[116.3009324,39.9968327],[116.3021354,39.9976743],[116.3024922,39.9978898],[116.3028945,39.9980383],[116.3037029,39.9982429],[116.30453,39.998426],[116.3051759,39.9985246],[116.3057241,39.998561],[116.3060824,39.9985539],[116.3064501,39.9985332],[116.3068536,39.9984933],[116.3072581,39.9984161],[116.3076747,39.9982858],[116.3081343,39.9980822],[116.3086308,39.997798],[116.3090451,39.9974117],[116.3094502,39.9969148],[116.3096766,39.9962607],[116.3098437,39.9954981],[116.3097869,39.9947395],[116.3095911,39.9935804],[116.3094806,39.9928809],[116.3094532,39.9925366],[116.3094665,39.992173],[116.3095941,39.9908074],[116.3096516,39.9901621],[116.3102137,39.9833311],[116.3102538,39.9826925],[116.3102947,39.9820088],[116.310409,39.9805452],[116.3106199,39.977845],[116.3107021,39.9771457],[116.3108633,39.9764633],[116.311197,39.9753064],[116.3114265,39.9747124],[116.3116814,39.974053],[116.3119912,39.9733629],[116.3144032,39.9684394],[116.3151382,39.9670029],[116.3154129,39.9663654],[116.3156202,39.965758],[116.3158379,39.9651175],[116.3161415,39.9640059],[116.3163363,39.9630127],[116.3164975,39.9619603],[116.3166226,39.9604989],[116.3169924,39.956975],[116.3170676,39.9563342],[116.3171442,39.9556934],[116.317786,39.9502421],[116.3184178,39.9452529],[116.3185359,39.9443666],[116.3187769,39.9424871],[116.318865,39.9418236],[116.318952,39.9411534],[116.3190299,39.9404741],[116.3191341,39.9397666],[116.3191789,39.9394641],[116.3194206,39.938794],[116.3197384,39.9383047],[116.3203032,39.9378662],[116.3208922,39.9375625],[116.321837,39.9373292],[116.323241,39.9371371],[116.324879,39.9369995],[116.3269337,39.9368703],[116.3288578,39.9367727],[116.3300875,39.9367748],[116.3318905,39.936852],[116.3327167,39.9368863],[116.3347255,39.9369816],[116.3376245,39.9371325],[116.3387244,39.9372273],[116.339754,39.9374734],[116.3419329,39.9381693],[116.3428223,39.9384015],[116.3437212,39.9385634],[116.3467193,39.9389532],[116.3470372,39.9389879],[116.3473398,39.9390168],[116.3475569,39.939034],[116.347756,39.9390472],[116.3480085,39.9390568],[116.3482483,39.9390625],[116.3493268,39.9390927],[116.3503022,39.9391193],[116.3575538,39.9393031],[116.3596077,39.9393642],[116.3605107,39.9393808],[116.3613437,39.9393811],[116.3621809,39.9393848],[116.3628834,39.9393322],[116.3636701,39.9391484],[116.3644161,39.9388447],[116.3651074,39.9384121],[116.3652412,39.9383047],[116.3653886,39.9381792],[116.3655134,39.9380616],[116.3656562,39.9378912],[116.3657565,39.9377388],[116.3659877,39.9372938],[116.366193,39.9367993],[116.3663494,39.9361729],[116.3664235,39.9356659],[116.3663564,39.9338312],[116.3663949,39.9323177],[116.366425,39.9314086],[116.3667178,39.9225541],[116.3667325,39.9219519],[116.366944,39.9187017],[116.367148,39.9155677],[116.3671636,39.9149476],[116.3671811,39.9143432],[116.3672562,39.9125428],[116.367436,39.9084275],[116.3676374,39.9067178],[116.3676628,39.9057485],[116.3676796,39.9048986],[116.3677897,39.9024222],[116.3679294,39.8983902],[116.3679627,39.8976282],[116.3680123,39.8947729],[116.3681163,39.8887911],[116.3681094,39.8879008],[116.3681077,39.8868262],[116.3680472,39.8821429],[116.368085,39.8774343],[116.3680914,39.8765686],[116.3680825,39.8732783],[116.3683043,39.8724039],[116.3685491,39.8719255],[116.3689238,39.871537],[116.3698102,39.8710827],[116.3705028,39.8707456],[116.3709629,39.8702003],[116.3711291,39.8695835],[116.3713803,39.8669775],[116.3715698,39.8663649],[116.3721829,39.8652633],[116.3723906,39.8647949],[116.3725213,39.8641823],[116.3726414,39.8634948],[116.3727691,39.8627917],[116.372771,39.8618569],[116.3725747,39.8613202],[116.3722273,39.8607674],[116.3717499,39.860277],[116.3663626,39.8561639],[116.3656319,39.8555966],[116.3653692,39.8552583],[116.3651924,39.8547733],[116.365093,39.8516387],[116.364851,39.8444042],[116.3648313,39.8433922],[116.3646853,39.8365805],[116.3646754,39.8362694],[116.364674,39.8362292],[116.3646416,39.8352652],[116.3646134,39.8344536],[116.3646036,39.8340959],[116.3645983,39.83394],[116.3645592,39.8328015],[116.3645128,39.832411],[116.3644328,39.8320389],[116.364163,39.8312057],[116.360438,39.8213396],[116.3588551,39.8172395],[116.3586956,39.816401],[116.3587248,39.815486],[116.3590431,39.813339],[116.3592157,39.8122459],[116.359178,39.8116363],[116.3592596,39.811161],[116.3593446,39.8105873],[116.35938,39.8103037],[116.3597807,39.8077458],[116.3598033,39.8066636],[116.3594539,39.8057839],[116.358725,39.8049038],[116.357505,39.8041501],[116.3560781,39.8037622],[116.3543782,39.8034937],[116.3506849,39.8031927],[116.3492796,39.8031352],[116.3490626,39.8031375],[116.3484636,39.8031546],[116.3480593,39.8031749],[116.3474669,39.8031977],[116.3466181,39.8032458],[116.3438912,39.8034092],[116.3433788,39.8034282],[116.3426528,39.8034319],[116.341999,39.8034005],[116.3397231,39.8032828],[116.3388372,39.80327],[116.3376641,39.8033273],[116.3360255,39.8035185],[116.3356254,39.80355],[116.3351238,39.8035544],[116.3346847,39.803529],[116.3342358,39.803472],[116.3338318,39.8034015],[116.3333888,39.8032891],[116.3329926,39.8031631],[116.3325613,39.8029877],[116.3321651,39.8027868],[116.3236695,39.7975043],[116.3233477,39.7972835],[116.3231311,39.797099],[116.3229254,39.7969007],[116.3227211,39.7966693],[116.3225307,39.7964279],[116.3223831,39.7961872],[116.3222644,39.7959709],[116.3221836,39.7957785],[116.3221002,39.7955383],[116.3220278,39.7952708],[116.3219813,39.7949531],[116.3219845,39.7945041],[116.322022,39.7940793],[116.3225704,39.7890919],[116.322583,39.7889777],[116.3226513,39.788393],[116.3227212,39.7877948],[116.3233523,39.7818068],[116.323449,39.7811351],[116.3238624,39.7789121],[116.3240558,39.7767046],[116.324226,39.7748087],[116.3242471,39.7745711],[116.3243819,39.7730294],[116.3245174,39.7714777],[116.3255091,39.7631438],[116.325577,39.7622833],[116.3256417,39.7614316],[116.325905,39.7527868],[116.3259177,39.7518044],[116.3259262,39.7502519],[116.3262542,39.7417545],[116.3263354,39.7394775],[116.3264834,39.7304213],[116.3266134,39.7215041],[116.326631,39.7209524],[116.3266027,39.7206122],[116.3265198,39.7202782],[116.326316,39.7199151],[116.3260183,39.7195664],[116.3255998,39.7192466],[116.324846,39.7188018],[116.3241596,39.7184892],[116.3234163,39.7183108],[116.3204418,39.7179517],[116.3160164,39.7173336],[116.3148052,39.7170987],[116.3139075,39.7167609],[116.3132562,39.716376],[116.3127567,39.7160015],[116.3123764,39.7155032],[116.3121697,39.7149589],[116.3120449,39.7143391],[116.3121601,39.7137629],[116.3124411,39.7127919],[116.3126182,39.7121258],[116.3128592,39.7114988],[116.3129771,39.7110984],[116.3131365,39.7103215],[116.3150871,39.7065346],[116.3161891,39.7002669],[116.3156268,39.6851232],[116.3155819,39.6835234],[116.315469,39.6826696],[116.3139982,39.6771669],[116.3138818,39.6703369],[116.3138671,39.6689895],[116.3138345,39.6678301]]},"properties":{"line_key":"4","name":"4号线","name_zh":"4号线","name_en":null,"ref":"4","osm_relation":2083779,"osm_name":"地铁 4号线/大兴线: 安河桥北 -> 天宫院","station_count":35,"way_count":10,"note":"OSM relation covers 4号线+大兴线 (安河桥北-天宫院)","coord_system":"WGS84 (EPSG:4326)"}},{"type":"Feature","geometry":{"type":"LineString","coordinates":[[116.4067459,40.0820874],[116.4067865,40.0814996],[116.4068098,40.0812113],[116.4068597,40.0807105],[116.4069024,40.0801623],[116.4070342,40.0785066],[116.4071071,40.077669],[116.4071284,40.0771567],[116.4071199,40.0768662],[116.4070262,40.0761332],[116.4067261,40.0744086],[116.406614,40.0737835],[116.4064957,40.0731781],[116.4062995,40.0721693],[116.4062017,40.0716092],[116.4061441,40.0712776],[116.4060969,40.070795],[116.4060899,40.0705049],[116.4061008,40.0700832],[116.4061231,40.069656],[116.4064854,40.0651271],[116.4065364,40.0645178],[116.4066418,40.062751],[116.4066781,40.0621419],[116.4066797,40.0621153],[116.4067037,40.0617121],[116.4070055,40.0582974],[116.4071731,40.0563663],[116.4071978,40.0560669],[116.40724,40.0555672],[116.4073128,40.0547952],[116.4073512,40.0543365],[116.4073442,40.0540651],[116.4073215,40.0538605],[116.4072883,40.0536866],[116.4072045,40.0533978],[116.4070996,40.0530889],[116.4070577,40.053002],[116.4065359,40.0521998],[116.4061486,40.0516373],[116.4055095,40.0507749],[116.4053649,40.0505743],[116.4052448,40.0503925],[116.4051465,40.0502316],[116.405081,40.0501062],[116.4050046,40.0499516],[116.4049582,40.04982],[116.4049036,40.0496758],[116.4048735,40.0495588],[116.4048462,40.0494376],[116.4048053,40.0493018],[116.4047835,40.0491743],[116.4047698,40.0490155],[116.4047534,40.0485892],[116.404767,40.0479625],[116.4047687,40.0478835],[116.4047707,40.0477916],[116.4048439,40.0464103],[116.4048493,40.0462286],[116.4048684,40.0460697],[116.4048984,40.0458859],[116.4049367,40.0456936],[116.405024,40.0453885],[116.4051195,40.0451691],[116.4052506,40.0449163],[116.4054416,40.0446258],[116.4065007,40.0434577],[116.4067246,40.0431923],[116.4069372,40.0428545],[116.4079693,40.0410566],[116.408284,40.0404878],[116.4085889,40.0399323],[116.4086735,40.0397672],[116.4088045,40.0394579],[116.4089137,40.0391737],[116.4089983,40.0388853],[116.4090475,40.0387119],[116.4091703,40.0381769],[116.4093641,40.0373033],[116.4094542,40.0368665],[116.4094979,40.0366575],[116.4095415,40.0364527],[116.409618,40.0362228],[116.4097108,40.0360055],[116.4098336,40.0357589],[116.4099674,40.0355248],[116.4104478,40.0348769],[116.4106116,40.0346449],[116.4107617,40.0344276],[116.4108846,40.0342112],[116.4110026,40.0339804],[116.4110833,40.0337614],[116.4111336,40.0336109],[116.4116967,40.0312559],[116.4117683,40.0309084],[116.4118332,40.0305819],[116.4118536,40.0302736],[116.4118741,40.0299287],[116.4118775,40.0296152],[116.4118736,40.0290197],[116.4118536,40.028369],[116.4118426,40.0276856],[116.4118199,40.026784],[116.4117989,40.0257967],[116.4117885,40.0256362],[116.4117064,40.0251773],[116.4115614,40.0244817],[116.4115247,40.024261],[116.4114915,40.0240911],[116.4114565,40.0239038],[116.4114356,40.0236175],[116.4114303,40.0233018],[116.4113953,40.0221495],[116.4113898,40.0199414],[116.4114004,40.0188331],[116.4113899,40.0183674],[116.4113598,40.0180691],[116.4113317,40.0177774],[116.4112364,40.0168975],[116.4109377,40.0154766],[116.4106634,40.0142082],[116.410487,40.0134188],[116.4102389,40.0122601],[116.4101673,40.0119216],[116.4101061,40.0115295],[116.410017,40.010625],[116.4099961,40.0101072],[116.4099978,40.0096884],[116.4100205,40.0091398],[116.4100887,40.0084868],[116.4101201,40.0081871],[116.4107529,40.0039112],[116.4107802,40.0037578],[116.4109138,40.003125],[116.4110224,40.0025371],[116.411113,40.0019667],[116.4111776,40.0014962],[116.4113095,40.0010029],[116.4113671,40.0004691],[116.4113693,39.9997665],[116.4112885,39.9989602],[116.4111858,39.998286],[116.4111072,39.9976704],[116.4110548,39.9973425],[116.4109085,39.9962602],[116.4107953,39.9953595],[116.4107571,39.9950373],[116.4107376,39.9947068],[116.4107338,39.9936805],[116.4107219,39.9926711],[116.4106959,39.9904639],[116.4106921,39.9894805],[116.4108896,39.9861787],[116.4110495,39.9823698],[116.4112524,39.9766239],[116.4112695,39.9759567],[116.4112849,39.975233],[116.411486,39.9717228],[116.4115111,39.9710539],[116.4116783,39.9673618],[116.4117077,39.9666802],[116.4117378,39.9659836],[116.4119897,39.9607077],[116.4120927,39.9586233],[116.4121191,39.9580702],[116.4121496,39.9573904],[116.4121909,39.9565711],[116.4125596,39.9515709],[116.412567,39.951307],[116.4125461,39.9510911],[116.4124577,39.9509144],[116.4122816,39.9507508],[116.4105106,39.9495405],[116.4101964,39.9492871],[116.4100409,39.9489986],[116.4099862,39.9486748],[116.4099931,39.948357],[116.4100754,39.9469688],[116.4101057,39.9462779],[116.4102144,39.9440537],[116.4107387,39.9407571],[116.410765,39.9400647],[116.4107992,39.9394072],[116.4108214,39.9387484],[116.4108481,39.9381986],[116.4110526,39.936828],[116.4111858,39.9329994],[116.4112084,39.932285],[116.4112343,39.9315252],[116.4113676,39.9282847],[116.4113653,39.9279148],[116.4115262,39.9239401],[116.4115746,39.9230702],[116.4116017,39.9222894],[116.4116298,39.9216826],[116.4115851,39.9199537],[116.4116571,39.9177591],[116.4117097,39.9161572],[116.4117401,39.9154119],[116.4117719,39.9146756],[116.411952,39.9119042],[116.4122217,39.9077535],[116.4122459,39.9068683],[116.4122722,39.9061416],[116.4122683,39.9049632],[116.4122676,39.9047431],[116.4121836,39.9011091],[116.4122524,39.9001363],[116.4122698,39.8994899],[116.412288,39.8988146],[116.412529,39.8923542],[116.4125418,39.8916994],[116.4125554,39.8910323],[116.4127074,39.8874134],[116.4127293,39.8870995],[116.4127979,39.8866722],[116.4129458,39.8862566],[116.4132585,39.8857053],[116.4141391,39.8839852],[116.4142967,39.8836311],[116.414425,39.883211],[116.4144583,39.8829081],[116.4144792,39.8822564],[116.4145003,39.8815957],[116.4151087,39.8701656],[116.4153362,39.8647785],[116.4153572,39.8641213],[116.4153781,39.8634695],[116.4154486,39.8596288],[116.4154814,39.8568215],[116.4155091,39.8563021],[116.4155282,39.8559424],[116.4155723,39.855045],[116.4157894,39.8477576],[116.4158221,39.8473493],[116.415901,39.8469892],[116.415991,39.846642],[116.4161304,39.8464265],[116.4162452,39.8461755],[116.4163813,39.8459454],[116.4164889,39.8457734],[116.4166402,39.8455957],[116.4168053,39.8454181],[116.4169719,39.8452619],[116.4172238,39.8450794],[116.417488,39.844911],[116.4178332,39.8447624],[116.4182969,39.8446403],[116.4188175,39.8445517],[116.4193482,39.8444855],[116.4201531,39.8444177],[116.4210935,39.8443601],[116.4220124,39.844361]]},"properties":{"line_key":"5","name":"5号线","name_zh":"5号线","name_en":null,"ref":"5","osm_relation":1721064,"osm_name":"地铁 5号线: 天通苑北 → 宋家庄","station_count":23,"way_count":11,"note":"","coord_system":"WGS84 (EPSG:4326)"}},{"type":"Feature","geometry":{"type":"LineString","coordinates":[[116.1527213,39.921891],[116.1550249,39.9218924],[116.1553754,39.9218927],[116.1566434,39.9218935],[116.158804,39.9219055],[116.1598335,39.9219112],[116.1623056,39.9218753],[116.1631979,39.9219387],[116.1640314,39.9220948],[116.1651489,39.9223321],[116.1669118,39.9226454],[116.1680734,39.9231163],[116.168632,39.9234239],[116.1697213,39.9238765],[116.1705245,39.9240963],[116.1713316,39.9243172],[116.1723959,39.9246085],[116.1730523,39.9247762],[116.1753693,39.9253681],[116.1778885,39.926001],[116.1795451,39.9264124],[116.1812017,39.9268237],[116.1859356,39.9280382],[116.1866226,39.9282087],[116.1896156,39.9289514],[116.1912464,39.9294039],[116.1922603,39.9299387],[116.1935746,39.9306092],[116.1942612,39.9311193],[116.1944222,39.9314443],[116.1945724,39.9317898],[116.1948674,39.9321477],[116.195082,39.9323369],[116.1955487,39.9326043],[116.1960422,39.9327482],[116.1966269,39.9328099],[116.1973136,39.9327688],[116.198278,39.9326416],[116.1992019,39.9325282],[116.2006105,39.9324095],[116.2016319,39.9323719],[116.2035616,39.932238],[116.2043891,39.9321622],[116.2056078,39.9319822],[116.2080107,39.9320303],[116.2108988,39.931894],[116.2155536,39.931667],[116.2172664,39.931594],[116.2178208,39.9315761],[116.2188506,39.9315552],[116.2199489,39.931381],[116.2208893,39.931366],[116.2223541,39.9314226],[116.2230723,39.9315068],[116.2236522,39.9315209],[116.2245273,39.9315116],[116.2256017,39.9313731],[116.226547,39.9311283],[116.2273798,39.9307163],[116.2282282,39.9302456],[116.2292046,39.9297424],[116.2303959,39.9291283],[116.2313133,39.9287869],[116.2319784,39.9285936],[116.2325954,39.9285195],[116.2349825,39.928392],[116.2377237,39.9283262],[116.2409317,39.9283262],[116.2422525,39.9283318],[116.2457918,39.9283467],[116.2468915,39.9283497],[116.2473368,39.9283508],[116.2496586,39.9282542],[116.2537211,39.9280397],[116.2571674,39.9279359],[116.2584034,39.9278875],[116.2591342,39.9278875],[116.2604243,39.9280605],[116.2614889,39.9283718],[116.2625625,39.9289391],[116.2634737,39.9295064],[116.2639518,39.9297624],[116.2648269,39.930129],[116.2661261,39.9305303],[116.2679665,39.9310146],[116.268805,39.9312059],[116.2694788,39.9312761],[116.2708928,39.9313313],[116.2720879,39.931378],[116.272208,39.9313825],[116.2728362,39.9314025],[116.2738612,39.9314411],[116.2749664,39.9314741],[116.275346,39.9315042],[116.2757054,39.9315454],[116.2759696,39.9315625],[116.276337,39.9315708],[116.2771659,39.9315543],[116.2780269,39.9315379],[116.2791038,39.9315227],[116.2802316,39.9315173],[116.2815432,39.9315173],[116.2859045,39.9315174],[116.2885877,39.9315156],[116.2890621,39.9315175],[116.2893478,39.9315195],[116.2900229,39.9315198],[116.2939361,39.9314049],[116.3020987,39.931063],[116.3028609,39.9310706],[116.3036519,39.9310691],[116.3041117,39.9310736],[116.3114851,39.9311458],[116.3173634,39.9312084],[116.318605,39.9312072],[116.3194594,39.9312063],[116.322891,39.9311394],[116.3261603,39.9310405],[116.3273071,39.9310435],[116.3286524,39.931047],[116.3321039,39.9310402],[116.3379919,39.9310249],[116.3383427,39.931024],[116.3454247,39.9309847],[116.347769,39.9309682],[116.3486293,39.930949],[116.3501236,39.9309319],[116.3505291,39.9309066],[116.3550383,39.9308932],[116.362623,39.9311248],[116.3651717,39.9312836],[116.371181,39.9313377],[116.3732444,39.9314838],[116.3743695,39.9315634],[116.3779868,39.9316978],[116.3802196,39.9317812],[116.380559,39.9317891],[116.385277,39.9319805],[116.3869448,39.932025],[116.3907218,39.9320182],[116.3951645,39.9318856],[116.3966752,39.931594],[116.3975531,39.9314246],[116.3984668,39.9311884],[116.3988469,39.9310874],[116.3991854,39.9307707],[116.3993917,39.9303918],[116.399527,39.9244781],[116.3996865,39.9236744],[116.3999467,39.9232671],[116.4002002,39.9230028],[116.4004581,39.9228677],[116.4007889,39.9228012],[116.4033182,39.9228767],[116.4057266,39.9228794],[116.4102509,39.9229155],[116.4268884,39.9230479],[116.4274038,39.9230328],[116.4278597,39.9230194],[116.4326516,39.9228788],[116.4455655,39.9214284],[116.4555199,39.9219178],[116.4573795,39.921873],[116.4724784,39.9215091],[116.4898881,39.921537],[116.4955759,39.9215609],[116.4977223,39.9215666],[116.5096927,39.9215506],[116.5101543,39.9215762],[116.5111323,39.9216491],[116.5116227,39.9216857],[116.5141708,39.9219094],[116.5161671,39.9223575],[116.5165878,39.9224095],[116.5179044,39.9223867],[116.5198696,39.9223607],[116.5323224,39.9221956],[116.5344814,39.922167],[116.5374678,39.9221332],[116.5443196,39.9223069],[116.5543851,39.9226109],[116.5583652,39.9226389],[116.5636436,39.922676],[116.5714829,39.9226737],[116.5719945,39.9226933],[116.5730944,39.9227753],[116.5740583,39.9228315],[116.5897697,39.9240174],[116.5920525,39.9241897],[116.5936436,39.9242649],[116.5957493,39.9247022],[116.5985989,39.9248006],[116.5994503,39.9248337],[116.5997767,39.924834],[116.6001033,39.924814],[116.6004256,39.9247764],[116.6007388,39.9247241],[116.6010387,39.9246597],[116.6013205,39.924586],[116.6015799,39.9245058],[116.6018122,39.9244218],[116.602013,39.9243367],[116.6021776,39.9242534],[116.6023133,39.9241768],[116.6024353,39.9241078],[116.6025507,39.9240422],[116.602667,39.9239763],[116.6027914,39.9239059],[116.6029313,39.9238272],[116.603094,39.9237362],[116.6032867,39.9236289],[116.6035169,39.9235014],[116.6037919,39.9233498],[116.6041077,39.9231948],[116.6044525,39.9230608],[116.6048212,39.9229486],[116.6052088,39.9228593],[116.6056105,39.9227939],[116.6060212,39.9227533],[116.606436,39.9227384],[116.6068498,39.9227504],[116.6072578,39.9227901],[116.607655,39.9228585],[116.6080017,39.9229323],[116.6082716,39.9229898],[116.6084794,39.923034],[116.6086398,39.9230681],[116.6087676,39.9230952],[116.6088776,39.9231185],[116.6089845,39.9231411],[116.6091031,39.9231662],[116.6092482,39.9231969],[116.6094345,39.9232363],[116.6103267,39.9234237],[116.6111696,39.9236137],[116.6116848,39.9237226],[116.6120993,39.9238101],[116.6121986,39.923831],[116.6127033,39.9239373],[116.6131912,39.9240398],[116.6136544,39.924137],[116.6140853,39.9242271],[116.6144762,39.9243086],[116.6148193,39.9243798],[116.6151068,39.9244391],[116.6153311,39.9244848],[116.6155304,39.9245237],[116.6157473,39.9245638],[116.6159805,39.9246049],[116.6162287,39.9246473],[116.6164904,39.924691],[116.6167642,39.9247359],[116.6170489,39.9247822],[116.617343,39.92483],[116.6176452,39.9248792],[116.6179541,39.9249299],[116.6182777,39.9249843],[116.6186196,39.9250436],[116.6189718,39.9251059],[116.6193262,39.9251697],[116.6196747,39.925233],[116.6200093,39.9252944],[116.6203219,39.9253519],[116.6206045,39.9254039],[116.620849,39.9254487],[116.6210474,39.9254846],[116.6212576,39.9255198],[116.6215339,39.9255621],[116.621863,39.9256088],[116.6222314,39.9256574],[116.6224631,39.9256854],[116.6226258,39.925705],[116.6230327,39.9257493],[116.6234389,39.9257874],[116.6238309,39.9258167],[116.6241925,39.9258296],[116.6245159,39.9258243],[116.6270091,39.925803],[116.6334969,39.9258964],[116.6379763,39.9257403],[116.6425767,39.9256542],[116.6467269,39.9254895],[116.6500929,39.9251828],[116.651892,39.9247849],[116.6529868,39.9244426],[116.6540197,39.9235984],[116.6547697,39.9214582],[116.6550027,39.9202],[116.6552207,39.9188414],[116.6554601,39.9174567],[116.6556944,39.9161018],[116.6561112,39.9152572],[116.6567533,39.9144011],[116.6587564,39.9135439],[116.6612034,39.9131145],[116.6634156,39.9121208],[116.6635786,39.9120476],[116.664937,39.9112027],[116.6668974,39.9099333],[116.6694874,39.9082563],[116.6768748,39.9036328],[116.6785129,39.9026997],[116.6792914,39.9022891],[116.6800269,39.9020715],[116.6821801,39.9017338],[116.6843035,39.9014007],[116.6966235,39.9015448],[116.7007417,39.9020151],[116.7018192,39.9020274],[116.7028698,39.9020281],[116.7092801,39.9020022],[116.711363,39.9020892],[116.7132294,39.9021671],[116.725878,39.9021858],[116.7274377,39.9021825],[116.7289918,39.9021793],[116.7367043,39.9022496],[116.7379313,39.902217],[116.7390291,39.902038],[116.7418812,39.901521],[116.7447289,39.9010047],[116.7464297,39.9006809],[116.7475663,39.9004267],[116.7482163,39.9002822],[116.7487461,39.9001158],[116.7492708,39.8999175],[116.7498409,39.8996834],[116.7503367,39.8994086],[116.7508255,39.8990809],[116.7511451,39.8988428],[116.7514694,39.8985663],[116.7516911,39.8983358],[116.7518487,39.8980946],[116.7519508,39.8978863],[116.7520308,39.8976637],[116.7520944,39.8974017],[116.7521245,39.8971427],[116.7521409,39.8967584],[116.7521463,39.8963365],[116.7516505,39.8934456],[116.7514278,39.8921475],[116.7508555,39.8889097]]},"properties":{"line_key":"6","name":"6号线","name_zh":"6号线","name_en":"Subway 6: Jinanqiao → Luyang","ref":"6","osm_relation":4625141,"osm_name":"地铁 6号线: 金安桥 → 潞阳","station_count":36,"way_count":9,"note":"","coord_system":"WGS84 (EPSG:4326)"}},{"type":"Feature","geometry":{"type":"LineString","coordinates":[[116.3150518,39.8935406],[116.3150696,39.8920444],[116.315082,39.8916457],[116.3153989,39.8906385],[116.3160317,39.8899556],[116.3167105,39.8894259],[116.3170711,39.8892111],[116.3178343,39.8889933],[116.3182792,39.8889374],[116.3201734,39.8889173],[116.3213673,39.8889046],[116.3231916,39.8888707],[116.3265962,39.8886379],[116.3287553,39.8883485],[116.3301577,39.8882059],[116.331697,39.8881785],[116.3325281,39.8881638],[116.3418709,39.8883216],[116.3506847,39.8884705],[116.3516838,39.8884513],[116.3528229,39.8884911],[116.3532621,39.8884837],[116.365371,39.8879176],[116.3675067,39.8879142],[116.369053,39.8879117],[116.3736502,39.8880474],[116.3767241,39.8883092],[116.3773932,39.8883373],[116.3778805,39.8883578],[116.382513,39.8885108],[116.38616,39.8889187],[116.3902545,39.8893978],[116.3930842,39.8900482],[116.3939989,39.890256],[116.394232,39.8903116],[116.3964584,39.8908425],[116.3973919,39.8910154],[116.3983494,39.8910751],[116.4032069,39.891248],[116.4126275,39.8916421],[116.4247705,39.8922129],[116.4252478,39.8922088],[116.4277302,39.8922475],[116.4304115,39.8922893],[116.4309132,39.8922914],[116.4369003,39.8922912],[116.441517,39.8922623],[116.4418469,39.8922358],[116.4430499,39.8922244],[116.4452527,39.8922034],[116.4461964,39.8922279],[116.4552294,39.8920267],[116.4714337,39.8918579],[116.4804672,39.8921329],[116.481348,39.8921344],[116.4821902,39.8921358],[116.4847384,39.8919749],[116.4861468,39.8918064],[116.4871697,39.8915928],[116.4882194,39.891412],[116.4895219,39.8913071],[116.49004,39.891307],[116.4937078,39.8913062],[116.4946437,39.8911761],[116.4951685,39.8910363],[116.4959826,39.890535],[116.4967645,39.8897461],[116.4971776,39.8889218],[116.4972464,39.8887846],[116.4974392,39.8880285],[116.4974693,39.8849395],[116.4974504,39.8840011],[116.4974331,39.8831427],[116.4974774,39.881714],[116.4976063,39.8779656],[116.4975458,39.8769601],[116.4974397,39.8766346],[116.4967202,39.8756116],[116.4959713,39.8745019],[116.4953016,39.8734417],[116.4947208,39.872222],[116.4943641,39.8714172],[116.4939684,39.8694966],[116.493306,39.8665624],[116.4930195,39.8656798],[116.4927457,39.8648362],[116.4924708,39.8638555],[116.4923851,39.8631156],[116.4925244,39.8623345],[116.4928564,39.8614548],[116.4931991,39.8608464],[116.4939168,39.8601229],[116.4947629,39.8598434],[116.501243,39.859498],[116.5042551,39.8595048],[116.5057128,39.8595365],[116.5073896,39.8595169],[116.5077051,39.8595084],[116.5132263,39.8593599],[116.5159983,39.8590459],[116.5203117,39.8584678],[116.5209389,39.8583422],[116.5222993,39.8580696],[116.5235205,39.857794],[116.5241427,39.8576535],[116.5256069,39.8572237],[116.5277222,39.8562288],[116.5298463,39.855106],[116.5305458,39.8547363],[116.5315731,39.854229],[116.532738,39.8536691],[116.533896,39.853083],[116.5341803,39.8529391],[116.5373556,39.851332],[116.5421507,39.848685],[116.544157,39.8480481],[116.5458691,39.8479217],[116.5475282,39.8478945],[116.5496228,39.8478765],[116.5529823,39.847881],[116.5539883,39.8479894],[116.5549356,39.8483101],[116.5562535,39.8495658],[116.5575361,39.8527683],[116.5589011,39.8539291],[116.5606308,39.854864],[116.5616311,39.8551712],[116.562949,39.8553834],[116.5641092,39.8554863],[116.56542,39.8555942],[116.5706697,39.855918],[116.5782633,39.8563457],[116.5927832,39.8576464],[116.5946459,39.8577648],[116.595059,39.8577911],[116.6049846,39.8582601],[116.6105524,39.8584827],[116.614044,39.8591809],[116.6157529,39.8595067],[116.6192264,39.8606098],[116.6212177,39.8615299],[116.6232928,39.8620926],[116.6254677,39.8623548],[116.6260122,39.8624042],[116.6267082,39.8623956],[116.6509051,39.8622871],[116.6525302,39.8622797],[116.6629964,39.8622594],[116.6647132,39.862254],[116.6730022,39.8622431],[116.6731662,39.8622425],[116.6733544,39.8622391],[116.6735628,39.8622326],[116.6737873,39.8622225],[116.6740239,39.8622083],[116.6742684,39.8621898],[116.6745169,39.8621664],[116.6747653,39.8621377],[116.6750095,39.8621033],[116.6752454,39.8620629],[116.6754617,39.8620181],[116.6756549,39.8619717],[116.6758325,39.8619241],[116.676002,39.8618762],[116.6761708,39.8618285],[116.6763466,39.8617816],[116.6765368,39.8617363],[116.676749,39.8616932],[116.6769906,39.8616528],[116.6772693,39.8616159],[116.6794826,39.8613676],[116.6803025,39.8612757],[116.6811612,39.8611793],[116.681446,39.8611547],[116.6817041,39.8611431],[116.6819409,39.861142],[116.6821618,39.861149],[116.6823724,39.8611617],[116.682578,39.8611776],[116.6827842,39.8611942],[116.6829964,39.8612092],[116.68322,39.86122],[116.6834605,39.8612243],[116.6836943,39.8612248],[116.6838987,39.8612258],[116.6840805,39.8612271],[116.6842468,39.8612288],[116.6844045,39.8612307],[116.6845605,39.8612327],[116.6847217,39.8612346],[116.684895,39.8612363],[116.6850875,39.8612378],[116.6853059,39.8612389],[116.685563,39.8612433],[116.6858617,39.8612508],[116.6861949,39.8612552],[116.6865551,39.8612505],[116.6869353,39.8612305],[116.687328,39.8611891],[116.687726,39.8611201],[116.6881221,39.8610176],[116.6885089,39.8608753],[116.6888791,39.8606871],[116.6892193,39.8604524],[116.6895159,39.8601747],[116.6897615,39.8598544],[116.689949,39.8594919],[116.6900711,39.8590876],[116.6901206,39.8586418],[116.6900902,39.8581549],[116.6899728,39.8576273],[116.6897609,39.8570594],[116.6894476,39.8564618],[116.6888584,39.8554379],[116.687734,39.8535163],[116.6860061,39.8507155],[116.6856465,39.8502169],[116.6852187,39.8497762],[116.6847293,39.8493923],[116.684185,39.8490642],[116.6835924,39.8487907],[116.6829581,39.8485707],[116.6822888,39.8484032],[116.6815911,39.8482871],[116.6808716,39.8482212],[116.6801369,39.8482046],[116.6767613,39.8482348],[116.6755481,39.8482456],[116.6735204,39.8482511]]},"properties":{"line_key":"7","name":"7号线","name_zh":"7号线","name_en":null,"ref":"7","osm_relation":4623397,"osm_name":"地铁 7号线: 北京西站 → 环球度假区","station_count":30,"way_count":8,"note":"","coord_system":"WGS84 (EPSG:4326)"}},{"type":"Feature","geometry":{"type":"LineString","coordinates":[[116.3075669,40.1029839],[116.307947,40.1018383],[116.3084653,40.1001674],[116.3088152,40.09909],[116.3092277,40.097884],[116.3093852,40.0975043],[116.3097064,40.0968979],[116.3099416,40.096515],[116.3114863,40.0939586],[116.3130315,40.0914474],[116.3153484,40.0875829],[116.315602,40.0873118],[116.3158547,40.0870004],[116.3162637,40.0867743],[116.316759,40.0866254],[116.3176517,40.0865018],[116.3181278,40.0864356],[116.3185787,40.0864055],[116.3190355,40.0863931],[116.3204522,40.0864961],[116.3205248,40.0865024],[116.3231346,40.0868418],[116.3262818,40.0872357],[116.3294031,40.087627],[116.3343231,40.0881159],[116.3394316,40.0884327],[116.3427041,40.0885594],[116.3442647,40.0886466],[116.3457443,40.0887166],[116.3464717,40.0887264],[116.3469252,40.0887327],[116.3474529,40.0887306],[116.34806,40.0887575],[116.3487572,40.0887922],[116.3495331,40.0888406],[116.3503171,40.0889146],[116.3510922,40.0889831],[116.3518308,40.0890395],[116.3525052,40.0890773],[116.3530879,40.08909],[116.3535511,40.0890711],[116.3539495,40.0890276],[116.3543495,40.0889676],[116.3547408,40.0888859],[116.3551135,40.0887773],[116.3554575,40.0886366],[116.3557627,40.0884585],[116.3560191,40.088238],[116.3562165,40.0879698],[116.3563449,40.0876486],[116.3563943,40.0872694],[116.3564022,40.08687],[116.3564131,40.0864898],[116.3564272,40.0861254],[116.3564446,40.0857734],[116.3564654,40.0854307],[116.3564897,40.0850939],[116.3565177,40.0847597],[116.3565495,40.0844248],[116.3565852,40.0840859],[116.356625,40.0837398],[116.3566676,40.0833977],[116.3567114,40.083073],[116.3567554,40.0827657],[116.3567988,40.0824753],[116.3568409,40.0822016],[116.3568806,40.0819445],[116.3569173,40.0817036],[116.3569501,40.0814787],[116.3569781,40.0812696],[116.3570005,40.081076],[116.3570187,40.0809014],[116.3570349,40.0807488],[116.3570491,40.0806174],[116.3570613,40.0805063],[116.3570715,40.0804146],[116.3570798,40.0803416],[116.3570879,40.0802707],[116.3570908,40.0802479],[116.3570935,40.0802254],[116.3571465,40.0797228],[116.3572103,40.0791221],[116.3574041,40.0772946],[116.357612,40.0760745],[116.3577375,40.0748479],[116.3576265,40.0732384],[116.3572669,40.0727272],[116.3566694,40.0721132],[116.3539379,40.0705298],[116.3523285,40.0696173],[116.3501185,40.0688179],[116.341772,40.0640373],[116.3409704,40.063427],[116.3407885,40.0631554],[116.340635,40.0626888],[116.3410926,40.0583489],[116.3411489,40.0573864],[116.3412357,40.0568538],[116.3445556,40.0473312],[116.3447897,40.0467172],[116.3450909,40.046058],[116.3467454,40.0423731],[116.3474697,40.0402919],[116.3482692,40.0366744],[116.3486012,40.0352658],[116.3515073,40.0291464],[116.3519419,40.0278405],[116.3526116,40.0267273],[116.3531806,40.0263095],[116.3628892,40.0212234],[116.3638937,40.0208346],[116.3657135,40.0205557],[116.366792,40.0205474],[116.3677493,40.0205336],[116.3757699,40.0202914],[116.3779004,40.0197731],[116.3846691,40.0167327],[116.3855919,40.0161133],[116.3858437,40.0157922],[116.3860105,40.0152217],[116.3861023,40.0143779],[116.386122,40.0140695],[116.3862089,40.013396],[116.3861719,40.0118929],[116.3862526,40.0102978],[116.3862915,40.0091958],[116.386751,39.999324],[116.3874758,39.9841326],[116.3876024,39.9811754],[116.3878002,39.9763986],[116.387843,39.975527],[116.3878727,39.9751361],[116.3879566,39.9740309],[116.3882615,39.9671145],[116.3884943,39.9618333],[116.3885073,39.9555696],[116.3884494,39.9545222],[116.3882871,39.9534148],[116.3881191,39.9511799],[116.3877775,39.9488666],[116.3875743,39.9467301],[116.3876204,39.9452382],[116.3881517,39.9413724],[116.38827,39.9409109],[116.3883462,39.9406286],[116.388899,39.9395594],[116.3894525,39.9387692],[116.3897836,39.9382987],[116.3899326,39.9376796],[116.3900047,39.9365077],[116.3900389,39.9359524],[116.3900663,39.9354527],[116.3901071,39.9353103],[116.3903264,39.9342511],[116.3904828,39.9339568],[116.3905835,39.9338091],[116.3908301,39.9334939],[116.3915868,39.9331168],[116.3927061,39.9327887],[116.3942801,39.9324539],[116.3954849,39.9322721],[116.3976896,39.932274],[116.3987835,39.9322772],[116.3995421,39.9322678],[116.4008135,39.9321896],[116.4018006,39.9319922],[116.4022006,39.9318458],[116.4024433,39.9316539],[116.402542,39.9313281],[116.4025723,39.9308278],[116.4026004,39.9300164],[116.4026439,39.9297788],[116.4027432,39.9294107],[116.4029819,39.9289253],[116.4032045,39.9284275],[116.4033976,39.9279606],[116.4036673,39.9274153],[116.4040191,39.9266508],[116.4042582,39.9261838],[116.4043845,39.9258344],[116.4044387,39.9255403],[116.4044922,39.9231748],[116.4045028,39.922169],[116.4045342,39.9191715],[116.4047143,39.9171908],[116.4048484,39.9141698],[116.4051485,39.9073071],[116.4051479,39.9070421],[116.4052105,39.9062303],[116.4054841,39.9027633],[116.4054868,39.9021399],[116.4053956,39.9016707],[116.4051434,39.9011543],[116.4048806,39.9008003],[116.4045534,39.9004979],[116.4042342,39.9002612],[116.4038184,39.9000246],[116.4032337,39.8998168],[116.4026973,39.8996974],[116.4023137,39.8996439],[116.4017478,39.8996275],[116.400733,39.8995995],[116.3989314,39.8995626],[116.398104,39.8995205],[116.3976158,39.8994577],[116.3968728,39.8992849],[116.396382,39.8991274],[116.3957383,39.8988311],[116.3950637,39.8984268],[116.3936133,39.897519],[116.3928643,39.8970265],[116.3925478,39.896761],[116.3922045,39.8963803],[116.3919684,39.8959297],[116.3918236,39.895444],[116.3918008,39.894715],[116.3921589,39.8880272],[116.3921669,39.8878461],[116.3923144,39.8823735],[116.3924244,39.8801176],[116.3924915,39.8788497],[116.3924861,39.8777608],[116.3923359,39.8767728],[116.3914347,39.8720383],[116.391373,39.8716163],[116.3913542,39.871217],[116.3914132,39.8708094],[116.3915312,39.8704059],[116.3917297,39.8700127],[116.3920704,39.8695145],[116.3922125,39.869321],[116.3926604,39.8686417],[116.3928375,39.8681888],[116.3929206,39.8677359],[116.3929018,39.8671224],[116.3928965,39.8668877],[116.3929085,39.8653035],[116.3929582,39.8642443],[116.3930333,39.8635443],[116.3931996,39.862799],[116.3932586,39.8625211],[116.3934074,39.8618313],[116.3934329,39.8614546],[116.3933712,39.8606743],[116.393339,39.8604519],[116.3932881,39.8600566],[116.3931955,39.8591867],[116.393095,39.8576497],[116.3930145,39.8565687],[116.3930064,39.8559407],[116.393044,39.8553848],[116.3931915,39.8547527],[116.3933739,39.8541906],[116.3934758,39.853894],[116.3938111,39.8527821],[116.3938862,39.8519811],[116.3939752,39.8501087],[116.3939852,39.8499088],[116.3941839,39.8460917],[116.3942834,39.8440149],[116.3943596,39.842423],[116.3945433,39.8387108],[116.3947905,39.8350141],[116.3948143,39.8343568],[116.394833,39.8335123],[116.3947257,39.8326513],[116.3945863,39.8318934],[116.3944897,39.8311271],[116.3944736,39.8306266],[116.3945353,39.82978],[116.3951576,39.824721],[116.3952675,39.8234623],[116.3955545,39.8170822],[116.3957718,39.8130101],[116.395782,39.8128314],[116.3958429,39.811606],[116.3960642,39.8071123],[116.3961554,39.8064282],[116.3962948,39.8059398],[116.3964719,39.8056019],[116.3966998,39.8052516],[116.3970968,39.8048457],[116.3974696,39.8045263],[116.3978478,39.8042893],[116.398277,39.8040689],[116.3989609,39.8038319],[116.399374,39.8037392],[116.3999426,39.8036588],[116.4005582,39.8036372],[116.4037872,39.8037279],[116.406565,39.8038051],[116.4075521,39.8038051],[116.4082655,39.8036897],[116.4089307,39.8034857],[116.4093223,39.8033167],[116.4097971,39.8030283],[116.4101055,39.8028016],[116.4103898,39.802544],[116.4107037,39.8021587],[116.4109182,39.8018516],[116.4112508,39.8013365],[116.4115003,39.8009573],[116.4116907,39.8005761],[116.4118463,39.8001866],[116.4120045,39.7996261],[116.4124827,39.7974087],[116.4128816,39.7956571],[116.4139223,39.7896784],[116.4140006,39.7892309],[116.4143407,39.7872876],[116.4144507,39.7866816],[116.4146224,39.7862343],[116.4148906,39.7857582],[116.4152513,39.7852749],[116.4156738,39.7848596],[116.4165133,39.7842556],[116.4178866,39.7833673],[116.4180878,39.7832347],[116.4190561,39.7825964],[116.420483,39.7817513],[116.4212233,39.7813122],[116.4221755,39.7806918],[116.4262739,39.7777766],[116.4270276,39.7772452],[116.4285189,39.7762475],[116.4292043,39.7757525],[116.4331484,39.7729533],[116.4338815,39.7724353],[116.4347152,39.7717861],[116.4359618,39.7709009],[116.436743,39.7703759],[116.4375039,39.7698834],[116.4384031,39.769237],[116.4387453,39.7689544],[116.4391494,39.7685542],[116.4394334,39.7681961],[116.4396773,39.7677959],[116.4402562,39.7667689],[116.4405037,39.7662484],[116.4408641,39.7654537],[116.4412282,39.7644743],[116.4414466,39.763825],[116.4415595,39.7634472],[116.4417422,39.7629337],[116.4418736,39.762278],[116.4419863,39.7618203],[116.4421968,39.7611007],[116.4429323,39.7588098],[116.4430082,39.7585625]]},"properties":{"line_key":"8","name":"8号线","name_zh":"8号线","name_en":null,"ref":"8","osm_relation":1721068,"osm_name":"地铁 8号线: 朱辛庄 → 瀛海","station_count":35,"way_count":12,"note":"","coord_system":"WGS84 (EPSG:4326)"}},{"type":"Feature","geometry":{"type":"LineString","coordinates":[[116.319016,39.9418329],[116.3191051,39.9411555],[116.3193309,39.9371841],[116.3192778,39.9342916],[116.3192858,39.9342416],[116.3193043,39.9323912],[116.3196548,39.9234687],[116.319637,39.922574],[116.3197267,39.9147081],[116.3197242,39.9146137],[116.3197158,39.9145285],[116.3196942,39.9143959],[116.3196565,39.9142355],[116.3195886,39.9140273],[116.3194976,39.9138036],[116.3194387,39.9136776],[116.3193512,39.9135141],[116.3192472,39.9133529],[116.3190546,39.9130603],[116.3187811,39.9126507],[116.3186553,39.9124735],[116.3186011,39.9124072],[116.3185436,39.9123462],[116.3184509,39.9122614],[116.3183947,39.9122143],[116.3183634,39.912188],[116.318264,39.9121189],[116.3173896,39.9115448],[116.3169881,39.9112584],[116.3168349,39.9111303],[116.3167059,39.9110205],[116.3163368,39.910675],[116.3161886,39.910497],[116.3160917,39.9103549],[116.3157232,39.9096751],[116.3156351,39.9094622],[116.3155831,39.9092839],[116.3155622,39.9091565],[116.3155578,39.9090859],[116.315561,39.9067952],[116.3155577,39.9067681],[116.3155541,39.906742],[116.3155442,39.9067077],[116.3155298,39.9066754],[116.3152709,39.9062609],[116.3150784,39.9059491],[116.3150546,39.9059139],[116.3150415,39.9058887],[116.3150309,39.9058581],[116.3150257,39.90582],[116.3150253,39.9057734],[116.3150364,39.8997275],[116.3150321,39.8962266],[116.3149453,39.8946632],[116.314935,39.8945099],[116.3149111,39.8941541],[116.3149215,39.8935439],[116.3149275,39.892737],[116.3150609,39.8905475],[116.3150617,39.8904854],[116.3150487,39.8904074],[116.315031,39.890289],[116.3149767,39.889931],[116.3149576,39.8898378],[116.314947,39.8897832],[116.3149297,39.889709],[116.3149141,39.8896657],[116.3148985,39.8896209],[116.3146606,39.8889209],[116.3146023,39.8887934],[116.3145342,39.888684],[116.314458,39.8885807],[116.314351,39.8884712],[116.3142428,39.8883703],[116.3141192,39.8882739],[116.3139849,39.8881818],[116.3138732,39.8881042],[116.3136817,39.8879954],[116.3135145,39.887904],[116.3133177,39.8878052],[116.3117166,39.8870755],[116.308784,39.8857391],[116.3074859,39.8851299],[116.3072113,39.884972],[116.3071557,39.8849297],[116.3070981,39.8848859],[116.3047771,39.8826358],[116.3046734,39.882551],[116.3045148,39.8824554],[116.3043569,39.8823609],[116.3015471,39.8810202],[116.2980991,39.8793528],[116.2959473,39.8783762],[116.2956679,39.8782641],[116.2954876,39.8781954],[116.2930537,39.8774109],[116.2907195,39.8766664],[116.2906064,39.8766122],[116.2904854,39.8765522],[116.2893087,39.8757788],[116.2892069,39.875673],[116.2891357,39.8755767],[116.2890875,39.8754861],[116.2890333,39.8753735],[116.28899,39.8752381],[116.2889543,39.8751015],[116.2889001,39.874872],[116.2887452,39.8738822],[116.2882063,39.8669019],[116.2881577,39.8660276],[116.2877145,39.8541729],[116.2877005,39.8524067],[116.2902575,39.841517],[116.2904341,39.8395688],[116.2905523,39.8383233],[116.2913157,39.832393],[116.2913777,39.8318515],[116.291361,39.8308858],[116.2913243,39.8296652],[116.2913063,39.8290646],[116.2911926,39.8252079],[116.2912057,39.8239841],[116.2915628,39.8216661],[116.2918665,39.8197301],[116.2928989,39.818921],[116.2942917,39.8180269],[116.295633,39.8170759],[116.2957552,39.8169204],[116.2958538,39.8166476],[116.2959348,39.8162435],[116.2959496,39.8158296],[116.2959603,39.8151459],[116.2959688,39.8145961],[116.2959877,39.8133798]]},"properties":{"line_key":"9","name":"9号线","name_zh":"9号线","name_en":null,"ref":"9","osm_relation":2674583,"osm_name":"地铁 9号线: 国家图书馆 → 郭公庄","station_count":13,"way_count":6,"note":"","coord_system":"WGS84 (EPSG:4326)"}},{"type":"Feature","geometry":{"type":"LineString","coordinates":[[116.3090641,39.8432558],[116.3071063,39.8432636],[116.3038195,39.8433289],[116.3030247,39.8434456],[116.3022252,39.843653],[116.3016258,39.8439591],[116.3011443,39.8443204],[116.3007627,39.8447727],[116.3000245,39.8461239],[116.2997911,39.8466284],[116.2992095,39.8477956],[116.2985336,39.8490751],[116.2982437,39.8498632],[116.2981914,39.8507935],[116.2981531,39.8514622],[116.2983085,39.8525644],[116.2984888,39.8537001],[116.2985182,39.8545063],[116.2983012,39.8572027],[116.2982513,39.8584568],[116.2982452,39.8585529],[116.2980582,39.8615198],[116.2979294,39.8642953],[116.2978472,39.8659543],[116.2975609,39.8682979],[116.2975119,39.8710432],[116.2974887,39.8732151],[116.2974625,39.8737986],[116.2971833,39.8757827],[116.2968565,39.8788948],[116.2967748,39.8806357],[116.2967422,39.8822079],[116.2967926,39.8867144],[116.2968237,39.8891247],[116.2968003,39.8904383],[116.2970188,39.8910256],[116.2978038,39.8918357],[116.298495,39.8922976],[116.2996591,39.8927771],[116.3001216,39.8930228],[116.301425,39.8934192],[116.30283,39.8938882],[116.3033421,39.8941013],[116.303798,39.894291],[116.3041164,39.8946015],[116.3043186,39.894968],[116.304388,39.8953499],[116.3044042,39.8961809],[116.3043965,39.900828],[116.304405,39.9017135],[116.3044908,39.9025565],[116.3046356,39.903626],[116.3046942,39.9042831],[116.3049791,39.9056683],[116.304971,39.9061866],[116.3049623,39.9068328],[116.3049248,39.9071249],[116.3048076,39.9074338],[116.3046884,39.9077595],[116.3046084,39.9081028],[116.3043671,39.9086974],[116.3043284,39.9089124],[116.3042516,39.9092755],[116.3042455,39.9095131],[116.3042404,39.9108002],[116.3042333,39.9120099],[116.3041558,39.9124804],[116.3039983,39.9130789],[116.3038605,39.9133964],[116.303704,39.9137444],[116.3022635,39.9149439],[116.3005201,39.9156198],[116.2982523,39.9162624],[116.2941963,39.9166585],[116.2931716,39.9167874],[116.2925168,39.9172902],[116.2920877,39.9177869],[116.2918578,39.9183122],[116.291663,39.91904],[116.2916832,39.9198133],[116.291786,39.9217694],[116.2918482,39.9236518],[116.2918413,39.9253616],[116.2916825,39.9262034],[116.2912493,39.9273107],[116.2896203,39.9301519],[116.2895858,39.9306239],[116.2895528,39.9311646],[116.2895224,39.9320893],[116.2894824,39.9328982],[116.2894553,39.9334604],[116.2894517,39.9338489],[116.2894942,39.934348],[116.2895588,39.9348224],[116.2896395,39.935379],[116.2896529,39.9358685],[116.2896207,39.936284],[116.289587,39.9366046],[116.2892926,39.9379283],[116.2887338,39.9404881],[116.2883897,39.9419644],[116.2881082,39.9430735],[116.2879887,39.9440733],[116.2879557,39.945154],[116.2880359,39.9468628],[116.288026,39.948117],[116.2883182,39.9502944],[116.2886972,39.9521633],[116.288859,39.9540794],[116.2889092,39.9557876],[116.288669,39.9564927],[116.2881069,39.9574161],[116.2876261,39.9582701],[116.2866418,39.9599405],[116.2855299,39.9618608],[116.2850494,39.9624033],[116.2844458,39.9631564],[116.2835043,39.964303],[116.2827605,39.9652508],[116.2823633,39.9658713],[116.2818331,39.9668145],[116.2810248,39.9688739],[116.2807936,39.9702716],[116.2809202,39.9711463],[116.2814739,39.9720023],[116.2822919,39.9726075],[116.283407,39.9729519],[116.2844731,39.9731201],[116.2850387,39.9731514],[116.2861663,39.9732139],[116.2862975,39.9732212],[116.2865211,39.973234],[116.2875195,39.9732909],[116.2884546,39.9733441],[116.2889746,39.9733606],[116.2894542,39.9733712],[116.2939748,39.9735104],[116.2952408,39.9736419],[116.2966772,39.973941],[116.2978197,39.9741803],[116.2993319,39.9743258],[116.300193,39.9743528],[116.3115282,39.9746999],[116.3123729,39.9747302],[116.3229323,39.974909],[116.3275407,39.9749986],[116.3335105,39.9750981],[116.3347789,39.9750189],[116.3357849,39.9750237],[116.3368504,39.9750302],[116.3420829,39.9750072],[116.3433764,39.9749662],[116.3440246,39.9749054],[116.3453001,39.9748352],[116.3458463,39.9748051],[116.3467216,39.9747935],[116.3477566,39.9748033],[116.3630842,39.974843],[116.3648879,39.9748665],[116.3669117,39.9748821],[116.3686013,39.9749603],[116.3732249,39.9750277],[116.374935,39.9750272],[116.3762325,39.9750409],[116.3764316,39.975043],[116.3774982,39.9751255],[116.3805144,39.9754692],[116.3822169,39.9755703],[116.3858782,39.9755947],[116.3879627,39.9756139],[116.3895261,39.9756325],[116.3907331,39.9757229],[116.3984385,39.9757892],[116.3991851,39.9757844],[116.4009232,39.975784],[116.4105041,39.9756483],[116.4112418,39.9756562],[116.4124095,39.9756733],[116.41631,39.975765],[116.4168699,39.9757757],[116.4240748,39.9758277],[116.4305273,39.97569],[116.4315897,39.9756283],[116.4324647,39.9755704],[116.4332775,39.9754026],[116.4343703,39.9752358],[116.4351294,39.975088],[116.4361378,39.9748214],[116.4402901,39.9718855],[116.4411408,39.9712528],[116.4419502,39.9706428],[116.4436641,39.9693918],[116.4455533,39.9680893],[116.4496173,39.9653363],[116.4515459,39.9640336],[116.4519809,39.9637131],[116.4524401,39.9632728],[116.4527275,39.9627743],[116.4528414,39.9623789],[116.4528322,39.9619736],[116.452708,39.9615471],[116.4524915,39.9610926],[116.4521767,39.9607072],[116.451842,39.9603447],[116.4512757,39.9598408],[116.4506679,39.9593081],[116.4501679,39.9588696],[116.4499299,39.9585599],[116.4497401,39.9582879],[116.4495858,39.9579514],[116.4495192,39.9576447],[116.4494674,39.9572813],[116.4495124,39.9568888],[116.4495592,39.9565822],[116.4496447,39.9561818],[116.4498113,39.9558096],[116.4500807,39.955345],[116.4504069,39.9549603],[116.4508,39.9546781],[116.4542439,39.9524653],[116.454781,39.9520603],[116.4551664,39.9516663],[116.4555658,39.9511718],[116.4559017,39.9505317],[116.4561233,39.949831],[116.4561939,39.9492116],[116.4562051,39.9481391],[116.4561665,39.9402483],[116.4561565,39.9390686],[116.456152,39.9385453],[116.4553269,39.9329826],[116.4553291,39.9322532],[116.4553278,39.9316549],[116.4553082,39.9288279],[116.4552515,39.9278888],[116.4551498,39.9227],[116.4551638,39.9219942],[116.455202,39.9196584],[116.4552625,39.9159527],[116.4552708,39.9152853],[116.4551061,39.9085563],[116.4551072,39.9078777],[116.4551004,39.9072144],[116.4551139,39.8968465],[116.4551349,39.8928332],[116.4551332,39.8921702],[116.4549817,39.8830759],[116.454963,39.8815192],[116.4549556,39.8802083],[116.4548789,39.8748604],[116.4547061,39.8690305],[116.4547038,39.8681614],[116.4545495,39.8672946],[116.4543475,39.8665123],[116.4539415,39.8657478],[116.4534158,39.8649992],[116.4528851,39.8644699],[116.4469125,39.8595774],[116.4460897,39.8586991],[116.4458966,39.8581803],[116.4458008,39.8578836],[116.4457239,39.8575246],[116.4457455,39.8572345],[116.4460433,39.8559946],[116.4474947,39.8507485],[116.4475157,39.8506725],[116.4484092,39.8468332],[116.4483771,39.8462172],[116.4483146,39.845915],[116.4481735,39.8457028],[116.4477587,39.8452725],[116.4469404,39.8450129],[116.446327,39.8448738],[116.4452499,39.8447224],[116.4434657,39.8446022],[116.4421449,39.8445812],[116.4369407,39.8445365],[116.434294,39.8445137],[116.4316779,39.8444912],[116.4263153,39.8447672],[116.4245233,39.8448575],[116.4242584,39.8448709],[116.4216659,39.8448612],[116.4192272,39.844852],[116.4133267,39.8448961],[116.4086545,39.844584],[116.407407,39.8445445],[116.4062343,39.8445073],[116.3938611,39.8441046],[116.3923261,39.8440745],[116.3920662,39.8440694],[116.3904523,39.844024],[116.3901968,39.8440134],[116.3806448,39.8437738],[116.3798325,39.8438056],[116.3789282,39.8438855],[116.3774576,39.8440153],[116.3735756,39.8443534],[116.3731454,39.8443908],[116.37136,39.8445463],[116.3650382,39.8445134],[116.3632928,39.8445043],[116.3468792,39.8446367],[116.3454126,39.8446423],[116.3439619,39.8446479],[116.3434991,39.8446045],[116.3431121,39.8445682],[116.3417669,39.8444421],[116.3415239,39.8444193],[116.3287393,39.8432208],[116.3273549,39.8432146],[116.3259353,39.8432082],[116.3157964,39.8432263],[116.3141419,39.8432337],[116.3108406,39.8432109],[116.3090641,39.8432558]]},"properties":{"line_key":"10","name":"10号线","name_zh":"10号线","name_en":null,"ref":"10","osm_relation":1721076,"osm_name":"地铁 10号线: 西局 → 西局（内环）","station_count":45,"way_count":10,"note":"loop","coord_system":"WGS84 (EPSG:4326)"}},{"type":"Feature","geometry":{"type":"LineString","coordinates":[[116.1586699,39.9076644],[116.1586511,39.9138777],[116.1586451,39.9149386],[116.1586072,39.9154907],[116.1585403,39.9157902],[116.1584911,39.9160219],[116.1584218,39.9162638],[116.1582891,39.9164903],[116.1581098,39.9167117],[116.1577485,39.9170735],[116.1564495,39.9182006],[116.1562918,39.9183269],[116.1561807,39.918461],[116.1558594,39.919059],[116.1557316,39.9193345],[116.1556429,39.9195734],[116.1555317,39.9199855],[116.155263,39.9208912],[116.1550137,39.9216988],[116.1549033,39.9221412],[116.154873,39.9223943],[116.1548424,39.9226113],[116.1548261,39.9228005],[116.154783,39.9235015],[116.1547957,39.9247145],[116.154803,39.925092],[116.1547902,39.9252852],[116.1547243,39.925559],[116.1546484,39.925838],[116.1545766,39.9259813],[116.1538236,39.9275809],[116.1535252,39.9281475],[116.1534031,39.9283252],[116.1532675,39.928503],[116.1530832,39.9287203],[116.1517632,39.9302106],[116.1507494,39.931365],[116.1504566,39.9316984],[116.1498541,39.9323609]]},"properties":{"line_key":"11","name":"11号线","name_zh":"11号线","name_en":null,"ref":"11","osm_relation":13623627,"osm_name":"地铁11号线: 新首钢 → 模式口","station_count":4,"way_count":1,"note":"","coord_system":"WGS84 (EPSG:4326)"}},{"type":"Feature","geometry":{"type":"LineString","coordinates":[[116.268371,39.9425243],[116.268445,39.9431613],[116.2684966,39.9436051],[116.2686213,39.9444083],[116.2688989,39.9465368],[116.2692029,39.9487236],[116.269507,39.9503651],[116.2696701,39.9517316],[116.2698849,39.9530079],[116.2699252,39.954085],[116.2700035,39.9547026],[116.2702523,39.9550702],[116.2705487,39.9552238],[116.2709103,39.955337],[116.2711925,39.9554305],[116.2715157,39.9554851],[116.2724027,39.9555539],[116.2747165,39.9556987],[116.2767146,39.9558003],[116.2818901,39.9560634],[116.2836645,39.9562574],[116.2852043,39.9565442],[116.2866016,39.9569582],[116.2878386,39.9573225],[116.2880613,39.9573698],[116.2890196,39.9575735],[116.2906832,39.9577828],[116.2921453,39.9578708],[116.293921,39.9580633],[116.2950486,39.9582697],[116.2963072,39.9585531],[116.2981127,39.9591294],[116.3016275,39.9607081],[116.3024634,39.9610835],[116.3040691,39.961764],[116.3091479,39.9635026],[116.3121307,39.9644878],[116.3141597,39.9652153],[116.3148884,39.965451],[116.3156519,39.9656049],[116.3157635,39.9656147],[116.3166662,39.9656938],[116.3180553,39.9657406],[116.3280941,39.9660992],[116.3287497,39.9660982],[116.3305902,39.9660953],[116.3315069,39.9660701],[116.3325824,39.9661119],[116.3335193,39.9660948],[116.3346351,39.9660346],[116.3355806,39.9660191],[116.3371862,39.9660144],[116.3378337,39.9660217],[116.3387639,39.9660323],[116.3412327,39.9661255],[116.3427768,39.9661693],[116.3449243,39.9661988],[116.3464868,39.9662233],[116.3480785,39.9662223],[116.3496623,39.9662289],[116.3537145,39.9662457],[116.3566777,39.9662631],[116.3584716,39.9663487],[116.3600444,39.9664285],[116.3614594,39.9665235],[116.3630039,39.9665863],[116.3638654,39.9666143],[116.3649313,39.966649],[116.3672485,39.9666127],[116.3683335,39.9666374],[116.3720327,39.9666958],[116.3750639,39.9667569],[116.3758391,39.9667769],[116.3878634,39.9670872],[116.388397,39.967101],[116.3935976,39.9672351],[116.4002481,39.9674283],[116.4009974,39.9674499],[116.4032785,39.9675158],[116.4073252,39.9676258],[116.4110201,39.9677137],[116.4118077,39.9677337],[116.4119813,39.9677381],[116.4195399,39.9679399],[116.4242641,39.9679975],[116.4260965,39.9680199],[116.428106,39.9680846],[116.4288552,39.9680614],[116.429615,39.9679495],[116.4302971,39.9677922],[116.4309361,39.9675611],[116.4322852,39.9667813],[116.4343306,39.9654792],[116.4360166,39.9643752],[116.4429616,39.9598273],[116.4445211,39.958756],[116.4454753,39.9581005],[116.445979,39.9578347],[116.4465454,39.9576202],[116.4471087,39.9575461],[116.4477314,39.9575228],[116.448262,39.9575345],[116.4488856,39.9575928],[116.4494427,39.9576796],[116.4499932,39.9578066],[116.4506023,39.9579658],[116.4510739,39.958159],[116.4515124,39.9584205],[116.4518184,39.958658],[116.4525801,39.9593449],[116.4540246,39.9606476],[116.4554533,39.9619963],[116.4578806,39.9642289],[116.4593438,39.965429],[116.4605404,39.9661801],[116.4619525,39.9667868],[116.4633282,39.967063],[116.4653305,39.9673504],[116.4680377,39.9679346],[116.4690424,39.9681767],[116.4700142,39.9684804],[116.4707553,39.9687912],[116.471401,39.9691365],[116.4719096,39.9694652],[116.4735907,39.9710145],[116.4739908,39.9713752],[116.4783836,39.9753355],[116.4815593,39.9782117],[116.4820659,39.9786073],[116.4823158,39.9787566],[116.4826027,39.9788676],[116.4828518,39.9789234],[116.4832582,39.9789684],[116.4840818,39.9790469],[116.4850402,39.9790757],[116.4855594,39.9790913],[116.4910736,39.9790619],[116.4950609,39.9790964],[116.4994894,39.9791232],[116.5007629,39.9791309],[116.5018381,39.9791962],[116.5027495,39.9793043],[116.5035625,39.9795297],[116.5042948,39.9798029],[116.5047518,39.9800248],[116.5056727,39.9805345],[116.5062749,39.9807786],[116.5068564,39.9809138],[116.5075436,39.9809728],[116.5082375,39.9809194],[116.5088016,39.9807589],[116.509799,39.9803565],[116.5129129,39.9789107],[116.5152135,39.9776853],[116.5174346,39.9767555],[116.5220135,39.9754092],[116.524779,39.9746848],[116.5274446,39.9736277],[116.5283393,39.9733035],[116.5290832,39.973034],[116.5303094,39.972588],[116.5324314,39.9718229],[116.5338178,39.9714274],[116.5346593,39.9713072],[116.5356419,39.9712036],[116.5371863,39.9711998],[116.538693,39.9713905],[116.5407943,39.9718307],[116.5421852,39.9724451],[116.5431168,39.9729489],[116.5435887,39.9732107],[116.5444294,39.9736275],[116.5450116,39.9738064],[116.5459991,39.9739834],[116.5473034,39.97411],[116.5519654,39.9745238]]},"properties":{"line_key":"12","name":"12号线","name_zh":"12号线","name_en":null,"ref":"12","osm_relation":18441519,"osm_name":"地铁 12号线: 四季青桥 → 东坝北","station_count":20,"way_count":1,"note":"opened 2024-12-15","coord_system":"WGS84 (EPSG:4326)"}},{"type":"Feature","geometry":{"type":"LineString","coordinates":[[116.3470711,39.9403046],[116.3465728,39.9416209],[116.3463313,39.9422551],[116.3462506,39.9424387],[116.3460778,39.9428879],[116.3459627,39.9431678],[116.3453275,39.9447884],[116.3452326,39.945034],[116.3451594,39.9452742],[116.3451114,39.945611],[116.3450934,39.9459738],[116.3451062,39.9462339],[116.3451513,39.946496],[116.3452829,39.9473161],[116.3453741,39.9478411],[116.3454673,39.9483619],[116.3454978,39.948522],[116.3455153,39.9486957],[116.345521,39.9490075],[116.3455167,39.9491573],[116.3455052,39.9493066],[116.345489,39.9494449],[116.3454604,39.9495778],[116.3453892,39.9498337],[116.3452529,39.9501592],[116.3450957,39.9504532],[116.3434819,39.9534911],[116.3426438,39.9550012],[116.3422182,39.9557639],[116.3419732,39.9562157],[116.3418051,39.9565511],[116.341539,39.9571237],[116.3413781,39.9574596],[116.3411053,39.9580021],[116.3405028,39.9590932],[116.3403895,39.9593128],[116.3402783,39.9595338],[116.340094,39.9599422],[116.3399466,39.9603459],[116.3398766,39.960553],[116.3398147,39.9607613],[116.3397009,39.9611754],[116.3396501,39.9613998],[116.3396067,39.9616057],[116.3395474,39.9619233],[116.339513,39.9622273],[116.3394725,39.9625326],[116.3394141,39.96291],[116.339287,39.9635398],[116.3391749,39.9641801],[116.3390982,39.9646978],[116.3390282,39.965274],[116.3389522,39.9658437],[116.3389365,39.9659474],[116.3388491,39.9666532],[116.3387649,39.9670417],[116.3386261,39.967461],[116.3384582,39.9678653],[116.3382818,39.9682358],[116.3380356,39.9686569],[116.3377901,39.9690311],[116.3362318,39.9710231],[116.3354389,39.972007],[116.3346799,39.9729891],[116.3344078,39.9733949],[116.3342834,39.9736203],[116.3341692,39.9738701],[116.3340774,39.9741928],[116.334013,39.9744834],[116.333902,39.9751524],[116.3337785,39.9758272],[116.3337129,39.9762062],[116.3336548,39.9765424],[116.3335131,39.9772438],[116.3333447,39.9779625],[116.3331752,39.9787339],[116.3330264,39.9798956],[116.3323121,39.9838734],[116.3321904,39.9845484],[116.3321537,39.9847699],[116.3320436,39.9854342],[116.331978,39.985879],[116.3318929,39.9866272],[116.3318755,39.987386],[116.3317991,39.9893859],[116.331757,39.9903828],[116.3317436,39.9909426],[116.331724,39.9915734],[116.3316943,39.9922749],[116.3316065,39.9938424],[116.3315422,39.9953885],[116.3314469,39.9980268],[116.3313502,40.0007037],[116.3313373,40.0010623],[116.3312912,40.0023406],[116.3312299,40.0039807],[116.3310843,40.0055227],[116.3310377,40.0059351],[116.3309245,40.0064078],[116.330766,40.0068506],[116.3305868,40.0072537],[116.3303939,40.0076031],[116.3301101,40.0080444],[116.3298048,40.0084488],[116.3295552,40.0087562],[116.3292704,40.0090405],[116.3279791,40.0101988],[116.3250444,40.0128182],[116.323106,40.0144861],[116.3218256,40.015623],[116.3216585,40.0157678],[116.3216075,40.0158063],[116.3213566,40.016],[116.321172,40.0161656],[116.3209002,40.0164094],[116.3204602,40.01681],[116.3201155,40.0171899],[116.3197695,40.0176449],[116.3195497,40.0179895],[116.3193497,40.0184044],[116.319162,40.0188826],[116.3188195,40.0197586],[116.31856,40.0204218],[116.3182836,40.0211076],[116.3176882,40.0226703],[116.3170453,40.0243015],[116.3155082,40.0282702],[116.3152037,40.0290759],[116.3151031,40.0293286],[116.3146313,40.0304878],[116.314525,40.0307427],[116.3143192,40.0312352],[116.3141025,40.0317701],[116.3139033,40.0322852],[116.31388,40.0323439],[116.3134416,40.0333898],[116.3127249,40.0347303],[116.3123243,40.0353501],[116.311854,40.0359769],[116.3114347,40.036515],[116.3104376,40.037732],[116.3101453,40.0380726],[116.3098906,40.0383825],[116.309849,40.0384321],[116.3087317,40.0398118],[116.3075341,40.0412887],[116.3075242,40.041301],[116.3070228,40.0419636],[116.306749,40.0423443],[116.3063586,40.0429303],[116.305721,40.0438177],[116.3052609,40.0444408],[116.3043007,40.0455083],[116.3039806,40.045857],[116.3038302,40.0460322],[116.3028049,40.0473741],[116.302475,40.0478141],[116.3020033,40.0485365],[116.3014721,40.0495632],[116.3013496,40.0498176],[116.3005778,40.0512257],[116.3005638,40.0512503],[116.3002779,40.0517623],[116.3000164,40.0522686],[116.2999889,40.0523214],[116.2988031,40.0544951],[116.2984489,40.0551829],[116.2982405,40.0555635],[116.297879,40.0561975],[116.29691,40.0579164],[116.2959124,40.0597411],[116.2955768,40.0603549],[116.2953282,40.0607021],[116.2950802,40.061006],[116.294758,40.0613319],[116.2943994,40.0617143],[116.2940961,40.0620598],[116.2937959,40.0625618],[116.2935972,40.0630877],[116.2934929,40.0635602],[116.2934864,40.0640238],[116.2935882,40.064828],[116.2936916,40.0650393],[116.2939056,40.0654769],[116.2943493,40.0660745],[116.2970491,40.0691661],[116.2975701,40.0696175],[116.2982212,40.0700215],[116.2987968,40.0703262],[116.299381,40.0705478],[116.2999181,40.0706927],[116.3004596,40.0707783],[116.3010143,40.0708122],[116.3016295,40.0708154],[116.3023811,40.07071],[116.3030174,40.0705357],[116.3036469,40.0703127],[116.3041457,40.0700855],[116.3046191,40.0698778],[116.305071,40.069752],[116.3054972,40.0696637],[116.3060661,40.0696217],[116.3066308,40.0696132],[116.308033,40.0696071],[116.3097614,40.0695988],[116.3123497,40.0695574],[116.3131919,40.0695495],[116.3139677,40.0695421],[116.3158957,40.0695045],[116.322137,40.0693984],[116.3235439,40.069395],[116.3250159,40.0693904],[116.3257124,40.0693802],[116.3271988,40.0693583],[116.3284725,40.0693467],[116.3289655,40.069342],[116.3290475,40.0693412],[116.3292532,40.069339],[116.3298823,40.0693326],[116.330693,40.0693275],[116.3316254,40.0693167],[116.3328352,40.0693071],[116.333374,40.0693124],[116.3339165,40.069315],[116.3352441,40.0693103],[116.3390785,40.0692624],[116.3396157,40.0692602],[116.3401693,40.0692807],[116.3406283,40.0693269],[116.3412303,40.0694139],[116.3415429,40.0694603],[116.3417886,40.0694865],[116.3421193,40.0695093],[116.3425612,40.0695155],[116.3451825,40.0694843],[116.3456012,40.0694635],[116.3460692,40.0694295],[116.34653,40.0693726],[116.3470754,40.0693102],[116.3477628,40.0692258],[116.3481519,40.0691945],[116.3485662,40.0691767],[116.3504502,40.0691717],[116.3513406,40.0691586],[116.3516383,40.0691592],[116.3522764,40.0691554],[116.3525556,40.0691516],[116.3529852,40.0691459],[116.3537977,40.0691335],[116.3545454,40.0691265],[116.3553863,40.0691185],[116.3555398,40.0691169],[116.3561148,40.0691164],[116.3565414,40.0691116],[116.3573249,40.0691058],[116.3597172,40.0690798],[116.3603336,40.0690643],[116.360667,40.0690487],[116.3610297,40.0690215],[116.361342,40.0689852],[116.3618465,40.0689264],[116.362435,40.0688584],[116.3630692,40.0687484],[116.3639428,40.0685412],[116.3648353,40.0682981],[116.3656295,40.0679992],[116.3663865,40.067686],[116.3682948,40.0668918],[116.3723685,40.0651679],[116.3787892,40.0624508],[116.3791993,40.0622765],[116.38003,40.0619197],[116.3847212,40.0599382],[116.38611,40.0593516],[116.3930059,40.0564533],[116.3932455,40.0563526],[116.3979175,40.054389],[116.4028914,40.0523097],[116.4043473,40.0516943],[116.4050304,40.0514059],[116.4057271,40.0511194],[116.4120624,40.0484503],[116.4164036,40.0465901],[116.4164761,40.0465591],[116.4240909,40.0432962],[116.4250592,40.0429314],[116.4258144,40.0426291],[116.4264197,40.0423892],[116.4266737,40.0422705],[116.4275523,40.0419069],[116.4282789,40.0416022],[116.4289194,40.0413468],[116.4300241,40.0408883],[116.4304493,40.0407031],[116.4320234,40.0399959],[116.432313,40.0398612],[116.4326177,40.0397158],[116.4328885,40.039579],[116.4332814,40.0393845],[116.4459503,40.0340155],[116.4464892,40.033806],[116.4471301,40.0336291],[116.4479927,40.0334383],[116.4486576,40.0333024],[116.4492915,40.0331713],[116.4498722,40.0329873],[116.4502566,40.0328458],[116.4506256,40.0326653],[116.4510538,40.0323868],[116.4514179,40.0320807],[116.4517595,40.0317325],[116.4520198,40.0314164],[116.4523709,40.0309814],[116.4526183,40.0306484],[116.4528347,40.0303137],[116.453018,40.029903],[116.4531287,40.0295097],[116.4531732,40.0291607],[116.4531868,40.0288227],[116.453103,40.0271146],[116.4529909,40.0257047],[116.4529372,40.0253191],[116.4528671,40.0249854],[116.452783,40.0246552],[116.4525518,40.0239689],[116.4520133,40.0222534],[116.4515488,40.020993],[116.4513056,40.0202621],[116.4510725,40.0195378],[116.4509954,40.0192739],[116.4499778,40.0162624],[116.448805,40.0126959],[116.4474924,40.0088233],[116.4469695,40.00692],[116.4468832,40.0066828],[116.4466751,40.0060562],[116.4457934,40.0034224],[116.4449909,40.0010514],[116.4448056,40.0004281],[116.4444121,39.9992735],[116.4440657,39.9984536],[116.4436881,39.9976126],[116.4432363,39.9967904],[116.4424499,39.9955712],[116.4414903,39.9941996],[116.4410997,39.9936105],[116.4407157,39.9930162],[116.4406451,39.9929072],[116.4405433,39.9927501],[116.4391228,39.9905578],[116.4373309,39.9878788],[116.4371649,39.987621],[116.4370505,39.9874385],[116.4364426,39.986499],[116.4361775,39.9860873],[116.4356987,39.9853434],[116.4354955,39.9850375],[116.4352979,39.9847401],[116.4343638,39.9833337],[116.4332297,39.9816383],[116.4321553,39.9800001],[116.4300148,39.9767676],[116.4296755,39.9762621],[116.4293421,39.9757607],[116.4292882,39.975681],[116.4289303,39.9751376],[116.4279486,39.9736521],[116.4273796,39.9728319],[116.4271302,39.9724537],[116.4261339,39.970768],[116.4260083,39.9705232],[116.4258946,39.9702784],[116.4258004,39.9700311],[116.4257181,39.9698068],[116.4256703,39.9696106],[116.4256346,39.969442],[116.4255577,39.9689659],[116.4255532,39.9684376],[116.4255814,39.9678173],[116.4256087,39.9669836],[116.4256401,39.9663623],[116.4256681,39.9658288],[116.4257033,39.9652418],[116.4256856,39.9647791],[116.4256868,39.9643011],[116.4257806,39.9614143],[116.4258211,39.9607685],[116.4258751,39.960416],[116.4259214,39.960065],[116.426017,39.9596241],[116.4261142,39.9591678],[116.4262454,39.9583898],[116.4263414,39.9579279],[116.4264726,39.9574052],[116.4265959,39.9567995],[116.4267086,39.9562056],[116.4268114,39.9555264],[116.4268653,39.955187],[116.4270003,39.954767],[116.4271682,39.9543128],[116.4272687,39.9540832],[116.4273598,39.9538762],[116.4274476,39.953637],[116.4274983,39.9534213],[116.4275618,39.9529958],[116.4275637,39.9524479],[116.4275664,39.9521515],[116.4276051,39.9517259],[116.4276776,39.9512554],[116.4278667,39.950601],[116.4280357,39.9500788],[116.4281651,39.9497311],[116.4283597,39.9492769],[116.4284653,39.9488695],[116.4285391,39.9484544],[116.4285352,39.9480579],[116.428445,39.9476657],[116.4283199,39.9474182],[116.4281819,39.9469841],[116.4281029,39.9462179],[116.4281273,39.9425704],[116.4281508,39.9423897],[116.4282154,39.9422063],[116.4282902,39.9420829],[116.4285712,39.9416238]]},"properties":{"line_key":"13","name":"13号线","name_zh":"13号线","name_en":null,"ref":"13","osm_relation":1667376,"osm_name":"地铁 13号线: 西直门 -> 东直门","station_count":17,"way_count":73,"note":"","coord_system":"WGS84 (EPSG:4326)"}},{"type":"Feature","geometry":{"type":"LineString","coordinates":[[116.4725476,40.0265259],[116.4719046,40.0259628],[116.4699048,40.0248092],[116.4676343,40.0240374],[116.4638785,40.0231788],[116.462442,40.0225977],[116.4616833,40.0220432],[116.4610406,40.0212629],[116.4606427,40.0204157],[116.4606758,40.0197525],[116.4606922,40.0192177],[116.4607838,40.0169698],[116.4608253,40.0160274],[116.4609091,40.0140167],[116.4610744,40.0100513],[116.4610806,40.0091299],[116.4611507,40.0075103],[116.4616382,40.0017234],[116.4617989,40.0003049],[116.4618188,40.0001001],[116.4619601,39.9985717],[116.4619839,39.9977338],[116.4620069,39.9969194],[116.4619993,39.9959704],[116.462002,39.9958676],[116.462012,39.9955037],[116.4620203,39.9941382],[116.4620396,39.9935173],[116.4620873,39.9932168],[116.4621963,39.9929337],[116.462487,39.9924368],[116.4628164,39.9921327],[116.4631945,39.9918105],[116.4648521,39.9906926],[116.4655509,39.9902408],[116.4682872,39.988472],[116.4748641,39.9836632],[116.4759477,39.9829529],[116.4760108,39.9829119],[116.4782961,39.9814364],[116.4821876,39.9790578],[116.4830658,39.9784479],[116.4835628,39.9779219],[116.4838225,39.9772127],[116.4838854,39.9764078],[116.4839729,39.9701517],[116.4839985,39.9694979],[116.4840197,39.9689581],[116.4840507,39.9665645],[116.4838325,39.9655871],[116.4837977,39.965431],[116.4820007,39.96382],[116.4796449,39.9622468],[116.478408,39.9610355],[116.4782004,39.9604363],[116.478206,39.9598248],[116.4784802,39.9589933],[116.4787103,39.9585877],[116.478931,39.9582746],[116.4801894,39.9565142],[116.4810896,39.9550624],[116.4811894,39.9540598],[116.4810996,39.9528582],[116.4808,39.9521387],[116.480191,39.9514193],[116.4797053,39.9510608],[116.4790628,39.9506768],[116.4771679,39.9497024],[116.4768782,39.9495584],[116.4719728,39.9471193],[116.4700509,39.9460611],[116.4697114,39.9457224],[116.469297,39.9451675],[116.4690227,39.94468],[116.4688414,39.944018],[116.4688381,39.9437735],[116.4689402,39.9429256],[116.469009,39.9419516],[116.4693512,39.9397214],[116.4695334,39.9394707],[116.4700911,39.9387042],[116.4704759,39.9383036],[116.4717785,39.9368854],[116.4721173,39.9362168],[116.4722672,39.9354717],[116.4722997,39.9346444],[116.4722887,39.9339703],[116.4722769,39.9332465],[116.4723735,39.9319499],[116.472367,39.9312889],[116.4722919,39.921889],[116.4720611,39.9145709],[116.471929,39.9073508],[116.4716664,39.8929959],[116.4716531,39.8925185],[116.4713097,39.8841797],[116.471305,39.8838529],[116.471291,39.8792676],[116.4713049,39.8746213],[116.4712969,39.8736407],[116.4713266,39.868462],[116.4710465,39.8679138],[116.4705249,39.8675058],[116.4698908,39.86714],[116.4690013,39.8668327],[116.4680118,39.8667007],[116.4645899,39.866702],[116.4558877,39.8667052],[116.4548755,39.8664362],[116.454266,39.8661981],[116.4525702,39.8654591],[116.4519954,39.8652212],[116.4514019,39.8649756],[116.4494039,39.8638797],[116.4484509,39.8635787],[116.4475898,39.8634012],[116.44626,39.8633077],[116.4451961,39.8634948],[116.4444647,39.8637415],[116.4431017,39.8643029],[116.4422816,39.864507],[116.4412289,39.8646516],[116.4390901,39.8646856],[116.4351544,39.8646648],[116.4339453,39.8646686],[116.4328717,39.8646719],[116.4277216,39.8647186],[116.4194605,39.8644801],[116.4169473,39.8644239],[116.4162324,39.8644079],[116.4118709,39.8641459],[116.4107591,39.864062],[116.4096689,39.8639517],[116.407477,39.8637883],[116.4049383,39.8637061],[116.4014637,39.8636163],[116.3999028,39.8637215],[116.3970463,39.8640229],[116.3956431,39.864228],[116.3947466,39.8646395],[116.3940247,39.865121],[116.3932085,39.8660096],[116.3921521,39.867166],[116.3919214,39.867376],[116.3916879,39.8675602],[116.3913246,39.8677626],[116.3909636,39.8679116],[116.3905532,39.8680152],[116.3901525,39.8680795],[116.3895617,39.8681181],[116.3831366,39.8679872],[116.3828178,39.8679625],[116.3824961,39.8679195],[116.3818055,39.8677178],[116.3816477,39.8676709],[116.3803089,39.8672462],[116.3759232,39.86585],[116.3733186,39.8641006],[116.3725472,39.8635824],[116.3723994,39.8634831],[116.3706517,39.8623092],[116.3693484,39.8619479],[116.3679123,39.8617812],[116.3614846,39.8614839],[116.3600949,39.861446],[116.3589291,39.8614142],[116.3558154,39.8612646],[116.3545091,39.8610859],[116.3536383,39.8608294],[116.3526966,39.8603319],[116.3517346,39.8601765],[116.3508844,39.8600957],[116.349698,39.8600634],[116.3486592,39.8600352],[116.3474556,39.8600581],[116.3466253,39.8603068],[116.3458355,39.8607266],[116.3446001,39.8616748],[116.3431622,39.8634314],[116.3419066,39.864846],[116.3402662,39.8657631],[116.3397194,39.8660429],[116.3387473,39.8663072],[116.3371529,39.8663293],[116.3366714,39.8663282],[116.3248936,39.8663373],[116.3172727,39.8663291],[116.3147147,39.8661973],[116.3144333,39.8661828],[116.301025,39.8654914],[116.2993247,39.8653877],[116.2976229,39.8652839],[116.2949264,39.8652999],[116.2922269,39.8653931],[116.2900145,39.8653682],[116.2878605,39.8652532],[116.2858952,39.8651227],[116.2778388,39.8644451],[116.273624,39.8640699],[116.2711642,39.8640215],[116.2689457,39.8640718],[116.2632446,39.8645018],[116.2611696,39.8648029],[116.2591873,39.8652246],[116.256107,39.8660219],[116.2550205,39.865999],[116.2536059,39.8657988],[116.25218,39.8655198],[116.2506244,39.8650193],[116.2485267,39.8641736],[116.2483495,39.8640979],[116.2473222,39.8636592],[116.2383642,39.8597571],[116.2376015,39.8593786],[116.2366083,39.8589515],[116.2356242,39.8586286],[116.2344388,39.8583509],[116.2332379,39.8580881],[116.2328121,39.8580046],[116.2324064,39.857925],[116.231147,39.8576688],[116.2296159,39.8574093],[116.2293722,39.8573792],[116.2291242,39.8573721],[116.2288982,39.8573778],[116.2285893,39.8574066],[116.2282727,39.8574598],[116.2275697,39.857663],[116.2270531,39.8579344],[116.2258885,39.8587051],[116.2255713,39.8589033],[116.2253237,39.8590866],[116.225043,39.859323],[116.2248259,39.8595464],[116.2244219,39.8600087],[116.2232429,39.8614636],[116.2232044,39.8615112],[116.2226771,39.8621709],[116.2223845,39.8626063],[116.2221059,39.8631709],[116.221671,39.8640156],[116.2214585,39.8643817],[116.22124,39.8646786],[116.2209895,39.8649678],[116.2205586,39.8653678],[116.2202118,39.8656447],[116.2197188,39.8659263],[116.2193841,39.8660878],[116.2188108,39.8663278],[116.2180214,39.8665583],[116.2174602,39.8666508],[116.216855,39.8667084],[116.2161888,39.8667006],[116.2156713,39.8666697],[116.214961,39.8665504],[116.2145281,39.8664312],[116.214098,39.8663002],[116.2136568,39.8661266],[116.2123772,39.8655379],[116.2099311,39.864464],[116.2084223,39.863782],[116.2081805,39.8636727],[116.2055305,39.8624702],[116.2040528,39.8618292],[116.2023902,39.8611041],[116.2016052,39.8607601],[116.2010212,39.8605506],[116.2005974,39.8604307],[116.2000053,39.860315],[116.1995299,39.8602462],[116.1990498,39.8601991],[116.1970396,39.8601297],[116.1957686,39.8600623],[116.1947487,39.8600269],[116.1936764,39.8600091],[116.1924675,39.8599427],[116.1890636,39.8598475],[116.1879035,39.8598027],[116.1872436,39.8597349],[116.1867415,39.8596411],[116.1862283,39.8594982],[116.1856435,39.8593106],[116.1852148,39.8591446],[116.184788,39.8589512],[116.184226,39.8586451],[116.1831438,39.858041],[116.1826665,39.8577613],[116.1823328,39.857574],[116.1819246,39.8573449],[116.1809218,39.856787]]},"properties":{"line_key":"14","name":"14号线","name_zh":"14号线","name_en":"Subway Line 14: Shan'gezhuang → Zhang'guozhuang","ref":"14","osm_relation":4611276,"osm_name":"地铁 14号线: 善各庄 → 张郭庄","station_count":34,"way_count":8,"note":"","coord_system":"WGS84 (EPSG:4326)"}},{"type":"Feature","geometry":{"type":"LineString","coordinates":[[116.3309992,39.9992234],[116.3325483,39.9992668],[116.3327213,39.9992716],[116.3329651,39.9992784],[116.3336263,39.999297],[116.334253,39.999309],[116.3343473,39.9993112],[116.3425507,39.9994916],[116.3425943,39.9994927],[116.3426726,39.9994946],[116.3457492,39.9995738],[116.3466443,39.9995994],[116.3489454,39.9996694],[116.3502518,39.9997026],[116.3580459,39.9999402],[116.360934,40.0000283],[116.3620457,40.0000584],[116.3630965,40.0000869],[116.3844682,40.0007604],[116.3853266,40.0007694],[116.386198,40.0007938],[116.3895863,40.0009024],[116.3945498,40.0010372],[116.4003946,40.0010957],[116.4016093,40.0011182],[116.4029572,40.0011676],[116.4090788,40.0013862],[116.4111559,40.0014604],[116.4117356,40.0014811],[116.4124735,40.0014948],[116.4135597,40.0015149],[116.4157941,40.0015779],[116.416547,40.0015216],[116.4186289,40.0010916],[116.4187237,40.0010669],[116.4206042,40.0005767],[116.4221393,40.0000433],[116.422236,40.0000097],[116.4228378,39.999927],[116.4241813,39.9997874],[116.4251096,39.9996862],[116.4258589,39.9996007],[116.4277652,39.9993934],[116.4288213,39.9989093],[116.429332,39.9983854],[116.4300679,39.997278],[116.4304661,39.9955139],[116.4313144,39.9943202],[116.4321541,39.9935973],[116.4328207,39.9934315],[116.4340585,39.9933387],[116.4404817,39.9938361],[116.4438798,39.9946808],[116.4445505,39.9948564],[116.4471669,39.9955341],[116.4489504,39.9957312],[116.4508167,39.9957822],[116.4567786,39.9959126],[116.4623502,39.9959502],[116.4626423,39.9960572],[116.462822,39.9961231],[116.4634277,39.9966524],[116.4680249,40.0003387],[116.4695459,40.0008177],[116.4754158,40.0008998],[116.476669,40.0009101],[116.4788565,40.0010726],[116.4808157,40.0019105],[116.4841687,40.0034668],[116.4854758,40.0048346],[116.4863713,40.0065388],[116.4870919,40.0090319],[116.4873603,40.0122655],[116.4869791,40.0171556],[116.4868728,40.0197551],[116.4868449,40.0205687],[116.4868305,40.0213342],[116.4866787,40.0264056],[116.4866513,40.0273201],[116.4866293,40.0282574],[116.4867167,40.0292005],[116.4868962,40.0298881],[116.4871004,40.0303051],[116.4874002,40.0306736],[116.4878829,40.0310377],[116.4884688,40.0313598],[116.4891677,40.0316689],[116.4898925,40.0318551],[116.4906778,40.0320018],[116.4928393,40.0321225],[116.4947802,40.0322403],[116.4957382,40.0323062],[116.4969769,40.0323563],[116.4981851,40.0324176],[116.4993704,40.0324833],[116.5076001,40.0329738],[116.511001,40.0331765],[116.5159371,40.0333951],[116.5175465,40.0334936],[116.5187411,40.033599],[116.5199362,40.033852],[116.520776,40.0340919],[116.5215193,40.0343682],[116.5223068,40.0347084],[116.5227518,40.034958],[116.5229866,40.0351015],[116.523256,40.0352811],[116.5235422,40.0354826],[116.5238412,40.0357047],[116.5242219,40.0360067],[116.5244858,40.0362414],[116.5247148,40.0364783],[116.5249525,40.0367452],[116.525168,40.0369947],[116.5253582,40.0372395],[116.5255717,40.0375377],[116.5259201,40.0381093],[116.5263843,40.0389978],[116.5270501,40.0403017],[116.5278683,40.0419479],[116.5281472,40.0424708],[116.5286272,40.043339],[116.5289009,40.0439007],[116.529188,40.0444755],[116.5302188,40.0466382],[116.5304923,40.0471788],[116.5306548,40.0474494],[116.5307788,40.0476593],[116.5316873,40.0491132],[116.533546,40.0521172],[116.5338686,40.0525875],[116.5341228,40.0529559],[116.534356,40.0532392],[116.5346201,40.0535269],[116.5349459,40.0538604],[116.5351108,40.0540132],[116.5352496,40.0541437],[116.535392,40.0542731],[116.5355818,40.0544333],[116.5359033,40.0546962],[116.5361756,40.054907],[116.5363511,40.0550323],[116.5365283,40.0551507],[116.5367469,40.0552827],[116.5371608,40.0555284],[116.5377123,40.0558522],[116.5416984,40.0580695],[116.541911,40.0581971],[116.5421393,40.0583382],[116.5423432,40.0584657],[116.5425564,40.0586104],[116.5427997,40.0587936],[116.5430266,40.0589679],[116.5432213,40.0591229],[116.546727,40.0622041],[116.5470842,40.0625525],[116.5473306,40.0628079],[116.5474642,40.0629668],[116.5475924,40.0631299],[116.5477231,40.0632971],[116.5478562,40.0634748],[116.5479913,40.0636805],[116.5481114,40.0638811],[116.5483099,40.0642648],[116.5484724,40.0646018],[116.548614,40.0649512],[116.5487053,40.065243],[116.5487872,40.065546],[116.5488522,40.0657998],[116.5490403,40.0667669],[116.5491189,40.0673131],[116.5491854,40.0676475],[116.5493423,40.0682833],[116.549457,40.0688967],[116.5495651,40.0694966],[116.549612,40.07],[116.5496353,40.0702104],[116.5496619,40.0704409],[116.5497055,40.0707082],[116.551551,40.0814296],[116.5516095,40.0816958],[116.5518381,40.0827197],[116.5519363,40.0833411],[116.552025,40.0839362],[116.5521366,40.0848496],[116.5522157,40.0853553],[116.5530737,40.0904288],[116.5559643,40.1071247],[116.5560112,40.1073853],[116.5560935,40.1077164],[116.5561602,40.1079662],[116.5562305,40.1082138],[116.5563197,40.1084743],[116.5564088,40.1087255],[116.5565013,40.1089878],[116.5566326,40.1093284],[116.5568189,40.1098546],[116.5569201,40.1101266],[116.5570844,40.1105623],[116.5571529,40.1107424],[116.5572402,40.1109355],[116.5573246,40.1111084],[116.5573959,40.1112512],[116.5574766,40.1114012],[116.5575686,40.1115599],[116.5576804,40.1117456],[116.5577945,40.1119141],[116.5579187,40.1120925],[116.5581736,40.1124517],[116.5585403,40.1129835],[116.5589413,40.1135651],[116.5606401,40.1160431],[116.5613771,40.1170754],[116.5616078,40.1173737],[116.5619033,40.1177282],[116.5621557,40.1179919],[116.5624044,40.1182306],[116.5652055,40.1204622],[116.5675288,40.1222988],[116.5702412,40.1244417],[116.5706511,40.1247593],[116.5709899,40.1250118],[116.5712667,40.1251955],[116.571506,40.1253426],[116.5717519,40.1254948],[116.572009,40.1256426],[116.5723705,40.1258226],[116.5726877,40.1259707],[116.5731296,40.1261504],[116.5736154,40.126332],[116.5741635,40.1265045],[116.57462,40.1266243],[116.5753858,40.1267775],[116.5756898,40.1268248],[116.5760004,40.1268622],[116.5763542,40.1268995],[116.5767498,40.1269304],[116.5772163,40.1269468],[116.5780379,40.1269556],[116.5931656,40.1271474],[116.596821,40.1272114],[116.5988011,40.1272236],[116.5996601,40.1272356],[116.6005767,40.1272484],[116.6013926,40.1272714],[116.6023583,40.1273003],[116.6035768,40.1273495],[116.6047959,40.1273987],[116.6107782,40.127659],[116.6116759,40.1276807],[116.6262419,40.1278978],[116.6271685,40.1279255],[116.6281009,40.1279764],[116.6341605,40.1284732],[116.6352231,40.1285677],[116.6362946,40.1286629],[116.6378159,40.1287735],[116.6389345,40.1288041],[116.6491397,40.128811],[116.6501605,40.128784],[116.6507191,40.1287402],[116.6511746,40.1287359],[116.6521445,40.1287141],[116.6524821,40.1287248],[116.6623025,40.1284034],[116.6624805,40.128396],[116.6634473,40.1284724],[116.6637589,40.128497],[116.6670876,40.1289448],[116.6676544,40.1290861],[116.6680498,40.1292054],[116.6684345,40.1293466],[116.668777,40.1295208],[116.6691195,40.1297169],[116.6719252,40.131213],[116.6730526,40.1313585],[116.6755353,40.1313393],[116.6765381,40.1313277],[116.6788942,40.1312835]]},"properties":{"line_key":"15","name":"15号线","name_zh":"15号线","name_en":null,"ref":"15","osm_relation":1350597,"osm_name":"地铁 15号线: 清华东路西口 → 俸伯","station_count":20,"way_count":3,"note":"","coord_system":"WGS84 (EPSG:4326)"}},{"type":"Feature","geometry":{"type":"LineString","coordinates":[[116.1244153,40.0668194],[116.1257736,40.0668851],[116.1330439,40.0672851],[116.1412457,40.0674092],[116.1458257,40.0673906],[116.1555687,40.0674417],[116.1589035,40.0674464],[116.1822703,40.0674408],[116.1996601,40.0674408],[116.2080838,40.0672917],[116.2093246,40.0672601],[116.2106632,40.067213],[116.2115019,40.0672187],[116.2120606,40.0672536],[116.213122,40.0673453],[116.2168778,40.067618],[116.2246682,40.0684374],[116.2256629,40.0686252],[116.2261111,40.0687537],[116.2291872,40.0696359],[116.2309676,40.0701465],[116.2324799,40.0706091],[116.2339595,40.0710327],[116.2344765,40.0711286],[116.2351033,40.0711597],[116.2358078,40.0711265],[116.2365583,40.0710293],[116.2373226,40.0708688],[116.2380687,40.0706452],[116.2387648,40.0703592],[116.2393787,40.070011],[116.2398786,40.0696012],[116.2402324,40.0691302],[116.2426864,40.0645414],[116.2434708,40.0630022],[116.2435671,40.0628132],[116.2440637,40.0614077],[116.2444759,40.0603249],[116.2451974,40.0583528],[116.2459001,40.0564165],[116.2462468,40.0554699],[116.2464154,40.0550754],[116.2467808,40.0545877],[116.24828,40.0530099],[116.2499196,40.0513962],[116.2505568,40.0506815],[116.2510108,40.0501349],[116.2512597,40.0497981],[116.251482,40.0491481],[116.2518821,40.0482599],[116.252011,40.047889],[116.2522644,40.0459323],[116.2525747,40.0438725],[116.2526102,40.0436582],[116.2526647,40.0434357],[116.2528556,40.0430226],[116.253119,40.0425691],[116.2533046,40.0422875],[116.2534513,40.0420833],[116.2536647,40.0418927],[116.2590125,40.0378734],[116.2594392,40.0374922],[116.2612663,40.0359742],[116.2620887,40.0352765],[116.2631422,40.0342588],[116.2641558,40.0332479],[116.2646981,40.0325467],[116.2656249,40.0314621],[116.2658673,40.0311784],[116.2664185,40.0305998],[116.2668541,40.0300483],[116.2674587,40.0292689],[116.2680588,40.0286119],[116.2709661,40.025167],[116.2743304,40.0213357],[116.2751165,40.0204405],[116.2769076,40.0183626],[116.2785219,40.0164446],[116.2791139,40.0155827],[116.2796035,40.0148216],[116.2798373,40.0144746],[116.2799616,40.0142171],[116.2800931,40.0138421],[116.2803489,40.0125772],[116.280685,40.0112339],[116.2810066,40.0094708],[116.2816277,40.0054854],[116.2822927,40.0019253],[116.2824316,40.0012088],[116.2826069,40.0006098],[116.2828116,40.0002291],[116.2835204,39.9995685],[116.2862316,39.997486],[116.2873003,39.9966868],[116.2881261,39.9961577],[116.2883943,39.9959676],[116.2885413,39.9958429],[116.2886176,39.9957113],[116.2887226,39.9954042],[116.2889135,39.994461],[116.2890926,39.9932572],[116.2891374,39.992956],[116.2893256,39.9920665],[116.2893884,39.9914495],[116.2892681,39.9901353],[116.2889491,39.9891257],[116.2887086,39.9883684],[116.2884471,39.9872465],[116.2883111,39.9865333],[116.2882222,39.9861927],[116.2882431,39.9859563],[116.2883373,39.9856317],[116.2885778,39.9851509],[116.288719,39.9848984],[116.2889567,39.9847163],[116.2892995,39.9844577],[116.2895662,39.9843335],[116.2901205,39.9841571],[116.2904709,39.984093],[116.29102,39.9839488],[116.2918672,39.9839047],[116.2926412,39.9838286],[116.2933681,39.9838125],[116.2942676,39.9838686],[116.2951671,39.9839247],[116.2963333,39.9839287],[116.2971386,39.9838165],[116.2975936,39.9836442],[116.2981322,39.9833517],[116.2985506,39.9831354],[116.2990213,39.9828268],[116.2991938,39.9826345],[116.2992827,39.9822177],[116.2993926,39.981268],[116.2994501,39.9794728],[116.2995965,39.9777496],[116.2997639,39.9764593],[116.2998894,39.9746759],[116.299915,39.9744002],[116.2999626,39.9738864],[116.3000515,39.9732252],[116.3001508,39.9726601],[116.3001868,39.972177],[116.3002397,39.9714658],[116.3002554,39.9709568],[116.3003862,39.9696262],[116.3004803,39.9684078],[116.3005378,39.9675421],[116.3006058,39.9668166],[116.3007732,39.9654859],[116.3008725,39.9646242],[116.3010869,39.9630931],[116.3012857,39.962111],[116.301327,39.9619403],[116.301589,39.9604035],[116.3017772,39.9596138],[116.3019279,39.9588664],[116.301976,39.9586277],[116.3020535,39.9581945],[116.3022793,39.9569321],[116.3025564,39.9556894],[116.3026767,39.9539657],[116.302933,39.9515604],[116.303048,39.9505421],[116.3032313,39.9474791],[116.3032489,39.94713],[116.3033346,39.9462829],[116.3033592,39.9459697],[116.3035758,39.9449282],[116.3037136,39.9446678],[116.3041074,39.9431697],[116.304447,39.9422867],[116.3046586,39.9418225],[116.3048949,39.9414905],[116.3052542,39.9410678],[116.3055692,39.9408263],[116.3059285,39.9405432],[116.3062583,39.9404074],[116.3069868,39.9401659],[116.3078973,39.9398338],[116.3085864,39.9396413],[116.3091032,39.9395394],[116.309497,39.9394526],[116.3100335,39.9393847],[116.3105601,39.9393507],[116.3112492,39.9393658],[116.3124453,39.9396677],[116.313474,39.9398753],[116.3149457,39.9401432],[116.3157676,39.9403093],[116.3166241,39.9403885],[116.3173562,39.9404393],[116.31869,39.9405002],[116.3195822,39.9405131],[116.3211436,39.9405805],[116.3216218,39.9405815],[116.3226283,39.9403563],[116.3233232,39.9401016],[116.3247036,39.939201],[116.3258545,39.9378645],[116.3264418,39.9371475],[116.3267439,39.9364133],[116.3267897,39.9358533],[116.3268816,39.9352862],[116.32698,39.9343917],[116.3274525,39.9315913],[116.3274887,39.9311802],[116.3276199,39.929689],[116.3278906,39.927096],[116.3281219,39.924986],[116.3284141,39.922447],[116.3284532,39.9219481],[116.3284864,39.9215689],[116.3284852,39.9212496],[116.3287002,39.9175876],[116.3287223,39.9158875],[116.3287506,39.914165],[116.328747,39.9139452],[116.3287281,39.912823],[116.3286921,39.9122606],[116.3285063,39.9115217],[116.3280933,39.9104799],[116.3277924,39.9097352],[116.3276982,39.9094362],[116.3276767,39.9093188],[116.3276474,39.9091049],[116.3276356,39.9089154],[116.3276543,39.9077148],[116.3276563,39.9067868],[116.3276494,39.9057728],[116.3276489,39.9056605],[116.327661,39.9055626],[116.327961,39.9037188],[116.3284186,39.9001634],[116.3284063,39.8985873],[116.3283911,39.8963199],[116.3284747,39.8953746],[116.3284682,39.8946643],[116.3285689,39.8933134],[116.3286014,39.8903154],[116.3286265,39.8893737],[116.3286495,39.8890982],[116.3286773,39.8888954],[116.328711,39.8887027],[116.3287493,39.888559],[116.3290686,39.8874065],[116.3294381,39.8851532],[116.3296444,39.8834737],[116.3301234,39.8807676],[116.3302341,39.8795859],[116.330418,39.8781812],[116.3306068,39.8771443],[116.3307095,39.8761956],[116.3307496,39.875732],[116.3307307,39.8751167],[116.3305849,39.874255],[116.3300858,39.8728595],[116.3293921,39.8719148],[116.328087,39.8708574],[116.3267704,39.8702693],[116.3260213,39.8695361],[116.3255458,39.8687659],[116.3255832,39.8681253],[116.325536,39.8665501],[116.3255332,39.8663625],[116.3255281,39.8658535],[116.3255238,39.8654156],[116.3255231,39.8651179],[116.3255074,39.8650435],[116.3252671,39.8644172],[116.3250226,39.8638252],[116.3249523,39.8636012],[116.3249034,39.863134],[116.3248068,39.8605861],[116.3247493,39.8599891],[116.3244536,39.8592476],[116.3241566,39.8587442],[116.3236632,39.858283],[116.3227917,39.8574662],[116.3223442,39.8570231],[116.3220418,39.856159],[116.3219221,39.8553653],[116.3212997,39.8540532],[116.3206259,39.8536325],[116.3199442,39.8535071],[116.3169762,39.8533443],[116.3151949,39.8531421],[116.3125666,39.8528414],[116.3094278,39.8524249],[116.306555,39.8521796],[116.3046619,39.8520438],[116.3025857,39.8517592],[116.3008229,39.8513695],[116.2972892,39.8500879],[116.2960763,39.8496294],[116.294777,39.8491382],[116.2936809,39.8487162],[116.2913886,39.8478601],[116.2906025,39.8474288],[116.2900573,39.8469254],[116.2896067,39.84628],[116.2894472,39.8456342],[116.2893607,39.8441355],[116.289718,39.8425909],[116.2900957,39.8416202],[116.2905438,39.8407726],[116.2906871,39.8395751],[116.2907926,39.8386258],[116.2908438,39.8377004],[116.2908066,39.8374825],[116.2906161,39.8371257],[116.2902734,39.8367926],[116.2899938,39.8365869],[116.2892553,39.8362788],[116.2884558,39.8359987],[116.2869021,39.8356806],[116.284494,39.8354519],[116.2810942,39.835011],[116.2782851,39.8348506],[116.2772228,39.834797],[116.2722428,39.8344528],[116.2700719,39.8342648],[116.267752,39.8340442],[116.2665421,39.8338629],[116.2651342,39.833652],[116.2635485,39.8334804],[116.2604999,39.8333544],[116.2591461,39.8334968],[116.2577413,39.8336567],[116.2562171,39.833886],[116.2548269,39.8343292],[116.2543186,39.8346976],[116.2539068,39.8350958],[116.253627,39.8355139],[116.2534121,39.8359375],[116.2532707,39.8363539],[116.2530736,39.8375728],[116.2528845,39.838697],[116.252744,39.8399227],[116.2527671,39.8402121],[116.2528497,39.8406494],[116.2529586,39.8410601],[116.2531722,39.8419792],[116.2531718,39.8425431],[116.2531319,39.8430377],[116.2529663,39.8436246],[116.2526947,39.844228],[116.2523896,39.8446981],[116.2519303,39.8451568],[116.2515111,39.8455002],[116.2510827,39.8457623],[116.2505839,39.84599],[116.2500259,39.8461988],[116.249222,39.8463971],[116.2479553,39.8466272],[116.2462252,39.8469258],[116.244758,39.8471703],[116.2429822,39.8474975],[116.2412229,39.8478257],[116.2393652,39.8482075],[116.2378206,39.8485235],[116.236429,39.8487126],[116.2348676,39.8488894],[116.2334099,39.8490273],[116.231743,39.848996],[116.2289592,39.848771],[116.2281121,39.8486963],[116.2272452,39.8486082],[116.2265495,39.8485155],[116.225806,39.8483816],[116.2248612,39.8481478],[116.2233824,39.8477979]]},"properties":{"line_key":"16","name":"16号线","name_zh":"16号线","name_en":null,"ref":"16","osm_relation":7800400,"osm_name":"地铁16号线: 北安河 → 宛平城","station_count":30,"way_count":4,"note":"","coord_system":"WGS84 (EPSG:4326)"}},{"type":"Feature","geometry":{"type":"LineString","coordinates":[[116.605255,39.7919516],[116.6018477,39.7920176],[116.6007208,39.7922657],[116.598906,39.793281],[116.5981209,39.7938315],[116.5967879,39.7948871],[116.5932959,39.7974116],[116.5906912,39.7992352],[116.5893383,39.8001824],[116.5859395,39.8025618],[116.5852642,39.8030346],[116.5841131,39.803879],[116.581878,39.8047685],[116.5797247,39.8053466],[116.5721416,39.8080641],[116.5706518,39.8086391],[116.5690077,39.809266],[116.567626,39.8095947],[116.5663939,39.8099574],[116.5652279,39.8103367],[116.5638954,39.8109709],[116.5614018,39.8124087],[116.5550739,39.8160845],[116.5542309,39.8165038],[116.5531351,39.8168105],[116.5520314,39.8169978],[116.5490081,39.8173494],[116.5471718,39.8175684],[116.5453969,39.8177853],[116.5438534,39.8180418],[116.543,39.818277],[116.5422353,39.8185274],[116.5417115,39.8188624],[116.541046,39.8194776],[116.5405165,39.8200687],[116.5377571,39.8238477],[116.5372287,39.8245258],[116.5365864,39.8251134],[116.5356724,39.8258614],[116.5333294,39.8270435],[116.5314812,39.8279104],[116.5297327,39.8286542],[116.5282668,39.8291807],[116.5269468,39.8296384],[116.5261349,39.8298551],[116.5242296,39.8301849],[116.5226882,39.8306203],[116.520833,39.8313515],[116.5192598,39.8320805],[116.5181874,39.8327594],[116.5154029,39.8343141],[116.5137665,39.834964],[116.5118942,39.8354989],[116.5075692,39.8366001],[116.5042068,39.8374402],[116.5031494,39.837691],[116.501919,39.8379194],[116.5006546,39.8380361],[116.4975341,39.8383347],[116.4961954,39.8385882],[116.4954392,39.8388403],[116.4945748,39.8393567],[116.4935872,39.8400563],[116.4911282,39.8420421],[116.4898825,39.8431057],[116.489156,39.8436993],[116.4866887,39.8456753],[116.4851533,39.8464002],[116.4836086,39.8469184],[116.4819695,39.847303],[116.4806089,39.8475568],[116.4795157,39.8478937],[116.4784295,39.8482832],[116.4777012,39.8486583],[116.4770726,39.8490222],[116.4764956,39.8494858],[116.4747279,39.8511763],[116.4718454,39.8541507],[116.4706489,39.8552849],[116.4698333,39.856058],[116.4686641,39.8569239],[116.4679261,39.8574219],[116.4672817,39.8576458],[116.4608174,39.8593739],[116.4601196,39.8595069],[116.459753,39.8597134],[116.4592785,39.8601451],[116.4576708,39.8616228],[116.4570525,39.8620686],[116.4545223,39.8635682],[116.4532197,39.86436],[116.4521844,39.8649159],[116.4511222,39.8653153],[116.4502854,39.86548],[116.4479626,39.8656735],[116.4465195,39.8658135],[116.4459992,39.8659823],[116.445629,39.8662829],[116.4453018,39.8666576],[116.4450121,39.867131],[116.4448136,39.8677898],[116.4447385,39.8683662],[116.4447332,39.8701572],[116.4447546,39.873525],[116.4447568,39.8738249],[116.4447922,39.8786093],[116.4447117,39.8838496],[116.4447815,39.8880647],[116.4445293,39.8896905],[116.4443577,39.8907319],[116.4443308,39.8921518],[116.4442021,39.89728],[116.4443738,39.8984036],[116.4449317,39.9006424],[116.4451248,39.9017288],[116.4452213,39.9025313],[116.4451301,39.9040169],[116.4444757,39.9066711],[116.444363,39.9073501],[116.4442594,39.9083501],[116.4442021,39.911827],[116.4442826,39.9187516],[116.4442778,39.9216437],[116.4442718,39.9252694],[116.4442345,39.9309035],[116.4442352,39.9309505],[116.444247,39.9317546],[116.4442561,39.9323749],[116.4443059,39.9357651],[116.4443094,39.9451972],[116.4442523,39.945802],[116.4440453,39.9462864],[116.443574,39.9466833],[116.4410787,39.9483445],[116.4402754,39.9486264],[116.439715,39.9487332],[116.4386241,39.9488214],[116.4364076,39.9485983],[116.4350724,39.9484639],[116.4323984,39.9482974],[116.431422,39.948211],[116.4302531,39.9481931],[116.4296828,39.9482473],[116.4294314,39.9483202],[116.42925,39.9484353],[116.4290333,39.9485749],[116.4288391,39.9487789],[116.4286543,39.9490638],[116.4283579,39.9497508],[116.4282365,39.9502262],[116.4281516,39.9505716],[116.4279457,39.9519477],[116.4279377,39.9533206],[116.4279739,39.9541626],[116.4280641,39.954888],[116.4285547,39.9568589],[116.4290203,39.958613],[116.4296325,39.9598492],[116.4301373,39.9604497],[116.4305664,39.9609612],[116.4317138,39.9621273],[116.4333347,39.9635892],[116.4361935,39.9661673],[116.437963,39.9681593],[116.4414053,39.9719065],[116.4418585,39.9723808],[116.4428562,39.973365],[116.4433175,39.9740968],[116.4437789,39.9749519],[116.4438325,39.9756096],[116.4438218,39.9771717],[116.4436193,39.9781535],[116.4429192,39.9791495],[116.4418799,39.9801889],[116.4404159,39.981573],[116.4389938,39.9844638],[116.4388543,39.9850619],[116.438908,39.9865662],[116.4390367,39.9872526],[116.4396107,39.9889295],[116.4402813,39.9904667],[116.4407748,39.9911818],[116.4417731,39.9926406],[116.4425129,39.9937217],[116.4445621,39.9971656],[116.4463109,40.0023927],[116.4486605,40.0097643],[116.4487249,40.0107833],[116.4485854,40.0115475],[116.4480275,40.013043],[116.4477378,40.0137826],[116.4469117,40.0148754],[116.4463645,40.0153931],[116.445753,40.0157629],[116.4449161,40.0161737],[116.4409572,40.0174226],[116.4385432,40.0182936],[116.4378029,40.0187948],[116.437009,40.0196411],[116.4364296,40.0202984],[116.4359683,40.0211201],[116.4357966,40.0221471],[116.4355901,40.0313433],[116.4356186,40.0330931],[116.435645,40.0347152],[116.4359537,40.0443115],[116.4360836,40.0483514],[116.4360858,40.0496593],[116.436089,40.0515544],[116.4359495,40.053472],[116.436038,40.0614308],[116.4361974,40.0644771],[116.4361534,40.0663672],[116.4361686,40.0671087],[116.4361758,40.0677795],[116.4361936,40.069424],[116.4360917,40.0726425],[116.4359468,40.0751588],[116.4360902,40.0767043],[116.4363116,40.0775683],[116.4367247,40.0782086],[116.4384788,40.0795221],[116.4446801,40.0840124],[116.4455116,40.0848774],[116.4457259,40.0855227],[116.4460623,40.0873566],[116.4462904,40.0885411],[116.4465919,40.0893538],[116.4468752,40.0898346],[116.4483494,40.0919979],[116.4487249,40.0927982],[116.4495778,40.0941114],[116.4525175,40.0981862],[116.4580536,40.105609],[116.4598668,40.1084154],[116.4602959,40.1095068],[116.4605159,40.1103601],[116.4606124,40.1111807],[116.460624,40.1141633],[116.4606339,40.1167232],[116.4604944,40.120206],[116.4603925,40.1216007],[116.4600545,40.1244393],[116.4600062,40.1252309],[116.4603174,40.1260718],[116.4605266,40.126402],[116.461004,40.1270254],[116.4618264,40.1278485],[116.4632513,40.1294825]]},"properties":{"line_key":"17","name":"17号线","name_zh":"17号线","name_en":null,"ref":"17","osm_relation":13625144,"osm_name":"地铁 17号线: 嘉会湖 → 未来科学城北","station_count":20,"way_count":6,"note":"","coord_system":"WGS84 (EPSG:4326)"}},{"type":"Feature","geometry":{"type":"LineString","coordinates":[[116.4378127,40.0671278],[116.4310263,40.0671553],[116.4302936,40.0672341],[116.4296628,40.0675944],[116.429378,40.0679493],[116.4289945,40.0685712],[116.4291858,40.0700797],[116.4290794,40.0708659],[116.4284604,40.0715337],[116.4277707,40.0719949],[116.4266232,40.0725253],[116.4256631,40.0726831],[116.4246851,40.0727389],[116.4202757,40.0727879],[116.4111313,40.0727643],[116.4087255,40.0727544],[116.4002669,40.0727194],[116.3967278,40.0727155],[116.3931578,40.0726147],[116.3859116,40.0712242],[116.3842327,40.0710232],[116.3830628,40.0711934],[116.3820621,40.0716853],[116.3813015,40.0729198],[116.3803995,40.0765028],[116.3801231,40.0776003],[116.3799387,40.0781494],[116.3797608,40.0785906],[116.3794345,40.0790771],[116.3791501,40.0793972],[116.3788003,40.0797613],[116.3783294,40.0801278],[116.377927,40.0803875],[116.3765623,40.080844],[116.3752599,40.0810037],[116.3716377,40.0807582],[116.3697925,40.0806332],[116.3655553,40.0803461],[116.3607155,40.0799576],[116.3580139,40.0798344],[116.3567416,40.0797883],[116.3453211,40.079374],[116.3343536,40.0788178],[116.3303291,40.0785237],[116.3288041,40.0783191],[116.3270409,40.0780145],[116.3253987,40.0776458],[116.3179824,40.0750011],[116.3173896,40.0748492],[116.3168304,40.0747394],[116.3162416,40.0746706],[116.3155201,40.0745967],[116.3146377,40.0745167],[116.3140315,40.0744017],[116.3134253,40.0742334],[116.312964,40.074061],[116.3124275,40.0738147],[116.3121566,40.07363],[116.3119058,40.0734443],[116.3110703,40.0727936],[116.3108464,40.0726161],[116.3104776,40.0723965],[116.3100457,40.0721717],[116.3097198,40.0720316],[116.309512,40.0719583],[116.309119,40.0718361],[116.3087891,40.0717643],[116.3084391,40.0716955],[116.3079254,40.0716247],[116.3074252,40.0715939],[116.3069156,40.0715755],[116.3061029,40.0715488],[116.3052714,40.0715283],[116.304993,40.0715258],[116.3028836,40.0715093],[116.3027464,40.0715139],[116.3025811,40.07152],[116.3024108,40.0715308],[116.3020384,40.0715699],[116.3016196,40.0716139],[116.3015069,40.0716222],[116.3013755,40.0716288],[116.3012159,40.0716329],[116.3008592,40.0716329],[116.3004997,40.071637],[116.3000974,40.0716309],[116.2997487,40.0716124],[116.2993357,40.071559],[116.298877,40.0714872],[116.2985525,40.0714051],[116.2982681,40.0713333],[116.2979087,40.0712019],[116.2974152,40.071009],[116.2949234,40.0699478],[116.2944755,40.0697415],[116.2941456,40.0695804],[116.2939283,40.0694449],[116.2937593,40.0693105],[116.2932501,40.0687141],[116.2916528,40.0665253],[116.2903927,40.0647352],[116.2900492,40.0637605],[116.289971,40.0623162],[116.2903813,40.0607226],[116.2917448,40.0580975],[116.2932803,40.0554105],[116.2934196,40.0546623],[116.293243,40.0538358],[116.2928103,40.0532439],[116.2919048,40.0527653],[116.2903243,40.052242],[116.287139,40.0516063],[116.2815688,40.0503437],[116.2803241,40.0497934],[116.2797299,40.049316],[116.2794751,40.0486542],[116.279506,40.0477649],[116.2802369,40.0446631],[116.2808288,40.0421834],[116.2810143,40.040738],[116.2809727,40.0392546],[116.2809473,40.0386642],[116.2807142,40.0373235],[116.2806858,40.0365047],[116.2808811,40.0352359],[116.2808413,40.0345816],[116.2805756,40.0338591],[116.2797794,40.0332655],[116.2789456,40.0328981],[116.2777613,40.0326599],[116.273809,40.0323936],[116.2724004,40.0321921],[116.268392,40.0314707]]},"properties":{"line_key":"18","name":"18号线","name_zh":"18号线","name_en":null,"ref":"18","osm_relation":20010820,"osm_name":"北京地铁18号线: 天通苑东 → 马连洼","station_count":11,"way_count":4,"note":"opened 2025-12-27 (OSM relation stop list was incomplete)","coord_system":"WGS84 (EPSG:4326)"}},{"type":"Feature","geometry":{"type":"LineString","coordinates":[[116.3613807,39.8110823],[116.3596818,39.8110667],[116.3595915,39.8110652],[116.3595053,39.8110627],[116.3594237,39.8110592],[116.3593464,39.8110548],[116.3592734,39.8110496],[116.3592044,39.8110437],[116.3591394,39.8110373],[116.3590781,39.8110303],[116.3590206,39.8110228],[116.3589666,39.811015],[116.358916,39.811007],[116.3588687,39.8109987],[116.3588245,39.8109904],[116.3587834,39.8109821],[116.3587452,39.810974],[116.3587097,39.810966],[116.358677,39.8109583],[116.3586468,39.8109511],[116.3586192,39.8109443],[116.3585937,39.8109381],[116.3577926,39.8107432],[116.3576054,39.8106991],[116.3574034,39.810655],[116.357187,39.8106118],[116.3569566,39.8105702],[116.3567126,39.810531],[116.3564552,39.8104953],[116.3561849,39.8104636],[116.3559019,39.810437],[116.3556066,39.8104162],[116.3552994,39.810402],[116.3549806,39.8103953],[116.3546506,39.810397],[116.3543096,39.8104078],[116.3539581,39.8104286],[116.3535964,39.8104602],[116.3532249,39.8105034],[116.3528438,39.8105591],[116.3524536,39.8106282],[116.3520545,39.8107114],[116.351647,39.8108095],[116.3487637,39.811551],[116.3485624,39.8116028],[116.3483186,39.8116657],[116.3480428,39.8117378],[116.3477385,39.8118191],[116.3474092,39.8119096],[116.3470582,39.8120095],[116.346689,39.8121188],[116.346305,39.8122375],[116.3459097,39.8123657],[116.3455066,39.8125034],[116.345099,39.8126506],[116.3446903,39.8128075],[116.3442841,39.8129741],[116.3438838,39.8131504],[116.3434927,39.8133365],[116.3431144,39.8135324],[116.3427523,39.8137382],[116.3424098,39.8139539],[116.3420903,39.8141796],[116.3417974,39.8144153],[116.3415343,39.8146611],[116.3413004,39.8149232],[116.3410917,39.8152063],[116.3409071,39.8155084],[116.3407453,39.8158275],[116.340605,39.8161614],[116.3404851,39.8165082],[116.3403844,39.8168659],[116.3403016,39.8172322],[116.3402356,39.8176052],[116.340185,39.8179829],[116.3401488,39.8183632],[116.3401256,39.8187441],[116.3401143,39.8191234],[116.3401136,39.8194992],[116.3401223,39.8198694],[116.3401392,39.8202319],[116.3401631,39.8205848],[116.3401928,39.8209259],[116.340227,39.8212532],[116.3402646,39.8215646],[116.3403909,39.8225475],[116.3405231,39.8235759],[116.3409183,39.832889],[116.3408746,39.8342468],[116.3423845,39.8437084],[116.3429041,39.8460943],[116.3432292,39.8475874],[116.3437481,39.8483779],[116.3440664,39.8488127],[116.3445005,39.8491885],[116.3565692,39.8524561],[116.3571162,39.8526779],[116.3576673,39.8535131],[116.3580232,39.8541828],[116.3582002,39.8550112],[116.3582895,39.8557213],[116.3583061,39.8562877],[116.3581431,39.8626013],[116.3580142,39.8675091],[116.3579993,39.8681961],[116.3576308,39.8819778],[116.3574036,39.8896213],[116.3572014,39.8964231],[116.3571469,39.8982543],[116.3572135,39.9087673],[116.3571475,39.9107911],[116.3573166,39.9118157],[116.3582462,39.9156646],[116.3582888,39.9173001],[116.3583312,39.9216526],[116.3611169,39.9278122],[116.3614337,39.9290122],[116.3617759,39.9319749],[116.3621641,39.9352221],[116.36225,39.9383736],[116.3625645,39.9395324],[116.3628155,39.9400639],[116.3631916,39.9405405],[116.3642907,39.9412484],[116.3654882,39.9420966],[116.365664,39.9423795],[116.3657927,39.9429388],[116.3658678,39.9443659],[116.3658891,39.9461548],[116.3654468,39.9511625],[116.3653393,39.9523119],[116.3651322,39.9549126],[116.3648377,39.9570644],[116.3640436,39.96577],[116.3639053,39.9668952],[116.3637606,39.9750858]]},"properties":{"line_key":"19","name":"19号线","name_zh":"19号线","name_en":null,"ref":"19","osm_relation":13625326,"osm_name":"地铁 19号线：新宫 → 牡丹园","station_count":10,"way_count":3,"note":"","coord_system":"WGS84 (EPSG:4326)"}},{"type":"Feature","geometry":{"type":"LineString","coordinates":[[116.0940179,39.8878594],[116.0948105,39.8884944],[116.0954395,39.8889667],[116.0957614,39.8891786],[116.0960966,39.8893618],[116.096503,39.8895409],[116.0968584,39.8896541],[116.0972781,39.8897488],[116.0976014,39.8898012],[116.0979461,39.8898208],[116.098331,39.8898208],[116.0986501,39.889794],[116.0991115,39.8897219],[116.0996733,39.889619],[116.1007865,39.8894441],[116.1016609,39.8893042],[116.1033292,39.8890037],[116.1044719,39.8889255],[116.1063118,39.8890696],[116.1081478,39.8889892],[116.1088331,39.8889543],[116.1093303,39.8889245],[116.1108448,39.8889049],[116.1135248,39.8888222],[116.1142111,39.8888356],[116.1144827,39.8888519],[116.1147131,39.8888888],[116.1152026,39.8889821],[116.1155464,39.8891035],[116.1159708,39.8893313],[116.1163024,39.8895657],[116.1166029,39.8898847],[116.1168583,39.8902797],[116.1170407,39.8907859],[116.1170729,39.8912222],[116.1170729,39.8920289],[116.1170157,39.8942229],[116.1168343,39.8961243],[116.1166988,39.8976241],[116.116565,39.8987026],[116.1163708,39.9005046],[116.1162175,39.9019277],[116.115941,39.9036594],[116.1155011,39.906577],[116.1151899,39.9088735],[116.1151952,39.9090742],[116.1152068,39.9092303],[116.1152434,39.9093725],[116.1152972,39.9095151],[116.1153981,39.9097175],[116.1154899,39.9098635],[116.1156138,39.9100132],[116.11578,39.910161],[116.1159652,39.9103029],[116.1161533,39.9104277],[116.1163716,39.910535],[116.1165428,39.9106019],[116.1167026,39.9106629],[116.1169101,39.9107104],[116.1171024,39.910755],[116.1174742,39.910798],[116.1195006,39.9109669],[116.1202691,39.9110287],[116.1210413,39.9111079],[116.121349,39.9111474],[116.1217233,39.9112332],[116.122062,39.9113317],[116.1223013,39.9114175],[116.1225183,39.9115155],[116.1228115,39.9116479],[116.12327,39.9119139],[116.1259698,39.9135742],[116.127762,39.9146677],[116.1321623,39.9173447],[116.1325305,39.9175509],[116.1328288,39.917695],[116.1330806,39.9177956],[116.1333336,39.9178737],[116.1335872,39.9179369],[116.1338564,39.9179934],[116.1341366,39.9180437],[116.1375906,39.9185714],[116.1382462,39.9186715],[116.1389157,39.9187738],[116.1393258,39.9188262],[116.1397095,39.9188757],[116.1401439,39.9189467],[116.140461,39.9190225],[116.1407636,39.919111],[116.1410898,39.9192461],[116.1413772,39.9193992],[116.141729,39.9196562],[116.142112,39.9199815],[116.1423036,39.920173],[116.14252,39.9203714],[116.1437046,39.9216424],[116.1438769,39.9218012],[116.1440549,39.9219408],[116.1442644,39.9220692],[116.1445203,39.9221886],[116.1447655,39.9222811],[116.1449664,39.9223321],[116.1451903,39.922383],[116.1454003,39.9224097],[116.1457093,39.9224196],[116.1469415,39.9224329],[116.1494672,39.9224128],[116.1532465,39.9222791],[116.1570042,39.9222235],[116.1629587,39.9222153],[116.1636722,39.9222606],[116.1653607,39.9224015],[116.1662337,39.9224971],[116.1671135,39.922635],[116.167835,39.9227645],[116.1686611,39.9229558],[116.1719093,39.9237684],[116.1729607,39.9240173]]},"properties":{"line_key":"S1","name":"S1线","name_zh":"S1线","name_en":null,"ref":"S1","osm_relation":8008812,"osm_name":"磁悬浮 S1线: 石厂 → 苹果园","station_count":8,"way_count":5,"note":"monorail","coord_system":"WGS84 (EPSG:4326)"}},{"type":"Feature","geometry":{"type":"LineString","coordinates":[[116.596036,39.8115812],[116.5951563,39.8108099],[116.5860774,39.8030219],[116.585568,39.8025918],[116.5752161,39.793804],[116.5744189,39.7931503],[116.5738022,39.7926346],[116.5727522,39.7917216],[116.5718705,39.7910585],[116.570956,39.7904312],[116.5694215,39.789329],[116.56855,39.7887284],[116.5679562,39.7883361],[116.5671357,39.787873],[116.5657121,39.7871105],[116.5635002,39.7860037],[116.5619108,39.7852215],[116.558804,39.7837097],[116.5576275,39.7831374],[116.5565073,39.7826053],[116.5556167,39.782179],[116.547457,39.7782764],[116.5445111,39.7768965],[116.5399311,39.774694],[116.5375294,39.7734989],[116.5360723,39.7727913],[116.5359111,39.772713],[116.5346772,39.7721111],[116.5340587,39.77181],[116.5332523,39.7714278],[116.5323271,39.7709749],[116.5320167,39.770825],[116.531473,39.7705527],[116.530618,39.7701508],[116.5302483,39.7699861],[116.5300135,39.7698991],[116.5297769,39.769818],[116.529339,39.7697015],[116.5287647,39.7696193],[116.5282454,39.7695848],[116.5276826,39.7696008],[116.5275029,39.7696174],[116.5273059,39.7696432],[116.5270792,39.76968],[116.5268584,39.7697276],[116.5266984,39.7697699],[116.5265298,39.7698227],[116.5263407,39.7698914],[116.5260216,39.7700245],[116.5257122,39.7701744],[116.5254123,39.77035],[116.5251613,39.7705098],[116.5249003,39.7707115],[116.5247156,39.7708632],[116.5245391,39.7710533],[116.5243762,39.7712467],[116.5168728,39.7804965],[116.5158714,39.7817064],[116.5087926,39.7904155],[116.5074801,39.7920296],[116.4995404,39.8017927],[116.4986386,39.8029016],[116.4981383,39.8035159],[116.4979224,39.8037766],[116.497725,39.803997],[116.4975078,39.804214],[116.4972748,39.8044241],[116.4970412,39.804629],[116.4968002,39.8048275],[116.4965498,39.8050115],[116.496289,39.8051948],[116.4959699,39.8054046],[116.4956209,39.805609],[116.4951893,39.8058313],[116.4949372,39.8059555],[116.4946363,39.8060857],[116.494316,39.8062136],[116.4940037,39.8063311],[116.4936831,39.8064383],[116.4933558,39.8065297],[116.4930221,39.8066161],[116.4926915,39.8066983],[116.4923505,39.806766],[116.4919604,39.8068366],[116.4914951,39.8068979],[116.4910604,39.8069379],[116.4903449,39.8069772],[116.489655,39.8069635],[116.4891427,39.8069338],[116.4886658,39.80688],[116.4883234,39.8068344],[116.488001,39.8067802],[116.4876483,39.8067118],[116.4874144,39.8066637],[116.4871295,39.8065949],[116.486856,39.8065191],[116.4865295,39.806416],[116.4862124,39.8063107],[116.4858906,39.8061942],[116.4855814,39.8060666],[116.4852751,39.8059347],[116.4846456,39.8056619],[116.4840258,39.8053934],[116.4837433,39.8052746],[116.4791928,39.8033208],[116.4789103,39.8031985],[116.4786009,39.8030719],[116.47829,39.8029469],[116.4779824,39.8028245],[116.4774623,39.8026288],[116.4771923,39.8025411],[116.4765991,39.8023592],[116.4762706,39.8022666],[116.4759401,39.8021764],[116.475614,39.8020925],[116.4752787,39.8020127],[116.4749378,39.8019269],[116.474259,39.8017621],[116.4735824,39.8015978],[116.4691553,39.8004982],[116.4688217,39.8004206],[116.4681935,39.8002849],[116.4675406,39.8001804],[116.4669658,39.8001169],[116.4664173,39.8000866],[116.4662176,39.8000813],[116.4658363,39.8000718],[116.4654588,39.8000703],[116.4651171,39.8000756],[116.4647153,39.8000926],[116.4644634,39.8001088],[116.4637117,39.8001986],[116.4629027,39.8003406],[116.4620706,39.800504],[116.4614019,39.8006776],[116.4611445,39.8007532],[116.4596178,39.8011887],[116.4590669,39.8013461],[116.4587442,39.8014541],[116.4584514,39.8015741],[116.4581344,39.8017137],[116.4575423,39.8020172],[116.4572743,39.8021816],[116.4570182,39.8023492],[116.4567695,39.8025334],[116.4565335,39.8027347],[116.4562969,39.8029523],[116.456098,39.8031567],[116.4559047,39.803374],[116.4557262,39.8035999],[116.4555537,39.8038344],[116.455403,39.8040735],[116.455252,39.8043335],[116.4551193,39.8046203],[116.4550182,39.804883],[116.4549431,39.8050816],[116.4547507,39.805615],[116.4545574,39.8061507],[116.4544916,39.8063439],[116.4544248,39.8065626],[116.4543636,39.8068061],[116.4543166,39.8071016],[116.4542915,39.8073593],[116.4542954,39.8076293],[116.4543318,39.8078952],[116.4543832,39.8081581],[116.4544528,39.8084273],[116.4545297,39.8086948],[116.4546034,39.808959],[116.4546828,39.8092186],[116.4547608,39.8094849],[116.4548396,39.8097503],[116.4549023,39.809967],[116.4549605,39.8101878],[116.4550059,39.8104124],[116.4550478,39.8106772],[116.45507,39.8109492],[116.4550781,39.8112199],[116.4550738,39.8114953],[116.4550193,39.813391],[116.4549518,39.8146537],[116.4549154,39.8154645],[116.4548804,39.8159997],[116.4546894,39.8180267],[116.4546703,39.8182656],[116.4546459,39.8185318],[116.4546221,39.8187983],[116.4545946,39.8190811],[116.4544882,39.8201859],[116.454462,39.820783],[116.4544963,39.8214456],[116.4545585,39.8220341],[116.4545874,39.8223293],[116.4546023,39.8225765],[116.4545348,39.8233487],[116.4544075,39.8241157],[116.4542021,39.8248408],[116.4538731,39.8255584],[116.4532895,39.8267789],[116.4524932,39.8284443],[116.4518554,39.8295439],[116.4513384,39.830182],[116.4508583,39.8306286],[116.4502251,39.8311669],[116.4494127,39.8316774],[116.4483418,39.832046],[116.4471417,39.8323863],[116.4457754,39.8326699],[116.4445975,39.8328471],[116.4441094,39.8328619],[116.4427231,39.8328675],[116.4412991,39.8328732],[116.4324655,39.8328469],[116.4315801,39.8329196],[116.4308385,39.8330237],[116.4281102,39.833565],[116.4241937,39.8343432],[116.4234042,39.8346017],[116.42277,39.8349954],[116.4224327,39.8353891],[116.4222629,39.8359718],[116.4222327,39.8396683],[116.4222235,39.8402696],[116.4222234,39.840317],[116.4221838,39.8405731],[116.4221413,39.8408484],[116.4221327,39.8410784],[116.422136,39.8411802],[116.4221318,39.8414441],[116.4221077,39.8423593],[116.4221083,39.843059]]},"properties":{"line_key":"Yizhuang","name":"亦庄线","name_zh":"亦庄线","name_en":null,"ref":"24","osm_relation":2201487,"osm_name":"地铁 亦庄线: 亦庄火车站 -> 宋家庄","station_count":14,"way_count":6,"note":"","coord_system":"WGS84 (EPSG:4326)"}},{"type":"Feature","geometry":{"type":"LineString","coordinates":[[116.4893721,39.907455],[116.4907437,39.9074037],[116.4909207,39.9073981],[116.4910174,39.907396],[116.4911045,39.9073942],[116.491294,39.9073918],[116.4914877,39.9073909],[116.4916843,39.9073912],[116.4918826,39.9073926],[116.4920811,39.9073949],[116.4922786,39.907398],[116.4924738,39.9074017],[116.4926652,39.9074058],[116.4928516,39.9074102],[116.4930316,39.9074148],[116.493204,39.9074193],[116.4933674,39.9074236],[116.4935204,39.9074276],[116.4936617,39.9074311],[116.4937901,39.9074339],[116.4939042,39.9074359],[116.4940026,39.9074369],[116.4940841,39.9074367],[116.5050255,39.9073255],[116.5068947,39.9073065],[116.5069666,39.9073051],[116.5070383,39.9073027],[116.5071098,39.9072994],[116.5071813,39.9072952],[116.5072526,39.9072902],[116.507324,39.9072847],[116.5073953,39.9072787],[116.5074667,39.9072723],[116.5075382,39.9072657],[116.5076099,39.907259],[116.5076817,39.9072523],[116.5077537,39.9072457],[116.5078261,39.9072393],[116.5078987,39.9072333],[116.5079716,39.9072278],[116.508045,39.9072229],[116.5081188,39.9072187],[116.5081931,39.9072153],[116.5082678,39.907213],[116.5083432,39.9072117],[116.5094845,39.9072001],[116.5105955,39.9071885],[116.5107362,39.907187],[116.5108779,39.907185],[116.5110458,39.9071826],[116.5112366,39.9071796],[116.5114287,39.9071764],[116.5116728,39.9071728],[116.5119115,39.907169],[116.5121591,39.907165],[116.5124124,39.9071609],[116.5126678,39.9071568],[116.5129219,39.9071527],[116.5131351,39.9071476],[116.5134125,39.9071447],[116.5136421,39.907141],[116.5138566,39.9071376],[116.5140526,39.9071346],[116.5142266,39.9071319],[116.5143751,39.9071297],[116.5144949,39.907128],[116.5145823,39.907127],[116.5147154,39.9071248],[116.5148494,39.9071233],[116.514984,39.9071226],[116.5151194,39.9071229],[116.5152556,39.9071242],[116.5153926,39.9071268],[116.5155303,39.9071308],[116.5156689,39.9071363],[116.5158082,39.9071434],[116.5159484,39.9071523],[116.5160893,39.9071631],[116.5162311,39.907176],[116.5163688,39.9071903],[116.516499,39.9072054],[116.5166239,39.9072215],[116.5167454,39.9072389],[116.5168654,39.9072577],[116.5169859,39.9072782],[116.5171088,39.9073005],[116.5172362,39.9073249],[116.5173699,39.9073516],[116.5175121,39.9073807],[116.5176647,39.9074126],[116.5178297,39.9074473],[116.5180091,39.9074852],[116.5182049,39.9075264],[116.5184192,39.9075711],[116.5186539,39.9076197],[116.518911,39.9076722],[116.5191925,39.9077289],[116.5195004,39.90779],[116.5198366,39.9078556],[116.5201829,39.9079199],[116.5205198,39.9079769],[116.5208471,39.908027],[116.5211644,39.9080708],[116.5214715,39.9081087],[116.521768,39.9081409],[116.5220535,39.9081681],[116.5223277,39.9081905],[116.5225901,39.9082087],[116.5228405,39.908223],[116.5230785,39.9082338],[116.5233038,39.9082417],[116.5235159,39.9082469],[116.5237146,39.9082499],[116.5238994,39.9082512],[116.5240701,39.9082511],[116.5242263,39.9082501],[116.5243677,39.9082485],[116.5244939,39.9082469],[116.5246045,39.9082455],[116.525539,39.9082357],[116.5264759,39.9082258],[116.5476929,39.9079945],[116.5488481,39.9080093],[116.55069,39.9080604],[116.5629346,39.9083042],[116.5631536,39.9083064],[116.563361,39.9083124],[116.5635548,39.9083184],[116.5637367,39.9083245],[116.5639084,39.908331],[116.5640716,39.9083378],[116.564228,39.9083452],[116.5643792,39.9083532],[116.5645269,39.908362],[116.5646728,39.9083716],[116.5648185,39.9083822],[116.5649656,39.908394],[116.565116,39.908407],[116.5652712,39.9084213],[116.5654329,39.9084371],[116.5656027,39.9084544],[116.5657824,39.9084735],[116.5659737,39.9084944],[116.5661782,39.9085172],[116.5663975,39.908542],[116.5666275,39.9085683],[116.5668617,39.908595],[116.5670988,39.9086221],[116.5673375,39.9086493],[116.5675763,39.9086766],[116.5678139,39.9087037],[116.568049,39.9087305],[116.5682802,39.9087568],[116.568506,39.9087825],[116.5687252,39.9088075],[116.5689364,39.9088315],[116.5691381,39.9088543],[116.5693291,39.9088759],[116.5695079,39.9088961],[116.5696732,39.9089147],[116.5698236,39.9089315],[116.5699577,39.9089465],[116.5700741,39.9089593],[116.5701716,39.9089699],[116.5702487,39.9089782],[116.5703184,39.9089855],[116.5703946,39.9089935],[116.570477,39.9090021],[116.5705653,39.9090112],[116.5706594,39.9090208],[116.5707592,39.9090308],[116.5708643,39.9090411],[116.5709745,39.9090518],[116.5709927,39.9090535],[116.5710898,39.9090626],[116.5712099,39.9090736],[116.5713347,39.9090847],[116.5714638,39.9090958],[116.5715971,39.9091068],[116.5717345,39.9091178],[116.5718757,39.9091286],[116.5720205,39.9091391],[116.5721688,39.9091494],[116.5723203,39.9091593],[116.5724748,39.9091687],[116.5726321,39.9091777],[116.5727899,39.9091854],[116.5729464,39.9091913],[116.5731012,39.9091955],[116.5732542,39.9091981],[116.5734048,39.9091992],[116.5735528,39.9091989],[116.5736977,39.9091974],[116.5738394,39.9091947],[116.5739773,39.9091911],[116.5741112,39.9091866],[116.5742406,39.9091812],[116.5743653,39.9091753],[116.574485,39.9091688],[116.5745991,39.9091619],[116.5747075,39.9091546],[116.5748097,39.9091473],[116.5749054,39.9091398],[116.5749943,39.9091324],[116.575076,39.9091252],[116.5751501,39.9091183],[116.5752231,39.9091112],[116.5753009,39.9091035],[116.5753827,39.9090954],[116.5754679,39.9090867],[116.5755558,39.9090778],[116.5756457,39.9090685],[116.5757368,39.9090591],[116.5758286,39.9090495],[116.5759202,39.9090398],[116.5760111,39.9090302],[116.5761005,39.9090207],[116.5761877,39.9090114],[116.5762721,39.9090023],[116.576353,39.9089936],[116.5764296,39.9089853],[116.5765013,39.9089774],[116.5765673,39.9089702],[116.5766271,39.9089635],[116.5766799,39.9089576],[116.576725,39.9089525],[116.5768057,39.9089431],[116.5768875,39.9089335],[116.5769704,39.9089238],[116.5770545,39.9089139],[116.57714,39.9089039],[116.577227,39.9088937],[116.5773155,39.9088833],[116.5774057,39.9088727],[116.5774978,39.9088619],[116.5775917,39.9088509],[116.5776877,39.9088396],[116.5777858,39.9088281],[116.5778861,39.9088164],[116.5779888,39.9088043],[116.578094,39.9087921],[116.5782018,39.9087795],[116.5783122,39.9087666],[116.5784255,39.9087534],[116.5785417,39.9087399],[116.5786609,39.908726],[116.5787871,39.9087114],[116.5789234,39.9086955],[116.5790689,39.9086785],[116.5792226,39.9086606],[116.5793836,39.9086418],[116.5795508,39.9086224],[116.5797233,39.9086025],[116.5799001,39.9085822],[116.5800802,39.9085617],[116.5802627,39.9085411],[116.5804466,39.9085204],[116.5806309,39.9085],[116.5808147,39.9084799],[116.5809969,39.9084602],[116.5811766,39.9084412],[116.5813528,39.9084228],[116.5815246,39.9084054],[116.5816909,39.9083889],[116.5818508,39.9083737],[116.5820034,39.9083597],[116.5821466,39.9083471],[116.5822796,39.9083359],[116.5824035,39.908326],[116.5825191,39.9083173],[116.5826274,39.9083097],[116.5827293,39.908303],[116.5828256,39.9082972],[116.5829173,39.9082923],[116.5830054,39.908288],[116.5830907,39.9082843],[116.5831741,39.908281],[116.5832566,39.9082782],[116.5833391,39.9082757],[116.5834225,39.9082734],[116.5835076,39.9082711],[116.5835956,39.9082689],[116.5836871,39.9082665],[116.5837833,39.908264],[116.5838849,39.9082611],[116.5839929,39.9082578],[116.5841232,39.9082541],[116.5842883,39.9082501],[116.5844841,39.9082457],[116.5847065,39.908241],[116.5849513,39.9082362],[116.5852144,39.9082312],[116.5854917,39.908226],[116.5857791,39.9082209],[116.5860725,39.9082157],[116.5863676,39.9082106],[116.5866605,39.9082056],[116.586947,39.9082008],[116.5872229,39.9081962],[116.5874841,39.9081918],[116.5877266,39.9081878],[116.5879461,39.9081842],[116.5881386,39.908181],[116.5882999,39.9081783],[116.588426,39.9081762],[116.5885127,39.9081746],[116.5885964,39.9081729],[116.588714,39.9081703],[116.5888616,39.9081669],[116.5890354,39.9081629],[116.5892314,39.9081582],[116.5894458,39.908153],[116.5896748,39.9081475],[116.5899146,39.9081416],[116.5901613,39.9081356],[116.590411,39.9081294],[116.5906599,39.9081233],[116.5909042,39.9081172],[116.5911399,39.9081114],[116.5913633,39.9081059],[116.5915705,39.9081007],[116.5917577,39.9080961],[116.591921,39.908092],[116.5920565,39.9080887],[116.5921604,39.9080861],[116.592229,39.9080844],[116.5931419,39.9080653],[116.5940551,39.9080461],[116.5943684,39.908038],[116.5990406,39.9079144],[116.5992155,39.9079099],[116.5993805,39.9079052],[116.5995362,39.9079002],[116.5996833,39.9078949],[116.5998226,39.907889],[116.5999547,39.9078826],[116.6000803,39.9078755],[116.6002001,39.9078675],[116.6003149,39.9078586],[116.6004252,39.9078486],[116.6005318,39.9078375],[116.6006354,39.9078251],[116.6007366,39.9078113],[116.6008362,39.907796],[116.6009349,39.9077791],[116.6010333,39.9077605],[116.6011321,39.90774],[116.6012321,39.9077176],[116.6013339,39.9076931],[116.6014382,39.9076665],[116.6015474,39.9076362],[116.6016626,39.9076012],[116.6017829,39.907562],[116.6019075,39.9075193],[116.6020355,39.9074734],[116.6021659,39.9074249],[116.6022978,39.9073744],[116.6024304,39.9073223],[116.6025627,39.9072693],[116.6026939,39.9072157],[116.602823,39.9071622],[116.6029491,39.9071093],[116.6030713,39.9070575],[116.6031887,39.9070073],[116.6033005,39.9069592],[116.6034056,39.9069138],[116.6035033,39.9068716],[116.6035926,39.9068332],[116.6036725,39.906799],[116.6037423,39.9067695],[116.6038079,39.9067422],[116.6038758,39.9067138],[116.6039461,39.9066845],[116.6040186,39.9066543],[116.6040933,39.9066232],[116.6041701,39.9065911],[116.604249,39.9065582],[116.6043299,39.9065245],[116.6044126,39.9064899],[116.6044973,39.9064544],[116.6045837,39.9064182],[116.6046719,39.9063812],[116.6047617,39.9063434],[116.6048531,39.9063049],[116.6049461,39.9062656],[116.6050405,39.9062257],[116.6051363,39.9061851],[116.6052335,39.9061438],[116.6053319,39.9061018],[116.6054316,39.9060592],[116.607334,39.9052449],[116.6078015,39.9050744],[116.608253,39.9049338],[116.6086458,39.9048367],[116.6090938,39.9047595],[116.6095309,39.9047099],[116.6099136,39.9046832],[116.6103,39.9046814],[116.610707,39.904697],[116.6111307,39.904736],[116.6118499,39.9048716],[116.612788,39.9050557],[116.6137164,39.9052453],[116.6140936,39.9053171],[116.6145805,39.9053869],[116.6151638,39.9054287],[116.615773,39.9054192],[116.6163731,39.9053658],[116.616982,39.9052724],[116.6178249,39.9051741],[116.6184488,39.905123],[116.6190826,39.9050904],[116.6273422,39.9049797],[116.6280482,39.9049535],[116.6282617,39.9049386],[116.6285087,39.9048994],[116.6288022,39.9048381],[116.6290826,39.9047593],[116.6294953,39.90459],[116.6297171,39.9044811],[116.6298701,39.9043863],[116.6301317,39.9042303],[116.6303422,39.9040702],[116.6305538,39.9038895],[116.6307545,39.9036614],[116.6314137,39.9026976],[116.6350762,39.8972448],[116.6361409,39.895649],[116.636877,39.8945458],[116.6370693,39.8942761],[116.6372877,39.8939905],[116.6375273,39.8937404],[116.6378173,39.8934958],[116.6381275,39.893275],[116.6384268,39.8930893],[116.6387993,39.8929021],[116.6392889,39.8927069],[116.6399045,39.8925187],[116.6407497,39.8922731],[116.6423143,39.8918072],[116.6424563,39.8917666],[116.6454044,39.8909267],[116.6516162,39.8891486],[116.6548349,39.8882268],[116.6553226,39.888076],[116.6557357,39.8879288],[116.6561127,39.887756],[116.6565263,39.8875292],[116.6569035,39.8872587],[116.6573276,39.8869276],[116.6627085,39.8825312],[116.6721636,39.8748394],[116.6728438,39.8742862],[116.6734849,39.8737647],[116.6734999,39.8737519],[116.6736322,39.8736417],[116.6737968,39.873508],[116.673965,39.8733693],[116.6741447,39.8732246],[116.674323,39.8730855],[116.6744982,39.8729524],[116.6746696,39.8728279],[116.6748282,39.8727198],[116.6749716,39.8726225],[116.675097,39.8725438],[116.6752265,39.872467],[116.6753853,39.8723747],[116.6755731,39.8722697],[116.6757892,39.8721551],[116.6760327,39.8720338],[116.6763032,39.8719089],[116.6766078,39.8717887],[116.6769245,39.8716688],[116.6770933,39.871606],[116.6772706,39.8715472],[116.6774507,39.8714872],[116.6776365,39.8714299],[116.677738,39.871402],[116.6778896,39.8713594],[116.6780416,39.871316],[116.6782027,39.8712718],[116.6783712,39.8712253],[116.6785403,39.8711789],[116.6787064,39.8711337],[116.6788658,39.8710906],[116.6790149,39.8710506],[116.6791501,39.8710147],[116.6792679,39.8709838],[116.6802609,39.8707225],[116.681228,39.870468],[116.6816162,39.870369],[116.6821849,39.8702241],[116.6827387,39.8700829],[116.6831923,39.8699673],[116.6837955,39.8698135],[116.6840754,39.8697437],[116.6842751,39.8696914],[116.6845008,39.8696324],[116.6847424,39.8695691],[116.6849901,39.8695042],[116.6852337,39.8694403],[116.6854553,39.8693826],[116.685669,39.869326],[116.6858406,39.8692809],[116.6859962,39.8692391],[116.6861599,39.8691925],[116.6863309,39.86914],[116.6865082,39.8690804],[116.6866911,39.8690123],[116.6868786,39.8689347],[116.6870701,39.8688462],[116.6872646,39.8687457],[116.6874612,39.868632],[116.6876592,39.8685037],[116.6878521,39.8683679],[116.6880344,39.8682309],[116.6882061,39.8680909],[116.6883675,39.8679459],[116.6885187,39.867794],[116.6886598,39.8676334],[116.6887911,39.867462],[116.6889128,39.8672781],[116.6890249,39.8670798],[116.6891277,39.866865],[116.6913827,39.8619682],[116.6915093,39.861698],[116.691612,39.8614555],[116.6916883,39.8612305],[116.6917358,39.8610131],[116.691752,39.860793],[116.6917344,39.8605603],[116.6916806,39.8603048],[116.6915879,39.8600165],[116.6914541,39.8596853],[116.6912765,39.8593011],[116.6890291,39.8553782],[116.6878151,39.8532608],[116.6876564,39.8529965],[116.6875463,39.852793],[116.6874596,39.8526089],[116.6873889,39.8524367],[116.6873267,39.8522691],[116.6872658,39.8520984],[116.6871986,39.8519172],[116.6871177,39.8517182],[116.6870158,39.8514938],[116.6868854,39.8512367],[116.6867191,39.8509392],[116.6860865,39.8500664],[116.6853665,39.8493801],[116.6845898,39.8488582],[116.6837869,39.8484782],[116.6829885,39.8482178],[116.6822251,39.8480547],[116.6815275,39.8479667],[116.6809261,39.8479313],[116.6804516,39.8479263],[116.6801347,39.8479293],[116.6767774,39.8479241],[116.6755466,39.8479222],[116.6735171,39.8479277]]},"properties":{"line_key":"Batong","name":"八通线","name_zh":"八通线","name_en":null,"ref":"1E","osm_relation":1667272,"osm_name":"地铁 八通线: 四惠 → 环球度假区","station_count":15,"way_count":14,"note":"also included in line 1 relation","coord_system":"WGS84 (EPSG:4326)"}},{"type":"Feature","geometry":{"type":"LineString","coordinates":[[116.4107166,39.5124985],[116.4102504,39.5156374],[116.4100787,39.5169576],[116.4099526,39.5176611],[116.4098132,39.518228],[116.409663,39.5187143],[116.4090058,39.5205537],[116.4088047,39.5211661],[116.4085847,39.521913],[116.4084291,39.5225399],[116.4082682,39.5234089],[116.4066381,39.5338818],[116.4060751,39.5373803],[116.4059949,39.5380195],[116.4058608,39.5396948],[116.4057372,39.540768],[116.4057067,39.5410006],[116.4051984,39.5440902],[116.4050683,39.5449145],[116.4050415,39.5450675],[116.4044085,39.5490675],[116.404386,39.5492066],[116.404266,39.5500473],[116.4037365,39.5534491],[116.4033659,39.5556981],[116.4029583,39.558262],[116.4027543,39.5595654],[116.4025234,39.5608075],[116.4022549,39.5620909],[116.4019433,39.5633789],[116.4016156,39.5645261],[116.4012635,39.5656676],[116.4004178,39.5678967],[116.3999505,39.5690562],[116.399413,39.5702453],[116.3982957,39.5724357],[116.3974256,39.5739013],[116.3960082,39.5762768],[116.3948797,39.5778714],[116.3936769,39.5794813],[116.3903397,39.5836412],[116.3881893,39.5863813],[116.3861358,39.5891291],[116.3852978,39.5903216],[116.3842402,39.5920258],[116.383292,39.5937804],[116.3824292,39.5954733],[116.3817598,39.5969506],[116.3811867,39.5984075],[116.3804955,39.6003562],[116.3798901,39.6023994],[116.3796064,39.6035875],[116.3793785,39.6047026],[116.3791295,39.60592],[116.3789956,39.6069598],[116.3788723,39.6078314],[116.3787812,39.6086644],[116.3786956,39.6098938],[116.378642,39.6120747],[116.3786044,39.6136898],[116.3786044,39.6148048],[116.3786259,39.6174246],[116.3786474,39.6198879],[116.3786152,39.62226],[116.3786152,39.6260371],[116.3785292,39.6285183],[116.3782823,39.6314466],[116.378035,39.6330031],[116.3774766,39.6357567],[116.3767249,39.6387672],[116.375544,39.6424044],[116.373409,39.6488153],[116.3700401,39.6588763],[116.3687742,39.6627663],[116.3680338,39.6650128],[116.3675189,39.6665698],[116.3670038,39.6680979],[116.3658613,39.6714919],[116.3652551,39.673321],[116.3648045,39.6746588],[116.3639354,39.6772846],[116.3636413,39.6781208],[116.3626433,39.6811633],[116.3623547,39.6823855],[116.3622907,39.6839449],[116.3624182,39.6849589],[116.3627167,39.6858121],[116.3632539,39.6873497],[116.3634704,39.6881499],[116.3635305,39.6895557],[116.3634546,39.6902897],[116.3632929,39.6909617],[116.3631205,39.6916085],[116.3624323,39.6935615],[116.3617235,39.6951232],[116.3615919,39.6954233],[116.3611461,39.6965136],[116.3610712,39.6967512],[116.3609326,39.6971905],[116.3607392,39.6979513],[116.3606054,39.6985856],[116.3605265,39.6993199],[116.3605034,39.7000178],[116.3605463,39.700769],[116.360659,39.7021764],[116.3606712,39.7033527],[116.3605096,39.7091271],[116.3598873,39.72187],[116.3598597,39.7271995],[116.3596448,39.7333517],[116.3595941,39.7341262],[116.3594151,39.7371212],[116.358127,39.744781],[116.3574046,39.7484895],[116.3564769,39.7521594],[116.3559521,39.7544809],[116.3544224,39.7605431],[116.3543291,39.7609731],[116.3542921,39.7612642],[116.3542682,39.7616551],[116.3542042,39.7680092],[116.3543256,39.7739088],[116.3544609,39.7766914],[116.3545764,39.7776386],[116.3548569,39.7784863],[116.356127,39.7815515],[116.3575244,39.7847401],[116.3581852,39.7859703],[116.3584289,39.7866667],[116.3584793,39.7875965],[116.3583154,39.7889021],[116.3580326,39.790265],[116.3574762,39.7923374],[116.3567208,39.7943543],[116.354219,39.799467],[116.3525617,39.801936],[116.350831,39.8037795],[116.3483213,39.8057061],[116.3442554,39.8084003],[116.3424875,39.8100004],[116.3413934,39.8113001],[116.3405873,39.8125424],[116.3399632,39.8138292],[116.3395307,39.8152726],[116.3392427,39.81692],[116.3393763,39.8188085],[116.3399234,39.8240897],[116.3402776,39.8277008],[116.340402,39.8341231],[116.3409102,39.8391565],[116.3415103,39.8421352],[116.3424817,39.8461302],[116.3429532,39.8480692]]},"properties":{"line_key":"DaxingAirport","name":"大兴机场线","name_zh":"大兴机场线","name_en":null,"ref":null,"osm_relation":10136948,"osm_name":"地铁 大兴机场线: 大兴机场 -> 草桥","station_count":3,"way_count":8,"note":"","coord_system":"WGS84 (EPSG:4326)"}},{"type":"Feature","geometry":{"type":"LineString","coordinates":[[116.3177191,39.8601283],[116.317482,39.8586509],[116.3169853,39.8555728],[116.3167725,39.8544686],[116.3165409,39.8533391],[116.3160355,39.8517141],[116.3156297,39.8503501],[116.3153321,39.8494016],[116.3150674,39.8483411],[116.3150504,39.8482727],[116.3150325,39.8482011],[116.3149623,39.8479199],[116.3148093,39.8473192],[116.3147991,39.847279],[116.3147713,39.84717],[116.3147278,39.846999],[116.3144934,39.84625],[116.3142807,39.8453153],[116.3139449,39.843865],[116.313844,39.8434502],[116.3137888,39.8429841],[116.3137518,39.8425776],[116.31371,39.8420708],[116.3137271,39.8388192],[116.3138308,39.8358804],[116.3138539,39.8353493],[116.3138077,39.8343048],[116.3137951,39.8331607],[116.3139792,39.8307831],[116.3139792,39.8301148],[116.3139118,39.8287557],[116.3138862,39.8285788],[116.3137906,39.827875],[116.3136451,39.8268039],[116.3135971,39.8261245],[116.3136599,39.8254974],[116.313758,39.8249321],[116.3140278,39.8233628],[116.3142615,39.8224996],[116.3145852,39.8217884],[116.314819,39.8212912],[116.3151876,39.8207111],[116.3153405,39.8203727],[116.3153911,39.8199253],[116.3154017,39.8195277],[116.3151358,39.8187679],[116.3147777,39.8184329],[116.3141713,39.8180788],[116.3134622,39.8179808],[116.3125332,39.8179481],[116.3109235,39.8179971],[116.3092144,39.8181033],[116.3087066,39.8181671],[116.3067923,39.8183624],[116.3054828,39.818496],[116.3044284,39.818549],[116.3033201,39.8185597],[116.3021673,39.8185302],[116.3017572,39.8184845],[116.3014311,39.8184423],[116.3008955,39.8183515],[116.3003382,39.8182608],[116.2988724,39.8179808],[116.2975814,39.8176122],[116.29719,39.817476],[116.2968212,39.8172685],[116.2965403,39.8170297],[116.2963469,39.8168183],[116.2960735,39.8163425],[116.2959692,39.8160825],[116.2959003,39.8158232],[116.2958313,39.8154997],[116.2958122,39.8152742],[116.2958069,39.8151073],[116.2958073,39.8149237],[116.2958058,39.8133798],[116.2958702,39.810754],[116.2958519,39.8104803],[116.2958143,39.8100891],[116.2956916,39.809503],[116.2955581,39.8091395],[116.2954125,39.8089018],[116.2951971,39.8087014],[116.2948816,39.8085219],[116.2945571,39.8083984],[116.2941961,39.8083052],[116.2880995,39.8073267],[116.2877264,39.8072556],[116.2874109,39.8071869],[116.2870636,39.8070848],[116.2867178,39.8069555],[116.2864675,39.8068597],[116.2854558,39.8064689],[116.2841243,39.8059546],[116.2835985,39.8057443],[116.2820108,39.8050971],[116.2812471,39.8048255],[116.2803525,39.8045325],[116.2793501,39.8042311],[116.2784944,39.8039653],[116.2779365,39.8037814],[116.27741,39.8035765],[116.2729717,39.8016262],[116.2723901,39.8013717],[116.2717082,39.8011101],[116.2710691,39.8008976],[116.2704733,39.8007281],[116.2698152,39.8005687],[116.2692894,39.8004629],[116.2688053,39.8003645],[116.2681883,39.8002719],[116.2572603,39.7991199],[116.2561895,39.798989],[116.25551,39.7988799],[116.2432119,39.7968292],[116.2411854,39.7964701],[116.2400513,39.7963215],[116.2390267,39.7962119],[116.2382472,39.7961548],[116.2233522,39.7953788],[116.2225446,39.7953136],[116.221535,39.7951831],[116.2198819,39.794896],[116.2195147,39.794839],[116.2191231,39.7947827],[116.2184778,39.7946812],[116.2179092,39.7945822],[116.2172733,39.7944687],[116.2138765,39.7938573],[116.2134235,39.7937757],[116.2127764,39.7936519],[116.2121129,39.7935253],[116.2114664,39.7933951],[116.2111536,39.7933152],[116.2108409,39.7932262],[116.2105906,39.7931315],[116.2103402,39.7930305],[116.2101629,39.792949],[116.2099924,39.792866],[116.2097925,39.7927671],[116.2096213,39.7926718],[116.2094253,39.7925484],[116.2092494,39.7924218],[116.2090689,39.7922887],[116.2088927,39.7921497],[116.2086598,39.791933],[116.2084639,39.7917206],[116.20826,39.7914731],[116.2080697,39.7912054],[116.2079044,39.7909161],[116.2077764,39.7906649],[116.2076951,39.7904816],[116.2076263,39.7902621],[116.207556,39.789976],[116.2075199,39.7897638],[116.2075006,39.7895709],[116.2074907,39.7893129],[116.2074974,39.7890593],[116.207544,39.7886636],[116.207657,39.7882565],[116.2089357,39.7848525],[116.209293,39.7837191],[116.209466,39.7831634],[116.2096425,39.7825545],[116.2100392,39.7810673],[116.2101513,39.7805344],[116.2102793,39.7798882],[116.2103728,39.7793616],[116.2105147,39.7785769],[116.21072,39.7772042],[116.2110441,39.7751872],[116.2115714,39.7714252],[116.2116807,39.7707959],[116.2118664,39.7700963],[116.2119427,39.7696319],[116.212221,39.7659271],[116.2121603,39.7655438],[116.211993,39.7650187],[116.2118428,39.7647514],[116.2116645,39.7644783],[116.211343,39.7640883],[116.2109401,39.7636934],[116.2104026,39.7633574],[116.2099696,39.7631397],[116.2095325,39.7629514],[116.2090534,39.7627934],[116.2085293,39.7626756],[116.2079336,39.7626191],[116.207252,39.762599],[116.2065004,39.7625791],[116.2057561,39.7625578],[116.20488,39.7625387],[116.203172,39.7625401],[116.20269,39.7625151],[116.2017011,39.762485],[116.1995883,39.7624127],[116.1971707,39.762381],[116.1930276,39.762466],[116.1880875,39.7625045],[116.1876675,39.7624919],[116.1872507,39.76246],[116.1868727,39.762388],[116.1864842,39.7622928],[116.1861313,39.7621688],[116.1857682,39.762027],[116.1854615,39.7618855],[116.1851321,39.7616961],[116.1848292,39.7614824],[116.1845134,39.7612613],[116.1842109,39.7609469],[116.1840327,39.7607193],[116.183741,39.7602794],[116.1835502,39.7599019],[116.1833027,39.7593938],[116.1830523,39.7588799],[116.1829036,39.7585738],[116.1816798,39.7560541],[116.1813736,39.7554237],[116.1810876,39.7547451],[116.1796609,39.7518396],[116.1795327,39.7515348],[116.1794262,39.751284],[116.1793196,39.7509681],[116.1792421,39.7506144],[116.1791704,39.7502209],[116.1791116,39.7496853],[116.1789933,39.7485457],[116.1789421,39.748131],[116.17884,39.7474089],[116.1787757,39.7470939],[116.1787316,39.746604],[116.1787015,39.7461241],[116.1786367,39.7442928],[116.1785037,39.7429201],[116.1783994,39.7418443],[116.1783225,39.7409995],[116.1779214,39.7365918],[116.1777104,39.7342726],[116.1774951,39.7319064],[116.1774127,39.7310004],[116.1773367,39.7305076],[116.1773207,39.7303371],[116.1772784,39.7299202],[116.1772454,39.7289614],[116.1772346,39.7284705],[116.177222,39.7279909],[116.1772985,39.7264092],[116.1773246,39.7251957],[116.1772492,39.7247972],[116.1771385,39.7244489],[116.1770127,39.7241975],[116.1768818,39.7239613],[116.1766958,39.7237022],[116.176439,39.7234195],[116.1762026,39.7231873],[116.1759182,39.7229558],[116.1755378,39.7227045],[116.1751452,39.7225032],[116.1746768,39.7223058],[116.1741785,39.7221431],[116.1736206,39.7220298],[116.1730493,39.7219688],[116.1727086,39.7219598],[116.1722139,39.7219536],[116.1716798,39.7219617],[116.1710017,39.7219698],[116.1702924,39.7219726],[116.1695971,39.7219681],[116.1693625,39.7219643],[116.1673591,39.7219553],[116.1656876,39.7219025],[116.1525907,39.721891],[116.1507855,39.7219242],[116.1500158,39.7219283],[116.1492468,39.7219323],[116.1487892,39.7219271],[116.1470054,39.7218812],[116.145003,39.7218768],[116.1430483,39.7219083],[116.1344818,39.7219134],[116.1204373,39.7218744],[116.1189698,39.7218705],[116.1175574,39.7218705],[116.1169404,39.7218705],[116.1166271,39.7218705],[116.1141343,39.7218704],[116.113863,39.7218735],[116.113564,39.7218793],[116.1132343,39.7219081],[116.1130196,39.7219408],[116.1127793,39.7219793],[116.112379,39.7220679],[116.1119284,39.7222164],[116.1116789,39.7223206],[116.1114188,39.7224299],[116.1111371,39.7225795],[116.110885,39.7227384],[116.1104679,39.7230323],[116.1100548,39.7233387],[116.1094446,39.7237987],[116.1089297,39.724202],[116.1081786,39.7248416],[116.1072224,39.7255956],[116.106517,39.7260834],[116.1059993,39.726429],[116.1056453,39.7266404],[116.1053556,39.7268003],[116.105019,39.726956],[116.1046918,39.7270747],[116.1042358,39.7272118],[116.1037637,39.7273212],[116.1033145,39.7273975],[116.1029148,39.7274398],[116.1007757,39.7274955],[116.0995057,39.7275141],[116.0980694,39.7275275],[116.0970287,39.7275357],[116.0955401,39.7275563],[116.0945544,39.7275863],[116.093528,39.7275951],[116.0929844,39.7275997],[116.0914966,39.7276306],[116.0903527,39.7276585]]},"properties":{"line_key":"Fangshan","name":"房山线","name_zh":"房山线","name_en":null,"ref":"25","osm_relation":1721084,"osm_name":"地铁 房山线: 东管头南 -> 阎村东","station_count":16,"way_count":11,"note":"","coord_system":"WGS84 (EPSG:4326)"}},{"type":"Feature","geometry":{"type":"LineString","coordinates":[[116.1894978,40.2432277],[116.1982258,40.2422091],[116.1991297,40.2416931],[116.2004096,40.2402456],[116.2017149,40.2386608],[116.2029078,40.2372675],[116.2032731,40.2367175],[116.2035273,40.2360901],[116.2038547,40.2339002],[116.2041965,40.2322804],[116.2044825,40.2315919],[116.2053906,40.2301278],[116.2086461,40.2249925],[116.2120107,40.221658],[116.2125422,40.2213],[116.2157325,40.2200732],[116.2193562,40.219042],[116.2208871,40.2188833],[116.2274929,40.2192599],[116.2300039,40.2194217],[116.233472,40.2195788],[116.2356733,40.2196696],[116.2381608,40.2197723],[116.2410407,40.2198952],[116.2441264,40.2200152],[116.2462053,40.2201106],[116.2498389,40.2202721],[116.2532432,40.2204008],[116.256715,40.2205319],[116.2600886,40.2205654],[116.2632551,40.220606],[116.2754439,40.2206411],[116.2793834,40.2206575],[116.2805602,40.2205228],[116.2811087,40.220359],[116.281495,40.2200139],[116.2816443,40.2197804],[116.2818498,40.2075597],[116.2818652,40.2066437],[116.2818747,40.206079],[116.2818336,40.2057633],[116.2817657,40.2055567],[116.2816188,40.2053228],[116.2814676,40.2051275],[116.2806675,40.2043358],[116.2802053,40.2037279],[116.2798228,40.2030819],[116.2796274,40.2027035],[116.2794744,40.2022277],[116.2794045,40.2013149],[116.2794438,40.1960137],[116.2792132,40.1950267],[116.2789585,40.194626],[116.2785764,40.1942901],[116.2771609,40.193631],[116.2688402,40.1914967],[116.2681928,40.1912763],[116.2676932,40.1909994],[116.2674447,40.1907398],[116.2671538,40.1902531],[116.2670074,40.1894438],[116.267114,40.1865388],[116.267169,40.1853404],[116.2672334,40.1847211],[116.267298,40.1843854],[116.2676634,40.1829561],[116.2678619,40.1822342],[116.2691813,40.1774481],[116.2700255,40.1743567],[116.2703243,40.1733273],[116.2705852,40.1725699],[116.2710591,40.1712864],[116.2719958,40.1689459],[116.2721591,40.1685128],[116.2723064,40.1681066],[116.2725017,40.1675781],[116.2727259,40.1670715],[116.2729811,40.1664981],[116.2739844,40.1641595],[116.2743121,40.1633812],[116.274548,40.1628209],[116.2747209,40.1624539],[116.2748778,40.1620648],[116.2752108,40.1613208],[116.2754054,40.1608657],[116.2763435,40.1585776],[116.2767907,40.1575491],[116.2773253,40.156268],[116.2781229,40.1545639],[116.2789511,40.1529071],[116.2796657,40.1514106],[116.2807428,40.1492877],[116.2808838,40.1490207],[116.2809986,40.1488125],[116.2810921,40.1486611],[116.281305,40.1483755],[116.2814884,40.148154],[116.2816718,40.1479567],[116.2822044,40.1474619],[116.2827185,40.1470095],[116.2832371,40.1465531],[116.2838054,40.1460633],[116.2840296,40.1458538],[116.2842492,40.1456427],[116.284444,40.1454073],[116.2846422,40.1451941],[116.2848076,40.1449609],[116.2849672,40.1447208],[116.2851263,40.1444811],[116.285285,40.1442124],[116.2862735,40.1422389],[116.286463,40.1418116],[116.2865826,40.1414347],[116.2866559,40.1411603],[116.2867036,40.1409258],[116.2875157,40.1360701],[116.2875474,40.1358539],[116.2876888,40.1348279],[116.2877136,40.1345589],[116.2878341,40.1327254],[116.2878501,40.1317656],[116.2878693,40.1314669],[116.2878853,40.1312074],[116.2878917,40.1309626],[116.2878757,40.1307251],[116.2878362,40.1302531],[116.2877964,40.1296661],[116.2877577,40.1290951],[116.2877385,40.1286728],[116.2877401,40.128428],[116.2877577,40.1281537],[116.2877785,40.1279909],[116.2878137,40.1277963],[116.2878537,40.1276188],[116.287905,40.1274461],[116.28799,40.1272228],[116.2880653,40.1270551],[116.2881453,40.1269021],[116.2882558,40.1267258],[116.2883615,40.1265667],[116.2885024,40.1263806],[116.2886689,40.126192],[116.288821,40.1260341],[116.2889859,40.1258762],[116.2891639,40.1257272],[116.2893471,40.1255883],[116.289561,40.1254385],[116.2897881,40.1252956],[116.2900068,40.1251643],[116.2902773,40.1250368],[116.2905213,40.1249317],[116.2907993,40.1248316],[116.291112,40.124733],[116.2914495,40.1246416],[116.29176,40.1245774],[116.292094,40.1245243],[116.2924057,40.1244885],[116.2926499,40.124472],[116.2936092,40.1244408],[116.2962989,40.1243713],[116.2968715,40.124325],[116.2973476,40.1242449],[116.2979806,40.1240868],[116.2984411,40.1239241],[116.2988954,40.123725],[116.2992731,40.1235114],[116.2996222,40.123276],[116.2999586,40.1229896],[116.300251,40.122681],[116.3004994,40.1223669],[116.3007639,40.1219964],[116.3009609,40.1216587],[116.3011071,40.1213137],[116.3012476,40.1208764],[116.3022663,40.1177849],[116.3025693,40.1168814],[116.3027282,40.1164221],[116.3034216,40.1141285],[116.3036014,40.1135387],[116.3040987,40.1119425],[116.3042104,40.1115663],[116.3044449,40.1110286],[116.3047193,40.1104803],[116.3050315,40.1098637],[116.3051578,40.1095963],[116.3053338,40.1092101],[116.3054807,40.1088395],[116.3056327,40.1083529],[116.3058979,40.1075325],[116.3067248,40.1049964],[116.3071406,40.1037102],[116.3073756,40.1029872],[116.3076189,40.1022597],[116.3077993,40.1016851],[116.3080402,40.100956],[116.308112,40.1007531],[116.3082605,40.1002851],[116.3083268,40.1000761],[116.3083653,40.0999116],[116.308397,40.0997228],[116.3084106,40.0995253],[116.3084084,40.0993054],[116.3083993,40.0990941],[116.3083866,40.0989158],[116.3083337,40.0986957],[116.3082725,40.0984982],[116.3081797,40.0982869],[116.3080846,40.0981051],[116.3079646,40.0979197],[116.3077708,40.0976697],[116.3076089,40.0974895],[116.3074175,40.0973085],[116.3072386,40.0971578],[116.3070269,40.0970045],[116.3068605,40.0968946],[116.3065888,40.0967413],[116.3063098,40.096595],[116.3058851,40.096433],[116.3054793,40.0963283],[116.3050981,40.0962651],[116.3043529,40.0961525],[116.3038896,40.0960734],[116.3032527,40.0959763],[116.302573,40.0958938],[116.3021795,40.0958355],[116.3017744,40.0957604],[116.3013234,40.095673],[116.301041,40.0956145],[116.3000248,40.0953879],[116.297971,40.0948505],[116.2971488,40.0946432],[116.2967205,40.0945399],[116.2963661,40.0944709],[116.2956838,40.0943782],[116.2953507,40.0943502],[116.2949674,40.0943326],[116.294591,40.0943244],[116.2939081,40.0943149],[116.2935287,40.094302],[116.2931315,40.0942791],[116.2928042,40.0942449],[116.2924206,40.0941937],[116.2912305,40.0940252],[116.2903569,40.0939085],[116.2901118,40.0938818],[116.2896684,40.0938385],[116.2894658,40.0938185],[116.2889375,40.0937485],[116.2881667,40.0936293],[116.2873974,40.0935104],[116.2871971,40.0934774],[116.2869491,40.0934362],[116.2867226,40.0933831],[116.2864823,40.0933136],[116.286185,40.0932181],[116.2856108,40.0929978],[116.2830468,40.0919605],[116.2826845,40.0918086],[116.282435,40.0917031],[116.2822036,40.0915935],[116.2819262,40.0914453],[116.2816504,40.0912765],[116.281409,40.0911003],[116.2811934,40.0909437],[116.2809546,40.0907323],[116.280719,40.0904846],[116.2805514,40.090284],[116.2803509,40.0900057],[116.2801901,40.0897193],[116.2800472,40.089425],[116.2799524,40.0891719],[116.2798688,40.0888792],[116.2797995,40.0885383],[116.2797752,40.0882714],[116.2797774,40.0879664],[116.2798082,40.0876669],[116.279848,40.0874373],[116.2799185,40.0871844],[116.2800194,40.0868956],[116.2801593,40.0865578],[116.2830932,40.0796284],[116.2832624,40.0792353],[116.283391,40.0789922],[116.2835149,40.0787848],[116.2836851,40.078535],[116.2838504,40.0783092],[116.2840187,40.0780977],[116.2842456,40.077819],[116.2858431,40.0759163],[116.2875184,40.0739401],[116.2889989,40.0718774],[116.2894189,40.0712817],[116.2896899,40.070799],[116.2897231,40.0707394],[116.2898099,40.0705834],[116.2903682,40.0695471],[116.2905718,40.0691576],[116.2909325,40.0685252],[116.291258,40.0679358],[116.2915984,40.067294],[116.2917685,40.0669697],[116.2918878,40.0667227],[116.2919949,40.0664721],[116.292076,40.0662615],[116.2921427,40.0660652],[116.2921823,40.0658916],[116.2924332,40.0648304],[116.2925333,40.0644014],[116.2926693,40.063971],[116.292862,40.0635166],[116.2931102,40.0630584],[116.2933581,40.0626552],[116.2936825,40.0621894],[116.294028,40.061696],[116.2950561,40.0603017],[116.2953429,40.0599176],[116.2957274,40.0593407],[116.2959576,40.0589766],[116.2961549,40.0586421],[116.2977254,40.0558367],[116.2991316,40.0533246],[116.299433,40.0527862],[116.2996178,40.0524591],[116.2997667,40.0521913],[116.3000321,40.0516813],[116.3003018,40.0511692],[116.300546,40.0507094],[116.3013061,40.0492737],[116.3013442,40.0492006],[116.3014401,40.0490162],[116.3016427,40.0486268],[116.3020491,40.0480203],[116.302214,40.0477878],[116.3022735,40.047704],[116.3029049,40.0468818],[116.3034412,40.0461871],[116.3039834,40.0455206],[116.3044443,40.0450788],[116.3050055,40.0445307],[116.3055279,40.0440479],[116.3057279,40.0438779],[116.3059615,40.0436232],[116.3064077,40.043094],[116.3067616,40.0426075],[116.3076675,40.0414104],[116.3088798,40.0398818],[116.3094827,40.0390873],[116.3101007,40.0383949],[116.3104858,40.0380177],[116.3107018,40.0378061],[116.3111992,40.037332],[116.3118968,40.0367744],[116.3121477,40.036591],[116.3126186,40.0363308],[116.3132412,40.0360448],[116.3139822,40.0357613],[116.3150814,40.0353695],[116.3175906,40.0344123],[116.3180639,40.0342708],[116.318636,40.0341792],[116.3192611,40.0341828],[116.3256228,40.03467],[116.3278046,40.0347938],[116.3290532,40.0349212],[116.3298256,40.0350896],[116.3313958,40.0355701],[116.3320731,40.0357201],[116.3329023,40.0357775],[116.3337219,40.0357368],[116.3345205,40.0355959],[116.3351239,40.0354068],[116.3355818,40.0351376],[116.3360242,40.0347422],[116.3367245,40.0338367],[116.3380025,40.0321842],[116.3386242,40.0315167],[116.3393654,40.0309325],[116.3401275,40.0303855],[116.3405993,40.0299926],[116.3411516,40.0293959],[116.3427473,40.0273503],[116.3437416,40.026024],[116.3440298,40.0256038],[116.344432,40.0246939],[116.3449302,40.0238028],[116.3452124,40.0227736],[116.3452734,40.0214847],[116.3454283,40.020041],[116.3453774,40.0179762],[116.3454962,40.0159161],[116.3456879,40.0136288],[116.346156,40.0080417],[116.3462975,40.0041887],[116.3464587,40.001102],[116.3465717,39.9989386],[116.3466388,39.9976539],[116.3467224,39.9960535],[116.3469352,39.9917675],[116.3472065,39.9867982],[116.3472656,39.9857157],[116.3473211,39.9846992],[116.3475027,39.9819599],[116.347811,39.9772827],[116.3478521,39.9769088],[116.3479455,39.9765141],[116.3480579,39.97557],[116.3480884,39.9751746],[116.3481203,39.9744935],[116.3481576,39.9738563],[116.3481617,39.9732049],[116.3480984,39.9727576],[116.3481095,39.9721887],[116.3484132,39.966434],[116.348476,39.9652447],[116.3486519,39.9616997]]},"properties":{"line_key":"Changping","name":"昌平线","name_zh":"昌平线","name_en":"Subway Changping Line: Changping Xishankou → Jimen Qiao","ref":"27","osm_relation":2111424,"osm_name":"地铁 昌平线: 昌平西山口 → 蓟门桥","station_count":20,"way_count":18,"note":"","coord_system":"WGS84 (EPSG:4326)"}},{"type":"Feature","geometry":{"type":"LineString","coordinates":[[116.1041066,39.7274555],[116.1016947,39.7275074],[116.1012025,39.7275165],[116.1007882,39.7275241],[116.1003939,39.7275262],[116.0999514,39.727489],[116.0993642,39.7273995],[116.0989439,39.7273492],[116.098589,39.7273348],[116.096354,39.7273923],[116.0956397,39.7274128],[116.0945537,39.7274183],[116.0913365,39.7274641],[116.0903652,39.7275144],[116.0879472,39.7276327],[116.0870484,39.7276349],[116.0851318,39.72766],[116.0845393,39.7276329],[116.0841187,39.7276006],[116.0835363,39.7274657],[116.0830944,39.72732],[116.0825876,39.7270873],[116.0820109,39.7267844],[116.0817096,39.7265473],[116.081259,39.726152],[116.0810212,39.7258669],[116.0806412,39.7251958],[116.0804867,39.7247366],[116.0804235,39.7243746],[116.0803883,39.723833],[116.0804731,39.7230233],[116.0805228,39.7223959],[116.0805156,39.7220737],[116.0805085,39.7215557],[116.0802536,39.7189843],[116.0802036,39.7186881],[116.0800894,39.7183312],[116.0797767,39.7176399],[116.0794283,39.7171527],[116.0792005,39.7169292],[116.0788387,39.71663],[116.0784277,39.7163738],[116.0780073,39.7161491],[116.0774602,39.715926],[116.0769952,39.7158013],[116.0760005,39.7155903],[116.073968,39.7152756],[116.0576726,39.7128069],[116.0565826,39.7125369],[116.0551453,39.7122069],[116.0542921,39.7120291],[116.0534138,39.711846],[116.0521214,39.711589],[116.0518128,39.711521],[116.0507453,39.7112856],[116.0505518,39.711243],[116.0499321,39.7111108],[116.0496139,39.7110508],[116.0492554,39.7110093],[116.0488974,39.7109883],[116.0480049,39.7110134],[116.0474791,39.7110777],[116.0455211,39.7113809],[116.0452438,39.7114179],[116.0448479,39.7114549],[116.0444638,39.7114877],[116.0441713,39.7114877],[116.0437756,39.7114754],[116.0429795,39.7114333],[116.0425195,39.7113898],[116.0421245,39.7113092],[116.0415168,39.7111471],[116.0405182,39.7108348],[116.0386812,39.710197],[116.0340058,39.7085707],[116.031209,39.7076137],[116.0278573,39.7064079],[116.0278188,39.706394],[116.0269891,39.7060937],[116.0262561,39.7058431],[116.0257808,39.7057043],[116.0246539,39.7055346],[116.0236264,39.705472],[116.0216333,39.7054344],[116.0171041,39.7053687],[116.0160148,39.7053624],[116.015415,39.7053438],[116.0149149,39.7053004],[116.0139207,39.7050889],[116.0123466,39.7044896],[116.0105573,39.7037638],[116.0069869,39.702531],[116.0049949,39.7018305],[116.0029944,39.7011781],[116.0022787,39.7009447],[116.0008241,39.7004704],[116.0000539,39.7002438],[115.9993966,39.7000549],[115.9992192,39.7000028],[115.9988485,39.6998939],[115.9970642,39.6993695],[115.9961555,39.6991718],[115.9954533,39.6990689],[115.9941044,39.6988423],[115.9925529,39.6986051],[115.9915804,39.6986055],[115.9907493,39.6986843],[115.9898837,39.6988568],[115.9889424,39.6992503],[115.9881715,39.6997463],[115.9861638,39.701092],[115.9854508,39.7016983],[115.9847475,39.7024991],[115.9844657,39.70294],[115.9835851,39.7046256],[115.9824851,39.7067311],[115.9821937,39.7071364],[115.9815915,39.707748],[115.9783307,39.7105497],[115.9779497,39.7109109],[115.977278,39.7115312],[115.9768368,39.7119272],[115.9760482,39.7126311],[115.9756383,39.7129924],[115.9751488,39.7134124],[115.9748808,39.7136181],[115.9747569,39.7137089],[115.9746428,39.7137893],[115.9744982,39.7138763],[115.9743291,39.7139798],[115.9740395,39.7141534],[115.9730123,39.7147307],[115.9721752,39.7152011],[115.9710203,39.7158357],[115.9702468,39.7162804],[115.9699236,39.7164756],[115.9695914,39.7166983],[115.9692265,39.7169736],[115.9690338,39.7171285],[115.9688179,39.7173021],[115.9682404,39.7177709],[115.9679747,39.7179872],[115.9674231,39.7184196],[115.9669313,39.7188109],[115.9666523,39.7190569],[115.9660451,39.7195925],[115.9645478,39.7207888]]},"properties":{"line_key":"Yanfang","name":"燕房线","name_zh":"燕房线","name_en":null,"ref":"25S","osm_relation":12798054,"osm_name":"地铁 燕房线: 燕山 -> 阎村东","station_count":9,"way_count":6,"note":"","coord_system":"WGS84 (EPSG:4326)"}},{"type":"Feature","geometry":{"type":"LineString","coordinates":[[116.5871343,40.0780129],[116.5871971,40.077537],[116.5872165,40.0772935],[116.5871879,40.0770781],[116.5857008,40.0727355],[116.5856667,40.0722707],[116.5884931,40.0541326],[116.5887849,40.0535509],[116.5973103,40.0454179],[116.5975979,40.0447512],[116.5978703,40.0410815],[116.5979934,40.0401801],[116.5980371,40.0398856],[116.5980857,40.0396013],[116.5981393,40.0393502],[116.5981881,40.0391956],[116.5982594,40.0390135],[116.5983759,40.0387957],[116.5984674,40.0386263],[116.5986084,40.0384087],[116.5987463,40.0381919],[116.5989367,40.0379734],[116.5991467,40.037773],[116.5993186,40.03763],[116.5995452,40.0374548],[116.5997759,40.0373011],[116.6000186,40.0371588],[116.6002468,40.0370353],[116.60049,40.0369191],[116.6008826,40.0367819],[116.6011921,40.0366868],[116.6015595,40.0365939],[116.6018215,40.0365452],[116.6021238,40.036512],[116.6024104,40.0364922],[116.602723,40.0364876],[116.603046,40.0364949],[116.6033453,40.03651],[116.6036932,40.036553],[116.6040363,40.0366157],[116.6043989,40.0367075],[116.6047451,40.0368203],[116.6050528,40.036947],[116.6053498,40.0370784],[116.6055575,40.03719],[116.6056161,40.0372215],[116.6059081,40.0373999],[116.6061697,40.0375671],[116.6065016,40.0377839],[116.6068494,40.0380198],[116.6095493,40.0399581],[116.6098595,40.0402099],[116.6100647,40.0404005],[116.6102507,40.0405997],[116.6104248,40.0408179],[116.6105353,40.0409807],[116.6106463,40.0411646],[116.6107529,40.0413679],[116.610834,40.0415669],[116.6109181,40.0418143],[116.6109658,40.041978],[116.6110099,40.0422657],[116.6110305,40.042502],[116.6110214,40.0427718],[116.6109876,40.0430106],[116.6109643,40.0431735],[116.6100995,40.0487554],[116.6100716,40.0492779],[116.6100235,40.0495499],[116.6096916,40.0517592],[116.6100235,40.0495499],[116.6100716,40.0492779],[116.6110167,40.0431763],[116.6110401,40.0430199],[116.6110648,40.042769],[116.6110677,40.0424912],[116.611054,40.0422934],[116.611006,40.0419858],[116.6109624,40.0418008],[116.6108965,40.0415698],[116.610818,40.0413781],[116.6107149,40.0411724],[116.6106084,40.0409837],[116.6104767,40.040798],[116.6103122,40.0405936],[116.6101118,40.0403739],[116.6098953,40.0401739],[116.6095528,40.0398918],[116.605561,40.0370537],[116.6052373,40.0368303],[116.6050018,40.0366726],[116.6047293,40.0365095],[116.6044794,40.0363762],[116.604182,40.0362367],[116.6038874,40.0361159],[116.6035863,40.0359998],[116.6032796,40.0359014],[116.6029923,40.0358148],[116.6026584,40.0357363],[116.6023286,40.0356689],[116.6018452,40.0355936],[116.601456,40.035556],[116.601093,40.0355379],[116.600711,40.0355327],[116.5922618,40.0356115],[116.5888709,40.0356518],[116.587404,40.0356701],[116.5869562,40.0356705],[116.5866317,40.0356673],[116.5862313,40.0356495],[116.5858955,40.035624],[116.5854801,40.0355776],[116.5835813,40.0353214],[116.5825996,40.0351965],[116.5792557,40.0347434],[116.5787538,40.0346848],[116.5782592,40.0346372],[116.5776034,40.0345847],[116.5768091,40.0344965],[116.5759563,40.0344265],[116.5738436,40.0342486],[116.5731382,40.0341742],[116.5725762,40.0340806],[116.5721039,40.0339703],[116.5716646,40.0338566],[116.5713445,40.0337582],[116.5708046,40.0335672],[116.5702032,40.0333272],[116.5682393,40.0325404],[116.5664681,40.0318112],[116.565418,40.0314031],[116.5639698,40.0308147],[116.5636649,40.0306969],[116.5633731,40.0305929],[116.5630498,40.0304917],[116.5626537,40.0303916],[116.5623023,40.0303139],[116.5618734,40.0302236],[116.5615073,40.0301602],[116.5611051,40.0301018],[116.5606978,40.0300579],[116.5601749,40.030008],[116.5586684,40.0298702],[116.5582622,40.0298163],[116.5579428,40.0297736],[116.5576196,40.0297071],[116.5572201,40.0296244],[116.5568222,40.0295213],[116.5563738,40.0293886],[116.5559325,40.0292471],[116.5482332,40.0264996],[116.5473135,40.0261842],[116.5441305,40.025056],[116.5394286,40.0233541],[116.5363262,40.0222373],[116.5336055,40.021255],[116.5304363,40.020131],[116.529444,40.0197678],[116.5261037,40.0185868],[116.5256185,40.018396],[116.5227519,40.0173539],[116.5219379,40.0170906],[116.5208266,40.0166849],[116.5181434,40.0157641],[116.5177519,40.0156415],[116.5172436,40.0155015],[116.5109938,40.0133719],[116.5104974,40.0130635],[116.5074994,40.0103574],[116.5071841,40.0100667],[116.506572,40.0095221],[116.5056866,40.0087418],[116.5050393,40.00817],[116.5010853,40.0046916],[116.4985926,40.002429],[116.4982589,40.0021313],[116.497506,40.0014478],[116.4961434,40.0001804],[116.4930847,39.9971926],[116.491738,39.9960084],[116.4912323,39.9955891],[116.4890645,39.9937554],[116.4871888,39.9921926],[116.4853525,39.9905681],[116.4768427,39.9829583],[116.4684602,39.9753545],[116.4665909,39.9736268],[116.4653918,39.9724868],[116.4627345,39.9698672],[116.4604607,39.9680008],[116.4593665,39.967066],[116.4587491,39.9665259],[116.4569464,39.9649461],[116.4556266,39.9636858],[116.4540616,39.9622511],[116.4536763,39.9619363],[116.4512254,39.9603934],[116.4508247,39.9600385],[116.450431,39.9596899],[116.449442,39.9586045],[116.4462085,39.9545038],[116.4329093,39.9427236],[116.4325507,39.9423763],[116.4324265,39.9421329],[116.4323807,39.9418987],[116.4324323,39.9407187],[116.4322984,39.9403804],[116.4319823,39.94014],[116.431361,39.9400287],[116.4310463,39.9400263],[116.4295165,39.9400152],[116.4267321,39.9399936],[116.4127074,39.9396944],[116.4119341,39.9396779]]},"properties":{"line_key":"CapitalAirport","name":"首都机场线","name_zh":"首都机场线","name_en":"Subway Airport Express: Beixinqiao → Terminal 2","ref":"L1","osm_relation":2062998,"osm_name":"地铁 首都机场线: 北新桥 → 2号航站楼","station_count":5,"way_count":21,"note":"direction 北新桥->T2 (includes Terminal 3)","coord_system":"WGS84 (EPSG:4326)"}},{"type":"Feature","geometry":{"type":"LineString","coordinates":[[116.1977587,39.992778],[116.1983825,39.9928167],[116.1989607,39.9928435],[116.1992,39.992856],[116.2004619,39.9928777],[116.2013823,39.992873],[116.2018063,39.9928434],[116.2021085,39.9928011],[116.2028096,39.992711],[116.2032025,39.9926779],[116.2035021,39.9926521],[116.2036328,39.9926466],[116.2037824,39.9926402],[116.2042032,39.9926099],[116.2048537,39.9925431],[116.2055562,39.9924568],[116.2062737,39.9924165],[116.2087654,39.9923119],[116.2095058,39.9922814],[116.2098729,39.9922847],[116.2102136,39.9923077],[116.2105561,39.9923329],[116.211175,39.9923669],[116.2118474,39.9923385],[116.2133333,39.9921391],[116.2136369,39.9920495],[116.2141433,39.9918186],[116.2148568,39.9914672],[116.2163722,39.9907007],[116.2172142,39.9897178],[116.2174108,39.9894586],[116.2180961,39.988693],[116.2185495,39.9882581],[116.2189664,39.987877],[116.2194303,39.987502],[116.2199262,39.9871229],[116.2218118,39.9857963],[116.2231395,39.9848027],[116.2248236,39.9835966],[116.2257502,39.9829321],[116.2260949,39.982684],[116.2264629,39.9824258],[116.2267799,39.9821895],[116.2269482,39.9820549],[116.22766,39.98156],[116.2284502,39.9809759],[116.2285805,39.9808783],[116.2298316,39.97994],[116.2301695,39.9796646],[116.2302712,39.9796151],[116.2303507,39.9795824],[116.230424,39.9795541],[116.2304908,39.9795308],[116.2306249,39.9794947],[116.2307391,39.979468],[116.2309158,39.9794233],[116.2313846,39.9793173],[116.2316126,39.9792905],[116.2320802,39.979245],[116.2327063,39.9792186],[116.2330931,39.9792433],[116.2335572,39.9792905],[116.2340319,39.9793707],[116.2345308,39.9795289],[116.236242,39.9801168],[116.2365328,39.9802114],[116.2370602,39.9803839],[116.2376127,39.9805237],[116.2380418,39.9806162],[116.2384978,39.9806717],[116.2390074,39.9806861],[116.239922,39.9806614],[116.2405121,39.980682],[116.2409949,39.9807251],[116.2414121,39.9808027],[116.2415743,39.9808258],[116.2417753,39.9808608],[116.2424943,39.9809862],[116.2432301,39.9811115],[116.2433202,39.9811315],[116.2434146,39.981153],[116.2434777,39.9811685],[116.2435657,39.9811933],[116.2436477,39.9812168],[116.2437335,39.9812472],[116.2442726,39.9814219],[116.2451845,39.9817322],[116.24556,39.9818124],[116.245776,39.9818021],[116.2459919,39.9817918],[116.2465095,39.9816829],[116.247443,39.9813869],[116.248312,39.9811485],[116.2496209,39.9809923],[116.2505543,39.9810581],[116.2512302,39.9811896],[116.2518123,39.9813294],[116.2523621,39.9815431],[116.2527671,39.9817589],[116.2531856,39.9820158],[116.253427,39.9822049],[116.2536845,39.9824557],[116.2540412,39.9828256],[116.2544972,39.9833435],[116.2546986,39.9835505],[116.2548351,39.9836908],[116.2551007,39.9839498],[116.2557279,39.9844717],[116.2557873,39.9845211],[116.2558919,39.9846033],[116.2560099,39.9846609],[116.2561414,39.9847061],[116.2562728,39.9847225],[116.2563908,39.9847287],[116.2565678,39.9847081],[116.2567589,39.9846512],[116.256828,39.9846258],[116.2571696,39.9844934],[116.2576701,39.9842975],[116.2577453,39.9842663],[116.2583113,39.9840361],[116.2587029,39.9838265],[116.2590435,39.9836251],[116.2595183,39.9833188],[116.259782,39.9831236],[116.2603095,39.982729],[116.2604477,39.9826227],[116.2608382,39.9823154],[116.2613846,39.9818812],[116.2619899,39.9814659],[116.2626274,39.9809617],[116.2635503,39.9801803],[116.2647834,39.9792124],[116.2652072,39.9789843],[116.2655961,39.978863],[116.2660253,39.9787829],[116.2663873,39.9787714],[116.2664772,39.9787686],[116.2665989,39.9787647],[116.2666744,39.9787603],[116.2671223,39.9787849],[116.268096,39.9788425],[116.2686646,39.978863],[116.2688583,39.9788542],[116.2690696,39.9788445],[116.2697494,39.9787443],[116.2724123,39.9780772],[116.2726099,39.9780195],[116.2727903,39.9779679],[116.2729858,39.9779073],[116.2731955,39.9778404],[116.273368,39.9777816],[116.2735106,39.9777282],[116.2736675,39.9776659],[116.2738256,39.977603],[116.2739951,39.9775295],[116.2754869,39.9767001],[116.2801996,39.9742059],[116.2805497,39.9738939],[116.2810474,39.9732178],[116.2814862,39.9727839],[116.2816733,39.9726778],[116.2818359,39.972606],[116.2818972,39.9725804],[116.2819789,39.9725607],[116.2820385,39.9725512],[116.2821339,39.9725461],[116.2821971,39.9725483],[116.2822603,39.9725557],[116.2823216,39.9725652],[116.2824035,39.9725819],[116.2830016,39.9727184],[116.2843029,39.9730187],[116.284482,39.9730402],[116.2846498,39.9730471],[116.284842,39.9730683],[116.2851405,39.9731371],[116.2857086,39.9732791],[116.2861485,39.9733906]]},"properties":{"line_key":"Xijiao","name":"西郊线","name_zh":"西郊线","name_en":null,"ref":"西郊","osm_relation":8008876,"osm_name":"轻轨 西郊线: 巴沟 → 香山","station_count":6,"way_count":18,"note":"light rail (extra)","coord_system":"WGS84 (EPSG:4326)"}},{"type":"Feature","geometry":{"type":"LineString","coordinates":[[116.3595405,39.811171],[116.3596347,39.8106367],[116.3596766,39.8103334],[116.3600764,39.8077858],[116.360048,39.8066569],[116.359642,39.8057438],[116.3588539,39.8048749],[116.3575435,39.8041001],[116.3560859,39.8037261],[116.3543856,39.8034526],[116.3506869,39.8031454],[116.3492789,39.8030932],[116.3490594,39.8030932],[116.3484572,39.8031117],[116.3480558,39.8031325],[116.3474636,39.8031609],[116.3466142,39.8032095],[116.3438879,39.8033728],[116.3433785,39.8033923],[116.3426541,39.803396],[116.3420021,39.8033646],[116.3397251,39.8032469],[116.3388361,39.8032341],[116.3376591,39.8032915],[116.3360196,39.8034828],[116.3356227,39.803514],[116.3351253,39.8035185],[116.3346903,39.8034933],[116.3342448,39.8034367],[116.3338444,39.8033669],[116.3334051,39.8032554],[116.3330126,39.8031306],[116.3325852,39.8029568],[116.3321928,39.8027578],[116.3236998,39.7974769],[116.3233807,39.797258],[116.3231667,39.7970758],[116.3229631,39.7968795],[116.3227604,39.7966499],[116.322572,39.7964108],[116.3224258,39.7961725],[116.3223084,39.7959585],[116.3222284,39.7957684],[116.3221457,39.79553],[116.322074,39.7952653],[116.322028,39.794951],[116.3220313,39.7945054],[116.3220686,39.7940822],[116.322573,39.7894953],[116.3226296,39.7889807],[116.3227016,39.7883955],[116.3227752,39.7877974],[116.3234122,39.7818084],[116.3235282,39.7811464],[116.3240514,39.7789173],[116.3243876,39.7751063],[116.3244338,39.774583],[116.3245724,39.7730349],[116.3247109,39.7714873],[116.3257222,39.7631568],[116.3257839,39.7622938],[116.3258449,39.7614401],[116.3260374,39.7558942],[116.3261449,39.7527959],[116.3261527,39.7518048],[116.3261573,39.7502541],[116.3263684,39.741756],[116.3264052,39.739475],[116.3265479,39.7304217],[116.3266885,39.7215003],[116.3266865,39.720951],[116.3266432,39.7206041],[116.3265681,39.7202617],[116.3263589,39.7198841],[116.3260612,39.7195416],[116.3256374,39.7192115],[116.3248772,39.7187637],[116.3241901,39.7184215],[116.3234999,39.7182244],[116.3204783,39.7178017],[116.3167483,39.7173367],[116.3160243,39.7172464],[116.3148207,39.7169884],[116.3136811,39.7164923],[116.312777,39.7158361],[116.3123808,39.7150466],[116.3122959,39.7143052],[116.3123923,39.7136844],[116.3126139,39.7128267],[116.3127348,39.7124135],[116.3130547,39.7111088],[116.3131938,39.7103383],[116.3151449,39.7065482],[116.3162401,39.7002727],[116.3157193,39.6851244],[116.3157002,39.6835361],[116.3155723,39.6826647],[116.314078,39.6771643],[116.3139399,39.6689922],[116.3139051,39.667829]]},"properties":{"line_key":"Daxing","name":"大兴线","name_zh":"大兴线","name_en":"Subway Daxing Line: Tiangongyuan -> Xingong","ref":"4S","osm_relation":2684710,"osm_name":"地铁 大兴线: 天宫院 -> 新宫","station_count":11,"way_count":3,"note":"branch of line 4 (extra)","coord_system":"WGS84 (EPSG:4326)"}}]}