{"type":"FeatureCollection","metadata":{"name":"Beijing Subway lines and stations","source":"OpenStreetMap via Overpass API","source_url":"https://overpass.openstreetmap.fr/api/interpreter (Overpass API, OSM data)","osm_copyright":"© OpenStreetMap contributors","license":"Open Database License (ODbL) 1.0","coord_system":"GCJ-02 (Mars, derived from WGS84 via the standard eviltransform algorithm)","line_count":29,"station_complex_count":410,"stop_count":553,"note":"Derived by coordinate transform, not an independent source."},"features":[{"type":"Feature","geometry":{"type":"Point","coordinates":[116.2942152,39.866481]},"properties":{"name":"七里庄","name_zh":"七里庄","name_en":"Qilizhuang","aliases":["七里庄","Qilizhuang"],"lines":["14","9"],"line_names":["9号线","14号线"],"osm_station_ids":["node/3367038996"],"coord_system":"GCJ-02"}},{"type":"Feature","geometry":{"type":"Point","coordinates":[116.2320657,39.9839614]},"properties":{"name":"万安","name_zh":"万安","name_en":"Wan'an","aliases":["万安","Wan'an"],"lines":["Xijiao"],"line_names":["西郊线"],"osm_station_ids":["node/5621379392"],"coord_system":"GCJ-02"}},{"type":"Feature","geometry":{"type":"Point","coordinates":[116.3093777,39.9484082]},"properties":{"name":"万寿寺","name_zh":"万寿寺","name_en":"Wanshousi","aliases":["万寿寺","Wanshousi"],"lines":["16"],"line_names":["16号线"],"osm_station_ids":["node/4564112842"],"coord_system":"GCJ-02"}},{"type":"Feature","geometry":{"type":"Point","coordinates":[116.2948261,39.9074595]},"properties":{"name":"万寿路","name_zh":"万寿路","name_en":"Wanshoulu","aliases":["万寿路","Wanshoulu"],"lines":["1"],"line_names":["1号线"],"osm_station_ids":["node/6617849504"],"coord_system":"GCJ-02"}},{"type":"Feature","geometry":{"type":"Point","coordinates":[116.3003378,39.9851731]},"properties":{"name":"万泉河桥","name_zh":"万泉河桥","name_en":"Wanquanhe Qiao","aliases":["万泉河桥","Wanquanhe Qiao"],"lines":["16"],"line_names":["16号线"],"osm_station_ids":["node/4564112855"],"coord_system":"GCJ-02"}},{"type":"Feature","geometry":{"type":"Point","coordinates":[116.5055288,39.802978]},"properties":{"name":"万源街","name_zh":"万源街","name_en":"Wanyuanjie","aliases":["万源街","Wanyuanjie"],"lines":["Yizhuang"],"line_names":["亦庄线"],"osm_station_ids":["node/5444694219"],"coord_system":"GCJ-02"}},{"type":"Feature","geometry":{"type":"Point","coordinates":[116.6567696,39.8634281]},"properties":{"name":"万盛东","name_zh":"万盛东","name_en":"Wansheng East","aliases":["万盛东","Wansheng East"],"lines":["7"],"line_names":["7号线"],"osm_station_ids":["way/691433579"],"coord_system":"GCJ-02"}},{"type":"Feature","geometry":{"type":"Point","coordinates":[116.6325177,39.8634949]},"properties":{"name":"万盛西","name_zh":"万盛西","name_en":"Wansheng West","aliases":["万盛西","Wansheng West"],"lines":["7"],"line_names":["7号线"],"osm_station_ids":["node/6930098570"],"coord_system":"GCJ-02"}},{"type":"Feature","geometry":{"type":"Point","coordinates":[116.45766,39.9610597]},"properties":{"name":"三元桥","name_zh":"三元桥","name_en":"Sanyuanqiao","aliases":["三元桥","Sanyuanqiao"],"lines":["10","12","CapitalAirport"],"line_names":["10号线","12号线","首都机场线"],"osm_station_ids":["node/5441521553"],"coord_system":"GCJ-02"}},{"type":"Feature","geometry":{"type":"Point","coordinates":[116.3202024,40.0330548]},"properties":{"name":"上地","name_zh":"上地","name_en":"Shangdi","aliases":["上地","Shangdi"],"lines":["13"],"line_names":["13号线"],"osm_station_ids":["node/6617852359"],"coord_system":"GCJ-02"}},{"type":"Feature","geometry":{"type":"Point","coordinates":[116.2866272,40.0447764]},"properties":{"name":"上地软件园","name_zh":"上地软件园","name_en":"Shangdi Software Park","aliases":["上地软件园","Shangdi Software Park"],"lines":["18"],"line_names":["18号线"],"osm_station_ids":["node/13410014896"],"coord_system":"GCJ-02"}},{"type":"Feature","geometry":{"type":"Point","coordinates":[116.1222174,39.9050434]},"properties":{"name":"上岸","name_zh":"上岸","name_en":"Shang'an","aliases":["上岸","Shang'an"],"lines":["S1"],"line_names":["S1线"],"osm_station_ids":["node/4564208727"],"coord_system":"GCJ-02"}},{"type":"Feature","geometry":{"type":"Point","coordinates":[116.2947947,40.0530849]},"properties":{"name":"东北旺","name_zh":"东北旺","name_en":"Dongbeiwang","aliases":["东北旺","Dongbeiwang"],"lines":["18"],"line_names":["18号线"],"osm_station_ids":["node/13410014897"],"coord_system":"GCJ-02"}},{"type":"Feature","geometry":{"type":"Point","coordinates":[116.418866,39.9082596]},"properties":{"name":"东单","name_zh":"东单","name_en":"Dongdan","aliases":["东单","Dongdan"],"lines":["1","5"],"line_names":["1号线","5号线"],"osm_station_ids":["node/5430429324"],"coord_system":"GCJ-02"}},{"type":"Feature","geometry":{"type":"Point","coordinates":[116.4171945,39.92445]},"properties":{"name":"东四","name_zh":"东四","name_en":"Dongsi","aliases":["东四","Dongsi"],"lines":["5","6"],"line_names":["5号线","6号线"],"osm_station_ids":["node/5305505990","way/121375734"],"coord_system":"GCJ-02"}},{"type":"Feature","geometry":{"type":"Point","coordinates":[116.4342334,39.9336776]},"properties":{"name":"东四十条","name_zh":"东四十条","name_en":"Dongsi Shitiao","aliases":["东四十条","Dongsi Shitiao"],"lines":["2","3"],"line_names":["2号线","3号线"],"osm_station_ids":["node/6497754454"],"coord_system":"GCJ-02"}},{"type":"Feature","geometry":{"type":"Point","coordinates":[116.5472289,39.9657543]},"properties":{"name":"东坝","name_zh":"东坝","name_en":"Dongba","aliases":["东坝","Dongba"],"lines":["3"],"line_names":["3号线"],"osm_station_ids":["node/12417931584"],"coord_system":"GCJ-02"}},{"type":"Feature","geometry":{"type":"Point","coordinates":[116.5578135,39.9756913]},"properties":{"name":"东坝北","name_zh":"东坝北","name_en":"Dongbabei","aliases":["东坝北","Dongbabei"],"lines":["12","3"],"line_names":["3号线","12号线"],"osm_station_ids":["node/10671369627"],"coord_system":"GCJ-02"}},{"type":"Feature","geometry":{"type":"Point","coordinates":[116.546993,39.9518969]},"properties":{"name":"东坝南","name_zh":"东坝南","name_en":"Dongbanan","aliases":["东坝南","Dongbanan"],"lines":["3"],"line_names":["3号线"],"osm_station_ids":["node/12417931579"],"coord_system":"GCJ-02"}},{"type":"Feature","geometry":{"type":"Point","coordinates":[116.5342676,39.9744783]},"properties":{"name":"东坝西","name_zh":"东坝西","name_en":"Dongbaxi","aliases":["东坝西","Dongbaxi"],"lines":["12"],"line_names":["12号线"],"osm_station_ids":["node/12423757161"],"coord_system":"GCJ-02"}},{"type":"Feature","geometry":{"type":"Point","coordinates":[116.7333045,39.9034282]},"properties":{"name":"东夏园","name_zh":"东夏园","name_en":"Dongxiayuan","aliases":["东夏园","Dongxiayuan"],"lines":["6"],"line_names":["6号线"],"osm_station_ids":["node/5428312459"],"coord_system":"GCJ-02"}},{"type":"Feature","geometry":{"type":"Point","coordinates":[116.4510789,39.9229261]},"properties":{"name":"东大桥","name_zh":"东大桥","name_en":"Dongdaqiao","aliases":["东大桥","Dongdaqiao"],"lines":["17","6"],"line_names":["6号线","17号线"],"osm_station_ids":["node/13417518487","node/7896877680"],"coord_system":"GCJ-02"}},{"type":"Feature","geometry":{"type":"Point","coordinates":[116.4673144,40.0104611]},"properties":{"name":"东湖渠","name_zh":"东湖渠","name_en":"Donghuqu","aliases":["东湖渠","Donghuqu"],"lines":["14"],"line_names":["14号线"],"osm_station_ids":["node/3369356928"],"coord_system":"GCJ-02"}},{"type":"Feature","geometry":{"type":"Point","coordinates":[116.4348048,39.9418546]},"properties":{"name":"东直门","name_zh":"东直门","name_en":"Dongzhimen","aliases":["东直门","Dongzhimen"],"lines":["13","2","CapitalAirport"],"line_names":["2号线","13号线","首都机场线"],"osm_station_ids":["node/10655378373","node/10655378374","node/10655378375"],"coord_system":"GCJ-02"}},{"type":"Feature","geometry":{"type":"Point","coordinates":[116.3205348,39.8674]},"properties":{"name":"东管头","name_zh":"东管头","name_en":"Dongguantou","aliases":["东管头","Dongguantou"],"lines":["14"],"line_names":["14号线"],"osm_station_ids":["node/3367069254"],"coord_system":"GCJ-02"}},{"type":"Feature","geometry":{"type":"Point","coordinates":[116.3228723,39.855248]},"properties":{"name":"东管头南","name_zh":"东管头南","name_en":"Dongguantou South","aliases":["东管头南","Dongguantou South"],"lines":["16","Fangshan"],"line_names":["16号线","房山线"],"osm_station_ids":["node/8277164642","way/890562439"],"coord_system":"GCJ-02"}},{"type":"Feature","geometry":{"type":"Point","coordinates":[116.4850604,39.959588]},"properties":{"name":"东风北桥","name_zh":"东风北桥","name_en":"Dongfeng Beiqiao","aliases":["东风北桥","Dongfeng Beiqiao"],"lines":["14"],"line_names":["14号线"],"osm_station_ids":["node/3369001427"],"coord_system":"GCJ-02"}},{"type":"Feature","geometry":{"type":"Point","coordinates":[116.4092986,39.8051766]},"properties":{"name":"东高地","name_zh":"东高地","name_en":"Donggao Di","aliases":["东高地","Donggao Di"],"lines":["8"],"line_names":["8号线"],"osm_station_ids":["node/6172173705"],"coord_system":"GCJ-02"}},{"type":"Feature","geometry":{"type":"Point","coordinates":[116.3164827,39.9839387]},"properties":{"name":"中关村","name_zh":"中关村","name_en":"Zhongguancun","aliases":["中关村","Zhongguancun"],"lines":["4"],"line_names":["4号线"],"osm_station_ids":["node/7861046851"],"coord_system":"GCJ-02"}},{"type":"Feature","geometry":{"type":"Point","coordinates":[116.4107902,39.9250333]},"properties":{"name":"中国美术馆","name_zh":"中国美术馆","name_en":"National Art Museum","aliases":["中国美术馆","National Art Museum"],"lines":["8"],"line_names":["8号线"],"osm_station_ids":["node/6172173744"],"coord_system":"GCJ-02"}},{"type":"Feature","geometry":{"type":"Point","coordinates":[116.293833,39.8554118]},"properties":{"name":"丰台东大街","name_zh":"丰台东大街","name_en":"Fengtai Dongdajie","aliases":["丰台东大街","Fengtai Dongdajie"],"lines":["9"],"line_names":["9号线"],"osm_station_ids":["node/7860304589"],"coord_system":"GCJ-02"}},{"type":"Feature","geometry":{"type":"Point","coordinates":[116.2967171,39.8408377]},"properties":{"name":"丰台南路","name_zh":"丰台南路","name_en":"Fengtai Nanlu","aliases":["丰台南路","Fengtai Nanlu"],"lines":["16","9"],"line_names":["9号线","16号线"],"osm_station_ids":["node/7780780502"],"coord_system":"GCJ-02"}},{"type":"Feature","geometry":{"type":"Point","coordinates":[116.2972971,39.8251563]},"properties":{"name":"丰台科技园","name_zh":"丰台科技园","name_en":"Fengtai Science Park","aliases":["丰台科技园","Fengtai Science Park"],"lines":["9"],"line_names":["9号线"],"osm_station_ids":["node/7860304588"],"coord_system":"GCJ-02"}},{"type":"Feature","geometry":{"type":"Point","coordinates":[116.3031319,39.8502652]},"properties":{"name":"丰台站","name_zh":"丰台站","name_en":null,"aliases":["丰台站"],"lines":["10","16"],"line_names":["10号线","16号线"],"osm_station_ids":["way/891180457","way/891180458"],"coord_system":"GCJ-02"}},{"type":"Feature","geometry":{"type":"Point","coordinates":[116.6787856,39.8754258]},"properties":{"name":"临河里","name_zh":"临河里","name_en":"Linheli","aliases":["临河里","Linheli"],"lines":["1","Batong"],"line_names":["1号线","八通线"],"osm_station_ids":["node/8073325260"],"coord_system":"GCJ-02"}},{"type":"Feature","geometry":{"type":"Point","coordinates":[116.331726,39.8675807]},"properties":{"name":"丽泽商务区","name_zh":"丽泽商务区","name_en":"Lize Business District","aliases":["丽泽商务区","Lize Business District"],"lines":["14","16"],"line_names":["14号线","16号线"],"osm_station_ids":["node/3367069255"],"coord_system":"GCJ-02"}},{"type":"Feature","geometry":{"type":"Point","coordinates":[116.3190943,39.7123717]},"properties":{"name":"义和庄","name_zh":"义和庄","name_en":"Yihezhuang","aliases":["义和庄","Yihezhuang"],"lines":["4","Daxing"],"line_names":["4号线","大兴线"],"osm_station_ids":["node/7860703076"],"coord_system":"GCJ-02"}},{"type":"Feature","geometry":{"type":"Point","coordinates":[116.6574923,39.8902575]},"properties":{"name":"九棵树","name_zh":"九棵树","name_en":"Jiukeshu","aliases":["九棵树","Jiukeshu"],"lines":["1","Batong"],"line_names":["1号线","八通线"],"osm_station_ids":["node/8073325261"],"coord_system":"GCJ-02"}},{"type":"Feature","geometry":{"type":"Point","coordinates":[116.477794,39.8934112]},"properties":{"name":"九龙山","name_zh":"九龙山","name_en":"Jiulongshan","aliases":["九龙山","Jiulongshan"],"lines":["14","7"],"line_names":["7号线","14号线"],"osm_station_ids":["node/3369001428"],"coord_system":"GCJ-02"}},{"type":"Feature","geometry":{"type":"Point","coordinates":[116.3337134,39.9323836]},"properties":{"name":"二里沟","name_zh":"二里沟","name_en":"Erligou","aliases":["二里沟","Erligou"],"lines":["16","6"],"line_names":["6号线","16号线"],"osm_station_ids":["node/9380308680"],"coord_system":"GCJ-02"}},{"type":"Feature","geometry":{"type":"Point","coordinates":[116.274066,39.9074435]},"properties":{"name":"五棵松","name_zh":"五棵松","name_en":"Wukesong","aliases":["五棵松","Wukesong"],"lines":["1"],"line_names":["1号线"],"osm_station_ids":["node/6617849505"],"coord_system":"GCJ-02"}},{"type":"Feature","geometry":{"type":"Point","coordinates":[116.4236311,39.7851589]},"properties":{"name":"五福堂","name_zh":"五福堂","name_en":"Wufu Tang","aliases":["五福堂","Wufu Tang"],"lines":["8"],"line_names":["8号线"],"osm_station_ids":["node/6172173707"],"coord_system":"GCJ-02"}},{"type":"Feature","geometry":{"type":"Point","coordinates":[116.3378546,39.9927997]},"properties":{"name":"五道口","name_zh":"五道口","name_en":"Wudaokou","aliases":["五道口","Wudaokou"],"lines":["13"],"line_names":["13号线"],"osm_station_ids":["node/5442237543"],"coord_system":"GCJ-02"}},{"type":"Feature","geometry":{"type":"Point","coordinates":[116.4906731,39.8068895]},"properties":{"name":"亦庄文化园","name_zh":"亦庄文化园","name_en":"Yizhuang Culture Park","aliases":["亦庄文化园","Yizhuang Culture Park"],"lines":["Yizhuang"],"line_names":["亦庄线"],"osm_station_ids":["node/5444691512"],"coord_system":"GCJ-02"}},{"type":"Feature","geometry":{"type":"Point","coordinates":[116.4803561,39.8030339]},"properties":{"name":"亦庄桥","name_zh":"亦庄桥","name_en":"Yizhuangqiao","aliases":["亦庄桥","Yizhuangqiao"],"lines":["Yizhuang"],"line_names":["亦庄线"],"osm_station_ids":["node/8073260826"],"coord_system":"GCJ-02"}},{"type":"Feature","geometry":{"type":"Point","coordinates":[116.6018553,39.8126001]},"properties":{"name":"亦庄火车站","name_zh":"亦庄火车站","name_en":"Yizhuang Railway Station","aliases":["亦庄火车站","Yizhuang Railway Station"],"lines":["Yizhuang"],"line_names":["亦庄线"],"osm_station_ids":["node/8073260829"],"coord_system":"GCJ-02"}},{"type":"Feature","geometry":{"type":"Point","coordinates":[116.4624361,39.9495996]},"properties":{"name":"亮马桥","name_zh":"亮马桥","name_en":"Liangmaqiao","aliases":["亮马桥","Liangmaqiao"],"lines":["10"],"line_names":["10号线"],"osm_station_ids":["node/5448569279"],"coord_system":"GCJ-02"}},{"type":"Feature","geometry":{"type":"Point","coordinates":[116.321842,39.9670344]},"properties":{"name":"人民大学","name_zh":"人民大学","name_en":"Renmin University","aliases":["人民大学","Renmin University"],"lines":["12","4"],"line_names":["4号线","12号线"],"osm_station_ids":["node/7861046852"],"coord_system":"GCJ-02"}},{"type":"Feature","geometry":{"type":"Point","coordinates":[116.3963088,39.9373546]},"properties":{"name":"什刹海","name_zh":"什刹海","name_en":"Shichahai","aliases":["什刹海","Shichahai"],"lines":["8"],"line_names":["8号线"],"osm_station_ids":["node/5305505993"],"coord_system":"GCJ-02"}},{"type":"Feature","geometry":{"type":"Point","coordinates":[116.5546794,39.9091328]},"properties":{"name":"传媒大学","name_zh":"传媒大学","name_en":"Communication University of China","aliases":["传媒大学","Communication University of China"],"lines":["1","Batong"],"line_names":["1号线","八通线"],"osm_station_ids":["node/5444680534"],"coord_system":"GCJ-02"}},{"type":"Feature","geometry":{"type":"Point","coordinates":[116.684954,40.1325361]},"properties":{"name":"俸伯","name_zh":"俸伯","name_en":"Fengbo","aliases":["俸伯","Fengbo"],"lines":["15"],"line_names":["15号线"],"osm_station_ids":["node/5444733365"],"coord_system":"GCJ-02"}},{"type":"Feature","geometry":{"type":"Point","coordinates":[116.3810004,39.9764767]},"properties":{"name":"健德门","name_zh":"健德门","name_en":"Jiandemen","aliases":["健德门","Jiandemen"],"lines":["10"],"line_names":["10号线"],"osm_station_ids":["node/5447625351"],"coord_system":"GCJ-02"}},{"type":"Feature","geometry":{"type":"Point","coordinates":[116.4311863,39.9689223]},"properties":{"name":"光熙门","name_zh":"光熙门","name_en":"Guangximen","aliases":["光熙门","Guangximen"],"lines":["12","13"],"line_names":["12号线","13号线"],"osm_station_ids":["node/12435251104","node/6617852357"],"coord_system":"GCJ-02"}},{"type":"Feature","geometry":{"type":"Point","coordinates":[116.2357248,39.9074117]},"properties":{"name":"八宝山","name_zh":"八宝山","name_en":"Babaoshan","aliases":["八宝山","Babaoshan"],"lines":["1"],"line_names":["1号线"],"osm_station_ids":["node/6617849507"],"coord_system":"GCJ-02"}},{"type":"Feature","geometry":{"type":"Point","coordinates":[116.6185006,39.9060953]},"properties":{"name":"八里桥","name_zh":"八里桥","name_en":"Baliqiao","aliases":["八里桥","Baliqiao"],"lines":["1","Batong"],"line_names":["1号线","八通线"],"osm_station_ids":["node/5442190079"],"coord_system":"GCJ-02"}},{"type":"Feature","geometry":{"type":"Point","coordinates":[116.3102069,39.9074434]},"properties":{"name":"公主坟","name_zh":"公主坟","name_en":"Gongzhufen","aliases":["公主坟","Gongzhufen"],"lines":["1","10"],"line_names":["1号线","10号线"],"osm_station_ids":["node/5430421400"],"coord_system":"GCJ-02"}},{"type":"Feature","geometry":{"type":"Point","coordinates":[116.3708731,39.8366348]},"properties":{"name":"公益西桥","name_zh":"公益西桥","name_en":"Gongyixiqiao","aliases":["公益西桥","Gongyixiqiao"],"lines":["4"],"line_names":["4号线"],"osm_station_ids":["node/5430444271"],"coord_system":"GCJ-02"}},{"type":"Feature","geometry":{"type":"Point","coordinates":[116.3528303,40.0010159]},"properties":{"name":"六道口","name_zh":"六道口","name_en":"Liudaokou","aliases":["六道口","Liudaokou"],"lines":["15","Changping"],"line_names":["15号线","昌平线"],"osm_station_ids":["node/5687426566"],"coord_system":"GCJ-02"}},{"type":"Feature","geometry":{"type":"Point","coordinates":[116.3029643,39.8799403]},"properties":{"name":"六里桥","name_zh":"六里桥","name_en":"Liuliqiao","aliases":["六里桥","Liuliqiao"],"lines":["10","9"],"line_names":["9号线","10号线"],"osm_station_ids":["node/5430454140"],"coord_system":"GCJ-02"}},{"type":"Feature","geometry":{"type":"Point","coordinates":[116.3148965,39.8869887]},"properties":{"name":"六里桥东","name_zh":"六里桥东","name_en":"Liuliqiao East","aliases":["六里桥东","Liuliqiao East"],"lines":["9"],"line_names":["9号线"],"osm_station_ids":["node/7860304590"],"coord_system":"GCJ-02"}},{"type":"Feature","geometry":{"type":"Point","coordinates":[116.4312978,40.0011459]},"properties":{"name":"关庄","name_zh":"关庄","name_en":"Guanzhuang","aliases":["关庄","Guanzhuang"],"lines":["15"],"line_names":["15号线"],"osm_station_ids":["node/3379245685"],"coord_system":"GCJ-02"}},{"type":"Feature","geometry":{"type":"Point","coordinates":[116.3226583,39.907431]},"properties":{"name":"军事博物馆","name_zh":"军事博物馆","name_en":"Military Museum","aliases":["军事博物馆","Military Museum"],"lines":["1","9"],"line_names":["1号线","9号线"],"osm_station_ids":["node/12438117726","node/5430417411"],"coord_system":"GCJ-02"}},{"type":"Feature","geometry":{"type":"Point","coordinates":[116.4624527,39.9414714]},"properties":{"name":"农业展览馆","name_zh":"农业展览馆","name_en":"Agricultural Exhibition Center","aliases":["农业展览馆","Agricultural Exhibition Center"],"lines":["10"],"line_names":["10号线"],"osm_station_ids":["node/5448567458"],"coord_system":"GCJ-02"}},{"type":"Feature","geometry":{"type":"Point","coordinates":[116.2830821,40.0196775]},"properties":{"name":"农大南路","name_zh":"农大南路","name_en":"Nongda Nanlu","aliases":["农大南路","Nongda Nanlu"],"lines":["16"],"line_names":["16号线"],"osm_station_ids":["node/4564112873"],"coord_system":"GCJ-02"}},{"type":"Feature","geometry":{"type":"Point","coordinates":[116.4537644,39.8519713]},"properties":{"name":"分钟寺","name_zh":"分钟寺","name_en":"Fenzhongsi","aliases":["分钟寺","Fenzhongsi"],"lines":["10"],"line_names":["10号线"],"osm_station_ids":["node/5372350033"],"coord_system":"GCJ-02"}},{"type":"Feature","geometry":{"type":"Point","coordinates":[116.4218387,39.8574721]},"properties":{"name":"刘家窑","name_zh":"刘家窑","name_en":"Liujiayao","aliases":["刘家窑","Liujiayao"],"lines":["5"],"line_names":["5号线"],"osm_station_ids":["node/5441507804"],"coord_system":"GCJ-02"}},{"type":"Feature","geometry":{"type":"Point","coordinates":[116.3991824,39.899683]},"properties":{"name":"前门","name_zh":"前门","name_en":"Qianmen","aliases":["前门","Qianmen"],"lines":["2","8"],"line_names":["2号线","8号线"],"osm_station_ids":["node/6724644886"],"coord_system":"GCJ-02"}},{"type":"Feature","geometry":{"type":"Point","coordinates":[116.3388814,39.9382608]},"properties":{"name":"动物园","name_zh":"动物园","name_en":"Beijing Zoo","aliases":["动物园","Beijing Zoo"],"lines":["4"],"line_names":["4号线"],"osm_station_ids":["node/5429399341"],"coord_system":"GCJ-02"}},{"type":"Feature","geometry":{"type":"Point","coordinates":[116.4612765,39.8844086]},"properties":{"name":"劲松","name_zh":"劲松","name_en":"Jinsong","aliases":["劲松","Jinsong"],"lines":["10"],"line_names":["10号线"],"osm_station_ids":["node/5430390389"],"coord_system":"GCJ-02"}},{"type":"Feature","geometry":{"type":"Point","coordinates":[116.5035303,39.8852344]},"properties":{"name":"化工","name_zh":"化工","name_en":"Huagong","aliases":["化工","Huagong"],"lines":["7"],"line_names":["7号线"],"osm_station_ids":["node/3369459831"],"coord_system":"GCJ-02"}},{"type":"Feature","geometry":{"type":"Point","coordinates":[116.3787935,39.8649024]},"properties":{"name":"北京南站","name_zh":"北京南站","name_en":"Beijing South","aliases":["北京南站","Beijing South","北京南","Beijingnan"],"lines":["14","4"],"line_names":["4号线","14号线"],"osm_station_ids":["node/5158580594","node/539260172"],"coord_system":"GCJ-02"}},{"type":"Feature","geometry":{"type":"Point","coordinates":[116.31583,39.9920617]},"properties":{"name":"北京大学东门","name_zh":"北京大学东门","name_en":"Peking University East Gate","aliases":["北京大学东门","Peking University East Gate"],"lines":["4"],"line_names":["4号线"],"osm_station_ids":["node/7861046850"],"coord_system":"GCJ-02"}},{"type":"Feature","geometry":{"type":"Point","coordinates":[116.4271866,39.904995]},"properties":{"name":"北京站","name_zh":"北京站","name_en":"Beijing Railway Station","aliases":["北京站","Beijing Railway Station"],"lines":["2"],"line_names":["2号线"],"osm_station_ids":["node/4846712797"],"coord_system":"GCJ-02"}},{"type":"Feature","geometry":{"type":"Point","coordinates":[116.3212086,39.8948273]},"properties":{"name":"北京西站","name_zh":"北京西站","name_en":"Beijing West Railway Station","aliases":["北京西站","Beijing West Railway Station"],"lines":["7","9"],"line_names":["7号线","9号线"],"osm_station_ids":["node/5463450278"],"coord_system":"GCJ-02"}},{"type":"Feature","geometry":{"type":"Point","coordinates":[116.3941742,39.9778009]},"properties":{"name":"北土城","name_zh":"北土城","name_en":"Beitucheng","aliases":["北土城","Beitucheng"],"lines":["10","8"],"line_names":["8号线","10号线"],"osm_station_ids":["node/5305505997"],"coord_system":"GCJ-02"}},{"type":"Feature","geometry":{"type":"Point","coordinates":[116.3703414,39.9681478]},"properties":{"name":"北太平庄","name_zh":"北太平庄","name_en":"Beitaipingzhuang","aliases":["北太平庄","Beitaipingzhuang"],"lines":["12","19"],"line_names":["12号线","19号线"],"osm_station_ids":["node/9385085646"],"coord_system":"GCJ-02"}},{"type":"Feature","geometry":{"type":"Point","coordinates":[116.1306937,40.0682496]},"properties":{"name":"北安河","name_zh":"北安河","name_en":"Beianhe","aliases":["北安河","Beianhe"],"lines":["16"],"line_names":["16号线"],"osm_station_ids":["node/4564113110"],"coord_system":"GCJ-02"}},{"type":"Feature","geometry":{"type":"Point","coordinates":[116.2774136,40.0024213]},"properties":{"name":"北宫门站","name_zh":"北宫门站","name_en":"Beigongmen","aliases":["北宫门站","Beigongmen"],"lines":["4"],"line_names":["4号线"],"osm_station_ids":["node/6497814374"],"coord_system":"GCJ-02"}},{"type":"Feature","geometry":{"type":"Point","coordinates":[116.4774652,39.8749447]},"properties":{"name":"北工大西门","name_zh":"北工大西门","name_en":"Beijing University of Technology West Gate","aliases":["北工大西门","Beijing University of Technology West Gate"],"lines":["14"],"line_names":["14号线"],"osm_station_ids":["node/3369001433"],"coord_system":"GCJ-02"}},{"type":"Feature","geometry":{"type":"Point","coordinates":[116.4176567,39.9409444]},"properties":{"name":"北新桥","name_zh":"北新桥","name_en":"Beixinqiao","aliases":["北新桥","Beixinqiao"],"lines":["5","CapitalAirport"],"line_names":["5号线","首都机场线"],"osm_station_ids":["node/5429400342","node/5720933166"],"coord_system":"GCJ-02"}},{"type":"Feature","geometry":{"type":"Point","coordinates":[116.3682612,40.0014992]},"properties":{"name":"北沙滩","name_zh":"北沙滩","name_en":"Beishatan","aliases":["北沙滩","Beishatan"],"lines":["15"],"line_names":["15号线"],"osm_station_ids":["node/3379245686"],"coord_system":"GCJ-02"}},{"type":"Feature","geometry":{"type":"Point","coordinates":[116.3862797,39.9331929]},"properties":{"name":"北海北","name_zh":"北海北","name_en":"Beihai North","aliases":["北海北","Beihai North"],"lines":["6"],"line_names":["6号线"],"osm_station_ids":["node/5441526453"],"coord_system":"GCJ-02"}},{"type":"Feature","geometry":{"type":"Point","coordinates":[116.5530091,39.8186238]},"properties":{"name":"北神树","name_zh":"北神树","name_en":"Beishenshu","aliases":["北神树","Beishenshu"],"lines":["17"],"line_names":["17号线"],"osm_station_ids":["node/9380291880"],"coord_system":"GCJ-02"}},{"type":"Feature","geometry":{"type":"Point","coordinates":[116.4344273,40.0430582]},"properties":{"name":"北苑","name_zh":"北苑","name_en":"Beiyuan","aliases":["北苑","Beiyuan"],"lines":["13"],"line_names":["13号线"],"osm_station_ids":["node/5441502966"],"coord_system":"GCJ-02"}},{"type":"Feature","geometry":{"type":"Point","coordinates":[116.4181577,40.0304264]},"properties":{"name":"北苑路北","name_zh":"北苑路北","name_en":"Beiyuanlu North","aliases":["北苑路北","Beiyuanlu North"],"lines":["5"],"line_names":["5号线"],"osm_station_ids":["node/340262247"],"coord_system":"GCJ-02"}},{"type":"Feature","geometry":{"type":"Point","coordinates":[116.1648025,39.9152156]},"properties":{"name":"北辛安","name_zh":"北辛安","name_en":"Beixin'an","aliases":["北辛安","Beixin'an"],"lines":["11"],"line_names":["11号线"],"osm_station_ids":["node/9379477289"],"coord_system":"GCJ-02"}},{"type":"Feature","geometry":{"type":"Point","coordinates":[116.7078176,39.9033036]},"properties":{"name":"北运河东","name_zh":"北运河东","name_en":"Beiyunhe East","aliases":["北运河东","Beiyunhe East"],"lines":["6"],"line_names":["6号线"],"osm_station_ids":["node/6713165204"],"coord_system":"GCJ-02"}},{"type":"Feature","geometry":{"type":"Point","coordinates":[116.6879288,39.9029757]},"properties":{"name":"北运河西","name_zh":"北运河西","name_en":"Beiyunhe West","aliases":["北运河西","Beiyunhe West"],"lines":["6"],"line_names":["6号线"],"osm_station_ids":["node/5430487507"],"coord_system":"GCJ-02"}},{"type":"Feature","geometry":{"type":"Point","coordinates":[116.2815242,40.2219484]},"properties":{"name":"北邵洼","name_zh":"北邵洼","name_en":"Beishaowa","aliases":["北邵洼","Beishaowa"],"lines":["Changping"],"line_names":["昌平线"],"osm_station_ids":["node/5305506017"],"coord_system":"GCJ-02"}},{"type":"Feature","geometry":{"type":"Point","coordinates":[116.2079853,40.2399169]},"properties":{"name":"十三陵景区","name_zh":"十三陵景区","name_en":"Ming Tombs","aliases":["十三陵景区","Ming Tombs"],"lines":["Changping"],"line_names":["昌平线"],"osm_station_ids":["node/5305506014"],"coord_system":"GCJ-02"}},{"type":"Feature","geometry":{"type":"Point","coordinates":[116.4958686,39.8443067]},"properties":{"name":"十八里店","name_zh":"十八里店","name_en":"Shibalidian","aliases":["十八里店","Shibalidian"],"lines":["17"],"line_names":["17号线"],"osm_station_ids":["node/9380291879"],"coord_system":"GCJ-02"}},{"type":"Feature","geometry":{"type":"Point","coordinates":[116.5021698,39.9228721]},"properties":{"name":"十里堡","name_zh":"十里堡","name_en":"Shilipu","aliases":["十里堡","Shilipu"],"lines":["6"],"line_names":["6号线"],"osm_station_ids":["node/14142473063"],"coord_system":"GCJ-02"}},{"type":"Feature","geometry":{"type":"Point","coordinates":[116.4593641,39.8656638]},"properties":{"name":"十里河","name_zh":"十里河","name_en":"Shilihe","aliases":["十里河","Shilihe"],"lines":["10","14","17"],"line_names":["10号线","14号线","17号线"],"osm_station_ids":["node/3367977137","node/9147328748"],"coord_system":"GCJ-02"}},{"type":"Feature","geometry":{"type":"Point","coordinates":[116.5014322,39.874627]},"properties":{"name":"南楼梓庄","name_zh":"南楼梓庄","name_en":"Nanlouzizhuang","aliases":["南楼梓庄","Nanlouzizhuang"],"lines":["7"],"line_names":["7号线"],"osm_station_ids":["node/3369459832"],"coord_system":"GCJ-02"}},{"type":"Feature","geometry":{"type":"Point","coordinates":[116.6093859,40.128458]},"properties":{"name":"南法信","name_zh":"南法信","name_en":"Nanfaxin","aliases":["南法信","Nanfaxin"],"lines":["15"],"line_names":["15号线"],"osm_station_ids":["node/8073325255"],"coord_system":"GCJ-02"}},{"type":"Feature","geometry":{"type":"Point","coordinates":[116.355378,39.9072714]},"properties":{"name":"南礼士路","name_zh":"南礼士路","name_en":"Nanlishi Lu","aliases":["南礼士路","Nanlishi Lu","复兴门","Fuxingmen"],"lines":["1","2"],"line_names":["1号线","2号线"],"osm_station_ids":["node/5430395013","node/6617849502"],"coord_system":"GCJ-02"}},{"type":"Feature","geometry":{"type":"Point","coordinates":[116.288054,40.2079041]},"properties":{"name":"南邵","name_zh":"南邵","name_en":"Nanshao","aliases":["南邵","Nanshao"],"lines":["Changping"],"line_names":["昌平线"],"osm_station_ids":["node/5305506016"],"coord_system":"GCJ-02"}},{"type":"Feature","geometry":{"type":"Point","coordinates":[116.4034372,39.933381]},"properties":{"name":"南锣鼓巷","name_zh":"南锣鼓巷","name_en":"Nanluogu Xiang","aliases":["南锣鼓巷","Nanluogu Xiang"],"lines":["6","8"],"line_names":["6号线","8号线"],"osm_station_ids":["node/6497767616","node/6497773831"],"coord_system":"GCJ-02"}},{"type":"Feature","geometry":{"type":"Point","coordinates":[116.4613925,39.893436]},"properties":{"name":"双井","name_zh":"双井","name_en":"Shuangjing","aliases":["双井","Shuangjing"],"lines":["10","7"],"line_names":["7号线","10号线"],"osm_station_ids":["node/3369459833"],"coord_system":"GCJ-02"}},{"type":"Feature","geometry":{"type":"Point","coordinates":[116.5282632,39.859292]},"properties":{"name":"双合","name_zh":"双合","name_en":"Shuanghe","aliases":["双合","Shuanghe"],"lines":["7"],"line_names":["7号线"],"osm_station_ids":["node/3369459834"],"coord_system":"GCJ-02"}},{"type":"Feature","geometry":{"type":"Point","coordinates":[116.5767842,39.9101272]},"properties":{"name":"双桥","name_zh":"双桥","name_en":"Shuangqiao","aliases":["双桥","Shuangqiao"],"lines":["1","Batong"],"line_names":["1号线","八通线"],"osm_station_ids":["node/5444677242"],"coord_system":"GCJ-02"}},{"type":"Feature","geometry":{"type":"Point","coordinates":[116.1905892,39.907427]},"properties":{"name":"古城","name_zh":"古城","name_en":"Gucheng","aliases":["古城","Gucheng"],"lines":["1"],"line_names":["1号线"],"osm_station_ids":["node/5448550393"],"coord_system":"GCJ-02"}},{"type":"Feature","geometry":{"type":"Point","coordinates":[116.5398166,39.7729312]},"properties":{"name":"同济南路","name_zh":"同济南路","name_en":"Tongjinanlu","aliases":["同济南路","Tongjinanlu"],"lines":["Yizhuang"],"line_names":["亦庄线"],"osm_station_ids":["node/5430391237"],"coord_system":"GCJ-02"}},{"type":"Feature","geometry":{"type":"Point","coordinates":[116.5642951,40.1140978]},"properties":{"name":"后沙峪","name_zh":"后沙峪","name_en":"Houshayu","aliases":["后沙峪","Houshayu"],"lines":["15"],"line_names":["15号线"],"osm_station_ids":["node/8073325254"],"coord_system":"GCJ-02"}},{"type":"Feature","geometry":{"type":"Point","coordinates":[116.4767149,39.8565553]},"properties":{"name":"周家庄","name_zh":"周家庄","name_en":"Zhoujiazhuang","aliases":["周家庄","Zhoujiazhuang"],"lines":["17"],"line_names":["17号线"],"osm_station_ids":["node/9384986215"],"coord_system":"GCJ-02"}},{"type":"Feature","geometry":{"type":"Point","coordinates":[116.4616598,39.9234429]},"properties":{"name":"呼家楼","name_zh":"呼家楼","name_en":"Hujialou","aliases":["呼家楼","Hujialou"],"lines":["10","6"],"line_names":["6号线","10号线"],"osm_station_ids":["node/5430443221"],"coord_system":"GCJ-02"}},{"type":"Feature","geometry":{"type":"Point","coordinates":[116.402064,39.8149611]},"properties":{"name":"和义","name_zh":"和义","name_en":"Heyi","aliases":["和义","Heyi"],"lines":["8"],"line_names":["8号线"],"osm_station_ids":["node/6172173704"],"coord_system":"GCJ-02"}},{"type":"Feature","geometry":{"type":"Point","coordinates":[116.4180476,39.9689104]},"properties":{"name":"和平西桥","name_zh":"和平西桥","name_en":"Heping Xiqiao","aliases":["和平西桥","Heping Xiqiao"],"lines":["12","5"],"line_names":["5号线","12号线"],"osm_station_ids":["node/12435251103","node/5305505986"],"coord_system":"GCJ-02"}},{"type":"Feature","geometry":{"type":"Point","coordinates":[116.4184819,39.9587927]},"properties":{"name":"和平里北街","name_zh":"和平里北街","name_en":"Hepingli Beijie","aliases":["和平里北街","Hepingli Beijie"],"lines":["5"],"line_names":["5号线"],"osm_station_ids":["node/7896842489"],"coord_system":"GCJ-02"}},{"type":"Feature","geometry":{"type":"Point","coordinates":[116.3840036,39.9000833]},"properties":{"name":"和平门","name_zh":"和平门","name_en":"Hepingmen","aliases":["和平门","Hepingmen"],"lines":["2"],"line_names":["2号线"],"osm_station_ids":["node/5428312892"],"coord_system":"GCJ-02"}},{"type":"Feature","geometry":{"type":"Point","coordinates":[116.4786765,40.0276936]},"properties":{"name":"善各庄","name_zh":"善各庄","name_en":"Shan'gezhuang","aliases":["善各庄","Shan'gezhuang"],"lines":["14"],"line_names":["14号线"],"osm_station_ids":["node/5448590861"],"coord_system":"GCJ-02"}},{"type":"Feature","geometry":{"type":"Point","coordinates":[116.6110305,39.7929054]},"properties":{"name":"嘉会湖","name_zh":"嘉会湖","name_en":"Jiahuihu","aliases":["嘉会湖","Jiahuihu"],"lines":["17"],"line_names":["17号线"],"osm_station_ids":["node/9380291881"],"coord_system":"GCJ-02"}},{"type":"Feature","geometry":{"type":"Point","coordinates":[116.2743198,39.9437357]},"properties":{"name":"四季青桥","name_zh":"四季青桥","name_en":"Sijiqing Qiao","aliases":["四季青桥","Sijiqing Qiao"],"lines":["12"],"line_names":["12号线"],"osm_station_ids":["node/12416948175"],"coord_system":"GCJ-02"}},{"type":"Feature","geometry":{"type":"Point","coordinates":[116.4954288,39.9088252]},"properties":{"name":"四惠","name_zh":"四惠","name_en":"Sihui","aliases":["四惠","Sihui"],"lines":["1","Batong"],"line_names":["1号线","八通线"],"osm_station_ids":["node/5430493577"],"coord_system":"GCJ-02"}},{"type":"Feature","geometry":{"type":"Point","coordinates":[116.5154518,39.9084968]},"properties":{"name":"四惠东","name_zh":"四惠东","name_en":"Sihui East","aliases":["四惠东","Sihui East"],"lines":["1","Batong"],"line_names":["1号线","八通线"],"osm_station_ids":["node/5430491074"],"coord_system":"GCJ-02"}},{"type":"Feature","geometry":{"type":"Point","coordinates":[116.1340262,39.9160592]},"properties":{"name":"四道桥","name_zh":"四道桥","name_en":"Sidaoqiao","aliases":["四道桥","Sidaoqiao"],"lines":["S1"],"line_names":["S1线"],"osm_station_ids":["node/4564208745"],"coord_system":"GCJ-02"}},{"type":"Feature","geometry":{"type":"Point","coordinates":[116.3359133,40.070847]},"properties":{"name":"回龙观","name_zh":"回龙观","name_en":"Huilongguan","aliases":["回龙观","Huilongguan"],"lines":["13"],"line_names":["13号线"],"osm_station_ids":["node/5441470420"],"coord_system":"GCJ-02"}},{"type":"Feature","geometry":{"type":"Point","coordinates":[116.3634041,40.0811228]},"properties":{"name":"回龙观东大街","name_zh":"回龙观东大街","name_en":"Huilongguan Dongdajie","aliases":["回龙观东大街","Huilongguan Dongdajie"],"lines":["18","8"],"line_names":["8号线","18号线"],"osm_station_ids":["node/5305506006"],"coord_system":"GCJ-02"}},{"type":"Feature","geometry":{"type":"Point","coordinates":[116.3307398,40.0785907]},"properties":{"name":"回龙观西大街","name_zh":"回龙观西大街","name_en":"Huilongguan Xidajie","aliases":["回龙观西大街","Huilongguan Xidajie"],"lines":["18"],"line_names":["18号线"],"osm_station_ids":["node/13410014898"],"coord_system":"GCJ-02"}},{"type":"Feature","geometry":{"type":"Point","coordinates":[116.4617717,39.9335449]},"properties":{"name":"团结湖","name_zh":"团结湖","name_en":"Tuanjiehu","aliases":["团结湖","Tuanjiehu"],"lines":["10","3"],"line_names":["3号线","10号线"],"osm_station_ids":["node/5448561568"],"coord_system":"GCJ-02"}},{"type":"Feature","geometry":{"type":"Point","coordinates":[116.2017782,39.8612562]},"properties":{"name":"园博园","name_zh":"园博园","name_en":"Garden Expo Park","aliases":["园博园","Garden Expo Park"],"lines":["14"],"line_names":["14号线"],"osm_station_ids":["node/5442227596"],"coord_system":"GCJ-02"}},{"type":"Feature","geometry":{"type":"Point","coordinates":[116.3248454,39.9425164]},"properties":{"name":"国家图书馆","name_zh":"国家图书馆","name_en":"National Library","aliases":["国家图书馆","National Library"],"lines":["16","4","9"],"line_names":["4号线","9号线","16号线"],"osm_station_ids":["node/5429413631"],"coord_system":"GCJ-02"}},{"type":"Feature","geometry":{"type":"Point","coordinates":[116.2158418,39.9935103]},"properties":{"name":"国家植物园","name_zh":"国家植物园","name_en":"National Botanical Garden","aliases":["国家植物园","National Botanical Garden"],"lines":["Xijiao"],"line_names":["西郊线"],"osm_station_ids":["node/5621379391"],"coord_system":"GCJ-02"}},{"type":"Feature","geometry":{"type":"Point","coordinates":[116.5552317,40.0699998]},"properties":{"name":"国展","name_zh":"国展","name_en":"China International Exhibition Center","aliases":["国展","China International Exhibition Center"],"lines":["15"],"line_names":["15号线"],"osm_station_ids":["node/8073325252"],"coord_system":"GCJ-02"}},{"type":"Feature","geometry":{"type":"Point","coordinates":[116.4618092,39.9083588]},"properties":{"name":"国贸","name_zh":"国贸","name_en":"Guomao","aliases":["国贸","Guomao"],"lines":["1","10"],"line_names":["1号线","10号线"],"osm_station_ids":["node/5430522453"],"coord_system":"GCJ-02"}},{"type":"Feature","geometry":{"type":"Point","coordinates":[116.3097662,39.9995651]},"properties":{"name":"圆明园","name_zh":"圆明园","name_en":"Yuanmingyuan Park","aliases":["圆明园","Yuanmingyuan Park"],"lines":["4"],"line_names":["4号线"],"osm_station_ids":["node/7861046849"],"coord_system":"GCJ-02"}},{"type":"Feature","geometry":{"type":"Point","coordinates":[116.686221,39.8718909]},"properties":{"name":"土桥","name_zh":"土桥","name_en":"Tuqiao","aliases":["土桥","Tuqiao"],"lines":["1","Batong"],"line_names":["1号线","八通线"],"osm_station_ids":["node/6716238810"],"coord_system":"GCJ-02"}},{"type":"Feature","geometry":{"type":"Point","coordinates":[116.5116945,39.8607759]},"properties":{"name":"垡头","name_zh":"垡头","name_en":"Fatou","aliases":["垡头","Fatou"],"lines":["7"],"line_names":["7号线"],"osm_station_ids":["node/3369459835"],"coord_system":"GCJ-02"}},{"type":"Feature","geometry":{"type":"Point","coordinates":[116.2748905,39.8652397]},"properties":{"name":"大井","name_zh":"大井","name_en":"Dajing","aliases":["大井","Dajing"],"lines":["14"],"line_names":["14号线"],"osm_station_ids":["node/3365609789"],"coord_system":"GCJ-02"}},{"type":"Feature","geometry":{"type":"Point","coordinates":[116.3656621,39.7354289]},"properties":{"name":"大兴新城","name_zh":"大兴新城","name_en":"Daxing Xincheng","aliases":["大兴新城","Daxing Xincheng"],"lines":["DaxingAirport"],"line_names":["大兴机场线"],"osm_station_ids":["node/6818020472"],"coord_system":"GCJ-02"}},{"type":"Feature","geometry":{"type":"Point","coordinates":[116.4168671,39.5138287]},"properties":{"name":"大兴机场","name_zh":"大兴机场","name_en":"Daxing Airport","aliases":["大兴机场","Daxing Airport"],"lines":["DaxingAirport"],"line_names":["大兴机场线"],"osm_station_ids":["node/6818020471"],"coord_system":"GCJ-02"}},{"type":"Feature","geometry":{"type":"Point","coordinates":[116.4178823,40.0032587]},"properties":{"name":"大屯路东","name_zh":"大屯路东","name_en":"Datunlu East","aliases":["大屯路东","Datunlu East"],"lines":["15","5"],"line_names":["5号线","15号线"],"osm_station_ids":["node/5402687151","node/5447564524"],"coord_system":"GCJ-02"}},{"type":"Feature","geometry":{"type":"Point","coordinates":[116.4773397,39.9082441]},"properties":{"name":"大望路","name_zh":"大望路","name_en":"Dawanglu","aliases":["大望路","Dawanglu"],"lines":["1","14"],"line_names":["1号线","14号线"],"osm_station_ids":["node/3369001431"],"coord_system":"GCJ-02"}},{"type":"Feature","geometry":{"type":"Point","coordinates":[116.240486,39.859545]},"properties":{"name":"大瓦窑","name_zh":"大瓦窑","name_en":"Dawayao","aliases":["大瓦窑","Dawayao"],"lines":["14"],"line_names":["14号线"],"osm_station_ids":["node/3365609790"],"coord_system":"GCJ-02"}},{"type":"Feature","geometry":{"type":"Point","coordinates":[116.0402127,39.7098754]},"properties":{"name":"大石河东","name_zh":"大石河东","name_en":"Dashihe East","aliases":["大石河东","Dashihe East"],"lines":["Yanfang"],"line_names":["燕房线"],"osm_station_ids":["node/9153343830"],"coord_system":"GCJ-02"}},{"type":"Feature","geometry":{"type":"Point","coordinates":[116.3998431,39.8448815]},"properties":{"name":"大红门","name_zh":"大红门","name_en":"Dahongmen","aliases":["大红门","Dahongmen"],"lines":["10","8"],"line_names":["8号线","10号线"],"osm_station_ids":["node/13288528515","node/6496364883"],"coord_system":"GCJ-02"}},{"type":"Feature","geometry":{"type":"Point","coordinates":[116.4010875,39.836947]},"properties":{"name":"大红门南","name_zh":"大红门南","name_en":"Dahongmen Nan (South)","aliases":["大红门南","Dahongmen Nan (South)"],"lines":["8"],"line_names":["8号线"],"osm_station_ids":["node/6172173703"],"coord_system":"GCJ-02"}},{"type":"Feature","geometry":{"type":"Point","coordinates":[116.2915041,39.8076859]},"properties":{"name":"大葆台","name_zh":"大葆台","name_en":"Dabaotai","aliases":["大葆台","Dabaotai"],"lines":["Fangshan"],"line_names":["房山线"],"osm_station_ids":["node/8073272027"],"coord_system":"GCJ-02"}},{"type":"Feature","geometry":{"type":"Point","coordinates":[116.4874247,39.8934613]},"properties":{"name":"大郊亭","name_zh":"大郊亭","name_en":"Dajiaoting","aliases":["大郊亭","Dajiaoting"],"lines":["7"],"line_names":["7号线"],"osm_station_ids":["node/3369459836"],"coord_system":"GCJ-02"}},{"type":"Feature","geometry":{"type":"Point","coordinates":[116.3445873,39.967023]},"properties":{"name":"大钟寺","name_zh":"大钟寺","name_en":"Dazhongsi","aliases":["大钟寺","Dazhongsi"],"lines":["12","13"],"line_names":["12号线","13号线"],"osm_station_ids":["node/12435287603","node/6617852356"],"coord_system":"GCJ-02"}},{"type":"Feature","geometry":{"type":"Point","coordinates":[116.4208049,39.8836563]},"properties":{"name":"天坛东门","name_zh":"天坛东门","name_en":"East Gate of Temple of Heaven","aliases":["天坛东门","East Gate of Temple of Heaven"],"lines":["5"],"line_names":["5号线"],"osm_station_ids":["node/7896842490"],"coord_system":"GCJ-02"}},{"type":"Feature","geometry":{"type":"Point","coordinates":[116.4011595,39.9077364]},"properties":{"name":"天安门东","name_zh":"天安门东","name_en":"Tian'anmen East","aliases":["天安门东","Tian'anmen East"],"lines":["1"],"line_names":["1号线"],"osm_station_ids":["node/5441520625"],"coord_system":"GCJ-02"}},{"type":"Feature","geometry":{"type":"Point","coordinates":[116.391399,39.9073677]},"properties":{"name":"天安门西","name_zh":"天安门西","name_en":"Tian'anmen West","aliases":["天安门西","Tian'anmen West"],"lines":["1"],"line_names":["1号线"],"osm_station_ids":["node/6447754030"],"coord_system":"GCJ-02"}},{"type":"Feature","geometry":{"type":"Point","coordinates":[116.3199779,39.6702509]},"properties":{"name":"天宫院","name_zh":"天宫院","name_en":"Tiangongyuan","aliases":["天宫院","Tiangongyuan"],"lines":["4","Daxing"],"line_names":["4号线","大兴线"],"osm_station_ids":["node/5428310397"],"coord_system":"GCJ-02"}},{"type":"Feature","geometry":{"type":"Point","coordinates":[116.3987421,39.8820523]},"properties":{"name":"天桥","name_zh":"天桥","name_en":"Tian Qiao","aliases":["天桥","Tian Qiao"],"lines":["8"],"line_names":["8号线"],"osm_station_ids":["node/6488102425"],"coord_system":"GCJ-02"}},{"type":"Feature","geometry":{"type":"Point","coordinates":[116.413947,40.0746305]},"properties":{"name":"天通苑","name_zh":"天通苑","name_en":"Tiantongyuan","aliases":["天通苑","Tiantongyuan"],"lines":["18","5"],"line_names":["5号线","18号线"],"osm_station_ids":["node/13410044002","node/5444679354"],"coord_system":"GCJ-02"}},{"type":"Feature","geometry":{"type":"Point","coordinates":[116.4431276,40.0684609]},"properties":{"name":"天通苑东","name_zh":"天通苑东","name_en":"Tiantongyuandong","aliases":["天通苑东","Tiantongyuandong"],"lines":["17","18"],"line_names":["17号线","18号线"],"osm_station_ids":["node/11478693941","node/13410044004"],"coord_system":"GCJ-02"}},{"type":"Feature","geometry":{"type":"Point","coordinates":[116.4130325,40.0835003]},"properties":{"name":"天通苑北","name_zh":"天通苑北","name_en":"Tiantongyuan North","aliases":["天通苑北","Tiantongyuan North"],"lines":["5"],"line_names":["5号线"],"osm_station_ids":["node/5687495579"],"coord_system":"GCJ-02"}},{"type":"Feature","geometry":{"type":"Point","coordinates":[116.4127798,40.0665285]},"properties":{"name":"天通苑南","name_zh":"天通苑南","name_en":"Tiantongyuan South","aliases":["天通苑南","Tiantongyuan South"],"lines":["5"],"line_names":["5号线"],"osm_station_ids":["way/121231322"],"coord_system":"GCJ-02"}},{"type":"Feature","geometry":{"type":"Point","coordinates":[116.4265319,40.0741481]},"properties":{"name":"太平庄","name_zh":"太平庄","name_en":"Taipingzhuang","aliases":["太平庄","Taipingzhuang"],"lines":["18"],"line_names":["18号线"],"osm_station_ids":["node/13410044003"],"coord_system":"GCJ-02"}},{"type":"Feature","geometry":{"type":"Point","coordinates":[116.363349,39.9101407]},"properties":{"name":"太平桥","name_zh":"太平桥","name_en":"Taipingqiao","aliases":["太平桥","Taipingqiao"],"lines":["19"],"line_names":["19号线"],"osm_station_ids":["node/9920410920"],"coord_system":"GCJ-02"}},{"type":"Feature","geometry":{"type":"Point","coordinates":[116.4473931,39.9726653]},"properties":{"name":"太阳宫","name_zh":"太阳宫","name_en":"Taiyanggong","aliases":["太阳宫","Taiyanggong"],"lines":["10","17"],"line_names":["10号线","17号线"],"osm_station_ids":["node/11496710264"],"coord_system":"GCJ-02"}},{"type":"Feature","geometry":{"type":"Point","coordinates":[116.3938317,39.985535]},"properties":{"name":"奥体中心","name_zh":"奥体中心","name_en":"Olympic Sports Center","aliases":["奥体中心","Olympic Sports Center"],"lines":["8"],"line_names":["8号线"],"osm_station_ids":["node/8073325264"],"coord_system":"GCJ-02"}},{"type":"Feature","geometry":{"type":"Point","coordinates":[116.3922953,40.0020422]},"properties":{"name":"奥林匹克公园","name_zh":"奥林匹克公园","name_en":"Olympic Park","aliases":["奥林匹克公园","Olympic Park"],"lines":["15","8"],"line_names":["8号线","15号线"],"osm_station_ids":["node/3379245688","node/5402695989"],"coord_system":"GCJ-02"}},{"type":"Feature","geometry":{"type":"Point","coordinates":[116.5272247,39.9477561]},"properties":{"name":"姚家园","name_zh":"姚家园","name_en":"Yaojiayuan","aliases":["姚家园","Yaojiayuan"],"lines":["3"],"line_names":["3号线"],"osm_station_ids":["node/12430747508"],"coord_system":"GCJ-02"}},{"type":"Feature","geometry":{"type":"Point","coordinates":[116.5347234,40.04508]},"properties":{"name":"孙河","name_zh":"孙河","name_en":"Sunhe","aliases":["孙河","Sunhe"],"lines":["15"],"line_names":["15号线"],"osm_station_ids":["node/13763706652"],"coord_system":"GCJ-02"}},{"type":"Feature","geometry":{"type":"Point","coordinates":[116.3519401,40.0149793]},"properties":{"name":"学知园","name_zh":"学知园","name_en":"Xuezhiyuan","aliases":["学知园","Xuezhiyuan"],"lines":["Changping"],"line_names":["昌平线"],"osm_station_ids":["node/10605339566"],"coord_system":"GCJ-02"}},{"type":"Feature","geometry":{"type":"Point","coordinates":[116.3534386,39.9881519]},"properties":{"name":"学院桥","name_zh":"学院桥","name_en":"Xueyuanqiao","aliases":["学院桥","Xueyuanqiao"],"lines":["Changping"],"line_names":["昌平线"],"osm_station_ids":["node/10605339565"],"coord_system":"GCJ-02"}},{"type":"Feature","geometry":{"type":"Point","coordinates":[116.3946455,39.9685138]},"properties":{"name":"安华桥","name_zh":"安华桥","name_en":"Anhuaqiao","aliases":["安华桥","Anhuaqiao"],"lines":["12","8"],"line_names":["8号线","12号线"],"osm_station_ids":["node/5305505996"],"coord_system":"GCJ-02"}},{"type":"Feature","geometry":{"type":"Point","coordinates":[116.4083165,39.949073]},"properties":{"name":"安定门","name_zh":"安定门","name_en":"Andingmen","aliases":["安定门","Andingmen"],"lines":["2"],"line_names":["2号线"],"osm_station_ids":["node/6724644889"],"coord_system":"GCJ-02"}},{"type":"Feature","geometry":{"type":"Point","coordinates":[116.3947937,39.9568962]},"properties":{"name":"安德里北街","name_zh":"安德里北街","name_en":"Andeli Beijie","aliases":["安德里北街","Andeli Beijie"],"lines":["8"],"line_names":["8号线"],"osm_station_ids":["node/5448593092"],"coord_system":"GCJ-02"}},{"type":"Feature","geometry":{"type":"Point","coordinates":[116.2699635,40.0122857]},"properties":{"name":"安河桥北","name_zh":"安河桥北","name_en":"Anheqiaobei","aliases":["安河桥北","Anheqiaobei"],"lines":["4"],"line_names":["4号线"],"osm_station_ids":["node/5441503035"],"coord_system":"GCJ-02"}},{"type":"Feature","geometry":{"type":"Point","coordinates":[116.4078773,40.0025857]},"properties":{"name":"安立路","name_zh":"安立路","name_en":"Anlilu","aliases":["安立路","Anlilu"],"lines":["15"],"line_names":["15号线"],"osm_station_ids":["node/3379245689"],"coord_system":"GCJ-02"}},{"type":"Feature","geometry":{"type":"Point","coordinates":[116.4072488,39.9689076]},"properties":{"name":"安贞桥","name_zh":"安贞桥","name_en":"Anzhen Qiao","aliases":["安贞桥","Anzhen Qiao"],"lines":["12"],"line_names":["12号线"],"osm_station_ids":["node/12430713735"],"coord_system":"GCJ-02"}},{"type":"Feature","geometry":{"type":"Point","coordinates":[116.4054352,39.9772409]},"properties":{"name":"安贞门","name_zh":"安贞门","name_en":"Anzhenmen","aliases":["安贞门","Anzhenmen"],"lines":["10"],"line_names":["10号线"],"osm_station_ids":["node/5448580676"],"coord_system":"GCJ-02"}},{"type":"Feature","geometry":{"type":"Point","coordinates":[116.4281523,39.8457745]},"properties":{"name":"宋家庄","name_zh":"宋家庄","name_en":"Songjiazhuang","aliases":["宋家庄","Songjiazhuang"],"lines":["10","5","Yizhuang"],"line_names":["5号线","10号线","亦庄线"],"osm_station_ids":["node/5441491000"],"coord_system":"GCJ-02"}},{"type":"Feature","geometry":{"type":"Point","coordinates":[116.2294441,39.8489565]},"properties":{"name":"宛平城","name_zh":"宛平城","name_en":"Wanpingcheng","aliases":["宛平城","Wanpingcheng"],"lines":["16"],"line_names":["16号线"],"osm_station_ids":["node/4564112633"],"coord_system":"GCJ-02"}},{"type":"Feature","geometry":{"type":"Point","coordinates":[116.3742291,39.8997661]},"properties":{"name":"宣武门","name_zh":"宣武门","name_en":"Xuanwumen","aliases":["宣武门","Xuanwumen"],"lines":["2","4"],"line_names":["2号线","4号线"],"osm_station_ids":["node/5430419547"],"coord_system":"GCJ-02"}},{"type":"Feature","geometry":{"type":"Point","coordinates":[116.2871287,39.8361697]},"properties":{"name":"富丰桥","name_zh":"富丰桥","name_en":"Fufengqiao","aliases":["富丰桥","Fufengqiao"],"lines":["16"],"line_names":["16号线"],"osm_station_ids":["node/4564112660"],"coord_system":"GCJ-02"}},{"type":"Feature","geometry":{"type":"Point","coordinates":[116.4901193,39.9707652]},"properties":{"name":"将台","name_zh":"将台","name_en":"Jiangtai","aliases":["将台","Jiangtai"],"lines":["14"],"line_names":["14号线"],"osm_station_ids":["node/3369356930"],"coord_system":"GCJ-02"}},{"type":"Feature","geometry":{"type":"Point","coordinates":[116.4800676,39.9726934]},"properties":{"name":"将台西","name_zh":"将台西","name_en":"Jiangtaixi","aliases":["将台西","Jiangtaixi"],"lines":["12"],"line_names":["12号线"],"osm_station_ids":["node/12423657579"],"coord_system":"GCJ-02"}},{"type":"Feature","geometry":{"type":"Point","coordinates":[116.114578,39.8904102]},"properties":{"name":"小园","name_zh":"小园","name_en":"Xiaoyuan","aliases":["小园","Xiaoyuan"],"lines":["S1"],"line_names":["S1线"],"osm_station_ids":["node/5402921192"],"coord_system":"GCJ-02"}},{"type":"Feature","geometry":{"type":"Point","coordinates":[116.4593984,39.8280697]},"properties":{"name":"小红门","name_zh":"小红门","name_en":"Xiaohongmen","aliases":["小红门","Xiaohongmen"],"lines":["Yizhuang"],"line_names":["亦庄线"],"osm_station_ids":["node/5444690814"],"coord_system":"GCJ-02"}},{"type":"Feature","geometry":{"type":"Point","coordinates":[116.215434,40.0685605]},"properties":{"name":"屯佃","name_zh":"屯佃","name_en":"Tundian","aliases":["屯佃","Tundian"],"lines":["16"],"line_names":["16号线"],"osm_station_ids":["node/4564113101"],"coord_system":"GCJ-02"}},{"type":"Feature","geometry":{"type":"Point","coordinates":[116.4181962,39.9011388]},"properties":{"name":"崇文门","name_zh":"崇文门","name_en":"Chongwenmen","aliases":["崇文门","Chongwenmen"],"lines":["2","5"],"line_names":["2号线","5号线"],"osm_station_ids":["node/5430420858"],"coord_system":"GCJ-02"}},{"type":"Feature","geometry":{"type":"Point","coordinates":[116.4928246,40.0218286]},"properties":{"name":"崔各庄","name_zh":"崔各庄","name_en":"Cuigezhuang","aliases":["崔各庄","Cuigezhuang"],"lines":["15"],"line_names":["15号线"],"osm_station_ids":["node/8073325256"],"coord_system":"GCJ-02"}},{"type":"Feature","geometry":{"type":"Point","coordinates":[116.4503989,39.9337214]},"properties":{"name":"工人体育场","name_zh":"工人体育场","name_en":"Workers' Stadium","aliases":["工人体育场","Workers' Stadium"],"lines":["17","3"],"line_names":["3号线","17号线"],"osm_station_ids":["node/11481744716"],"coord_system":"GCJ-02"}},{"type":"Feature","geometry":{"type":"Point","coordinates":[116.4427619,39.9499286]},"properties":{"name":"左家庄","name_zh":"左家庄","name_en":"Zuojiazhuang","aliases":["左家庄","Zuojiazhuang"],"lines":["17"],"line_names":["17号线"],"osm_station_ids":["node/11481744738"],"coord_system":"GCJ-02"}},{"type":"Feature","geometry":{"type":"Point","coordinates":[116.2939572,40.1309185]},"properties":{"name":"巩华城","name_zh":"巩华城","name_en":"Gonghuacheng","aliases":["巩华城","Gonghuacheng"],"lines":["Changping"],"line_names":["昌平线"],"osm_station_ids":["node/5305506010"],"coord_system":"GCJ-02"}},{"type":"Feature","geometry":{"type":"Point","coordinates":[116.2925607,39.9744705]},"properties":{"name":"巴沟","name_zh":"巴沟","name_en":"Bagou","aliases":["巴沟","Bagou"],"lines":["10","Xijiao"],"line_names":["10号线","西郊线"],"osm_station_ids":["node/5430448102","node/5621379389"],"coord_system":"GCJ-02"}},{"type":"Feature","geometry":{"type":"Point","coordinates":[116.5996814,39.9253697]},"properties":{"name":"常营","name_zh":"常营","name_en":"Changying","aliases":["常营","Changying"],"lines":["6"],"line_names":["6号线"],"osm_station_ids":["way/334620989"],"coord_system":"GCJ-02"}},{"type":"Feature","geometry":{"type":"Point","coordinates":[116.4774503,39.8851543]},"properties":{"name":"平乐园","name_zh":"平乐园","name_en":"Pingleyuan","aliases":["平乐园","Pingleyuan"],"lines":["14"],"line_names":["14号线"],"osm_station_ids":["node/3369001432"],"coord_system":"GCJ-02"}},{"type":"Feature","geometry":{"type":"Point","coordinates":[116.3706793,39.9332837]},"properties":{"name":"平安里","name_zh":"平安里","name_en":"Ping'anli","aliases":["平安里","Ping'anli"],"lines":["19","4","6"],"line_names":["4号线","6号线","19号线"],"osm_station_ids":["node/5430502371","node/9385088768","node/9385088769"],"coord_system":"GCJ-02"}},{"type":"Feature","geometry":{"type":"Point","coordinates":[116.3503837,40.0900112]},"properties":{"name":"平西府","name_zh":"平西府","name_en":"Pingxifu","aliases":["平西府","Pingxifu"],"lines":["8"],"line_names":["8号线"],"osm_station_ids":["node/5305506007"],"coord_system":"GCJ-02"}},{"type":"Feature","geometry":{"type":"Point","coordinates":[116.3579111,39.8899224]},"properties":{"name":"广安门内","name_zh":"广安门内","name_en":"Inner Guang'anmen","aliases":["广安门内","Inner Guang'anmen"],"lines":["7"],"line_names":["7号线"],"osm_station_ids":["node/3369459837"],"coord_system":"GCJ-02"}},{"type":"Feature","geometry":{"type":"Point","coordinates":[116.4339426,39.8936755]},"properties":{"name":"广渠门内","name_zh":"广渠门内","name_en":"Guangqumen Nei","aliases":["广渠门内","Guangqumen Nei"],"lines":["7"],"line_names":["7号线"],"osm_station_ids":["node/3369459840"],"coord_system":"GCJ-02"}},{"type":"Feature","geometry":{"type":"Point","coordinates":[116.4492278,39.8936736]},"properties":{"name":"广渠门外","name_zh":"广渠门外","name_en":"Guangqumen Wai","aliases":["广渠门外","Guangqumen Wai"],"lines":["7"],"line_names":["7号线"],"osm_station_ids":["node/3369459838"],"coord_system":"GCJ-02"}},{"type":"Feature","geometry":{"type":"Point","coordinates":[116.1849786,39.7478807]},"properties":{"name":"广阳城","name_zh":"广阳城","name_en":"Guangyangcheng","aliases":["广阳城","Guangyangcheng"],"lines":["Fangshan"],"line_names":["房山线"],"osm_station_ids":["node/8073272030"],"coord_system":"GCJ-02"}},{"type":"Feature","geometry":{"type":"Point","coordinates":[116.2269467,39.9326417]},"properties":{"name":"廖公庄","name_zh":"廖公庄","name_en":"Liaogong Zhuang","aliases":["廖公庄","Liaogong Zhuang"],"lines":["6"],"line_names":["6号线"],"osm_station_ids":["node/6172173686"],"coord_system":"GCJ-02"}},{"type":"Feature","geometry":{"type":"Point","coordinates":[116.4354536,39.9085475]},"properties":{"name":"建国门","name_zh":"建国门","name_en":"Jianguomen","aliases":["建国门","Jianguomen"],"lines":["1","2"],"line_names":["1号线","2号线"],"osm_station_ids":["node/5430497283"],"coord_system":"GCJ-02"}},{"type":"Feature","geometry":{"type":"Point","coordinates":[116.4175392,39.9336877]},"properties":{"name":"张自忠路","name_zh":"张自忠路","name_en":"Zhangzizhong Lu","aliases":["张自忠路","Zhangzizhong Lu"],"lines":["5"],"line_names":["5号线"],"osm_station_ids":["node/5444681481"],"coord_system":"GCJ-02"}},{"type":"Feature","geometry":{"type":"Point","coordinates":[116.1871276,39.858032]},"properties":{"name":"张郭庄","name_zh":"张郭庄","name_en":"Zhangguozhuang","aliases":["张郭庄","Zhangguozhuang"],"lines":["14"],"line_names":["14号线"],"osm_station_ids":["way/329393593"],"coord_system":"GCJ-02"}},{"type":"Feature","geometry":{"type":"Point","coordinates":[116.4417506,39.7726582]},"properties":{"name":"德茂","name_zh":"德茂","name_en":"Demao","aliases":["德茂","Demao"],"lines":["8"],"line_names":["8号线"],"osm_station_ids":["node/6488102423"],"coord_system":"GCJ-02"}},{"type":"Feature","geometry":{"type":"Point","coordinates":[116.4171579,39.9875837]},"properties":{"name":"惠新西街北口","name_zh":"惠新西街北口","name_en":"Huixinxijie Beikou","aliases":["惠新西街北口","Huixinxijie Beikou"],"lines":["5"],"line_names":["5号线"],"osm_station_ids":["node/5305505984"],"coord_system":"GCJ-02"}},{"type":"Feature","geometry":{"type":"Point","coordinates":[116.417605,39.9773639]},"properties":{"name":"惠新西街南口","name_zh":"惠新西街南口","name_en":"Huixinxijie Nankou","aliases":["惠新西街南口","Huixinxijie Nankou"],"lines":["10","5"],"line_names":["5号线","10号线"],"osm_station_ids":["node/5305505985"],"coord_system":"GCJ-02"}},{"type":"Feature","geometry":{"type":"Point","coordinates":[116.2949206,39.9328034]},"properties":{"name":"慈寿寺","name_zh":"慈寿寺","name_en":"Cishousi","aliases":["慈寿寺","Cishousi"],"lines":["10","6"],"line_names":["6号线","10号线"],"osm_station_ids":["node/5430509863"],"coord_system":"GCJ-02"}},{"type":"Feature","geometry":{"type":"Point","coordinates":[116.4480708,39.8459143]},"properties":{"name":"成寿寺","name_zh":"成寿寺","name_en":"Chengshousi","aliases":["成寿寺","Chengshousi"],"lines":["10"],"line_names":["10号线"],"osm_station_ids":["node/5448554757"],"coord_system":"GCJ-02"}},{"type":"Feature","geometry":{"type":"Point","coordinates":[115.9896464,39.7057725]},"properties":{"name":"房山城关","name_zh":"房山城关","name_en":"Fangshan Chengguan","aliases":["房山城关","Fangshan Chengguan"],"lines":["Yanfang"],"line_names":["燕房线"],"osm_station_ids":["node/5402956432"],"coord_system":"GCJ-02"}},{"type":"Feature","geometry":{"type":"Point","coordinates":[116.3418346,40.080174]},"properties":{"name":"文华路","name_zh":"文华路","name_en":"Wenhualu","aliases":["文华路","Wenhualu"],"lines":["18"],"line_names":["18号线"],"osm_station_ids":["node/13410014899"],"coord_system":"GCJ-02"}},{"type":"Feature","geometry":{"type":"Point","coordinates":[116.3464036,39.8238867]},"properties":{"name":"新发地","name_zh":"新发地","name_en":"Xinfadi","aliases":["新发地","Xinfadi"],"lines":["19"],"line_names":["19号线"],"osm_station_ids":["node/9379477293"],"coord_system":"GCJ-02"}},{"type":"Feature","geometry":{"type":"Point","coordinates":[116.3659389,39.8124071]},"properties":{"name":"新宫","name_zh":"新宫","name_en":"Xingong","aliases":["新宫","Xingong"],"lines":["19","4","Daxing"],"line_names":["4号线","19号线","大兴线"],"osm_station_ids":["node/9706596471"],"coord_system":"GCJ-02"}},{"type":"Feature","geometry":{"type":"Point","coordinates":[116.3674828,39.9408009]},"properties":{"name":"新街口","name_zh":"新街口","name_en":"Xinjiekou","aliases":["新街口","Xinjiekou"],"lines":["4"],"line_names":["4号线"],"osm_station_ids":["node/5441512445"],"coord_system":"GCJ-02"}},{"type":"Feature","geometry":{"type":"Point","coordinates":[116.1648204,39.9089979]},"properties":{"name":"新首钢","name_zh":"新首钢","name_en":"Shougang Park","aliases":["新首钢","Shougang Park"],"lines":["11"],"line_names":["11号线"],"osm_station_ids":["node/9379477290"],"coord_system":"GCJ-02"}},{"type":"Feature","geometry":{"type":"Point","coordinates":[116.4401428,39.8660154]},"properties":{"name":"方庄","name_zh":"方庄","name_en":"Fangzhuang","aliases":["方庄","Fangzhuang"],"lines":["14"],"line_names":["14号线"],"osm_station_ids":["node/3367977138"],"coord_system":"GCJ-02"}},{"type":"Feature","geometry":{"type":"Point","coordinates":[116.4608824,39.8069493]},"properties":{"name":"旧宫","name_zh":"旧宫","name_en":"Jiugong","aliases":["旧宫","Jiugong"],"lines":["Yizhuang"],"line_names":["亦庄线"],"osm_station_ids":["node/8073260825"],"coord_system":"GCJ-02"}},{"type":"Feature","geometry":{"type":"Point","coordinates":[116.2335743,40.2205615]},"properties":{"name":"昌平","name_zh":"昌平","name_en":"Changping","aliases":["昌平","Changping"],"lines":["Changping"],"line_names":["昌平线"],"osm_station_ids":["node/5305506015"],"coord_system":"GCJ-02"}},{"type":"Feature","geometry":{"type":"Point","coordinates":[116.2627823,40.2217876]},"properties":{"name":"昌平东关","name_zh":"昌平东关","name_en":"Changping Dongguan","aliases":["昌平东关","Changping Dongguan"],"lines":["Changping"],"line_names":["昌平线"],"osm_station_ids":["node/5305506018"],"coord_system":"GCJ-02"}},{"type":"Feature","geometry":{"type":"Point","coordinates":[116.1955518,40.244616]},"properties":{"name":"昌平西山口","name_zh":"昌平西山口","name_en":"Changping Xishankou","aliases":["昌平西山口","Changping Xishankou"],"lines":["Changping"],"line_names":["昌平线"],"osm_station_ids":["node/5305506013"],"coord_system":"GCJ-02"}},{"type":"Feature","geometry":{"type":"Point","coordinates":[116.0614048,39.7135612]},"properties":{"name":"星城","name_zh":"星城","name_en":"Xingcheng","aliases":["星城","Xingcheng"],"lines":["Yanfang"],"line_names":["燕房线"],"osm_station_ids":["node/9153343831"],"coord_system":"GCJ-02"}},{"type":"Feature","geometry":{"type":"Point","coordinates":[116.4111787,39.8650512]},"properties":{"name":"景泰","name_zh":"景泰","name_en":"Jingtai","aliases":["景泰","Jingtai"],"lines":["14"],"line_names":["14号线"],"osm_station_ids":["node/3367857703"],"coord_system":"GCJ-02"}},{"type":"Feature","geometry":{"type":"Point","coordinates":[116.3652854,39.8633841]},"properties":{"name":"景风门","name_zh":"景风门","name_en":"Jingfengmen","aliases":["景风门","Jingfengmen"],"lines":["14","19"],"line_names":["14号线","19号线"],"osm_station_ids":["node/3367069256","node/9385116436"],"coord_system":"GCJ-02"}},{"type":"Feature","geometry":{"type":"Point","coordinates":[116.4685806,39.9978966]},"properties":{"name":"望京","name_zh":"望京","name_en":"Wangjing","aliases":["望京","Wangjing"],"lines":["14","15"],"line_names":["14号线","15号线"],"osm_station_ids":["node/3369356931"],"coord_system":"GCJ-02"}},{"type":"Feature","geometry":{"type":"Point","coordinates":[116.4869937,40.003309]},"properties":{"name":"望京东","name_zh":"望京东","name_en":"Wangjing East","aliases":["望京东","Wangjing East"],"lines":["15"],"line_names":["15号线"],"osm_station_ids":["node/5447578126"],"coord_system":"GCJ-02"}},{"type":"Feature","geometry":{"type":"Point","coordinates":[116.4815381,39.9844491]},"properties":{"name":"望京南","name_zh":"望京南","name_en":"Wangjing South","aliases":["望京南","Wangjing South"],"lines":["14"],"line_names":["14号线"],"osm_station_ids":["way/330398340"],"coord_system":"GCJ-02"}},{"type":"Feature","geometry":{"type":"Point","coordinates":[116.4479132,39.9955317]},"properties":{"name":"望京西","name_zh":"望京西","name_en":"Wangjing West","aliases":["望京西","Wangjing West"],"lines":["13","15","17"],"line_names":["13号线","15号线","17号线"],"osm_station_ids":["node/5428305222"],"coord_system":"GCJ-02"}},{"type":"Feature","geometry":{"type":"Point","coordinates":[116.4786396,39.9336114]},"properties":{"name":"朝阳公园","name_zh":"朝阳公园","name_en":"Chaoyang Park","aliases":["朝阳公园","Chaoyang Park"],"lines":["14","3"],"line_names":["3号线","14号线"],"osm_station_ids":["node/3363577821"],"coord_system":"GCJ-02"}},{"type":"Feature","geometry":{"type":"Point","coordinates":[116.505895,39.9442214]},"properties":{"name":"朝阳站","name_zh":"朝阳站","name_en":"Chaoyang Railway Station","aliases":["朝阳站","Chaoyang Railway Station"],"lines":["3"],"line_names":["3号线"],"osm_station_ids":["node/12430747507"],"coord_system":"GCJ-02"}},{"type":"Feature","geometry":{"type":"Point","coordinates":[116.4341759,39.924455]},"properties":{"name":"朝阳门","name_zh":"朝阳门","name_en":"Chaoyangmen","aliases":["朝阳门","Chaoyangmen"],"lines":["2","6"],"line_names":["2号线","6号线"],"osm_station_ids":["node/5430525703"],"coord_system":"GCJ-02"}},{"type":"Feature","geometry":{"type":"Point","coordinates":[116.3994603,39.8595807]},"properties":{"name":"木樨园","name_zh":"木樨园","name_en":"Muxi Yuan","aliases":["木樨园","Muxi Yuan"],"lines":["8"],"line_names":["8号线"],"osm_station_ids":["node/6172173701"],"coord_system":"GCJ-02"}},{"type":"Feature","geometry":{"type":"Point","coordinates":[116.3357763,39.9082234]},"properties":{"name":"木樨地","name_zh":"木樨地","name_en":"Muxidi","aliases":["木樨地","Muxidi"],"lines":["1","16"],"line_names":["1号线","16号线"],"osm_station_ids":["node/4564112811","node/6617849501"],"coord_system":"GCJ-02"}},{"type":"Feature","geometry":{"type":"Point","coordinates":[116.4666895,40.1155011]},"properties":{"name":"未来科学城","name_zh":"未来科学城","name_en":"Future Science City","aliases":["未来科学城","Future Science City"],"lines":["17"],"line_names":["17号线"],"osm_station_ids":["node/11478693919"],"coord_system":"GCJ-02"}},{"type":"Feature","geometry":{"type":"Point","coordinates":[116.4693387,40.1308527]},"properties":{"name":"未来科学城北","name_zh":"未来科学城北","name_en":"Future Science City North","aliases":["未来科学城北","Future Science City North"],"lines":["17"],"line_names":["17号线"],"osm_station_ids":["node/11478693895"],"coord_system":"GCJ-02"}},{"type":"Feature","geometry":{"type":"Point","coordinates":[116.3320545,40.0360181]},"properties":{"name":"朱房北","name_zh":"朱房北","name_en":"Zhufangbei","aliases":["朱房北","Zhufangbei"],"lines":["Changping"],"line_names":["昌平线"],"osm_station_ids":["node/13161970243"],"coord_system":"GCJ-02"}},{"type":"Feature","geometry":{"type":"Point","coordinates":[116.3136603,40.1042801]},"properties":{"name":"朱辛庄","name_zh":"朱辛庄","name_en":"Zhuxinzhuang","aliases":["朱辛庄","Zhuxinzhuang"],"lines":["8","Changping"],"line_names":["8号线","昌平线"],"osm_station_ids":["way/136979357"],"coord_system":"GCJ-02"}},{"type":"Feature","geometry":{"type":"Point","coordinates":[116.4669478,40.0205341]},"properties":{"name":"来广营","name_zh":"来广营","name_en":"Laiguangying","aliases":["来广营","Laiguangying"],"lines":["14"],"line_names":["14号线"],"osm_station_ids":["node/3369356933"],"coord_system":"GCJ-02"}},{"type":"Feature","geometry":{"type":"Point","coordinates":[116.1857094,39.9277533]},"properties":{"name":"杨庄","name_zh":"杨庄","name_en":"Yang Zhuang","aliases":["杨庄","Yang Zhuang"],"lines":["6"],"line_names":["6号线"],"osm_station_ids":["node/6172173584"],"coord_system":"GCJ-02"}},{"type":"Feature","geometry":{"type":"Point","coordinates":[116.3730192,40.0219831]},"properties":{"name":"林萃桥","name_zh":"林萃桥","name_en":"Lincuiqiao","aliases":["林萃桥","Lincuiqiao"],"lines":["8"],"line_names":["8号线"],"osm_station_ids":["node/5305506002"],"coord_system":"GCJ-02"}},{"type":"Feature","geometry":{"type":"Point","coordinates":[116.6465976,39.8933603]},"properties":{"name":"果园","name_zh":"果园","name_en":"Guoyuan","aliases":["果园","Guoyuan"],"lines":["1","Batong"],"line_names":["1号线","八通线"],"osm_station_ids":["node/8073325262"],"coord_system":"GCJ-02"}},{"type":"Feature","geometry":{"type":"Point","coordinates":[116.3321435,39.7531022]},"properties":{"name":"枣园","name_zh":"枣园","name_en":"Zaoyuan","aliases":["枣园","Zaoyuan"],"lines":["4","Daxing"],"line_names":["4号线","大兴线"],"osm_station_ids":["node/5444440441"],"coord_system":"GCJ-02"}},{"type":"Feature","geometry":{"type":"Point","coordinates":[116.4751381,39.9442436]},"properties":{"name":"枣营","name_zh":"枣营","name_en":"Zaoying","aliases":["枣营","Zaoying"],"lines":["14"],"line_names":["14号线"],"osm_station_ids":["node/3363538820"],"coord_system":"GCJ-02"}},{"type":"Feature","geometry":{"type":"Point","coordinates":[116.4328528,39.9581956]},"properties":{"name":"柳芳","name_zh":"柳芳","name_en":"Liufang","aliases":["柳芳","Liufang"],"lines":["13"],"line_names":["13号线"],"osm_station_ids":["node/6617852358"],"coord_system":"GCJ-02"}},{"type":"Feature","geometry":{"type":"Point","coordinates":[116.1232853,39.8956112]},"properties":{"name":"栗园庄","name_zh":"栗园庄","name_en":"Liyuanzhuang","aliases":["栗园庄","Liyuanzhuang"],"lines":["S1"],"line_names":["S1线"],"osm_station_ids":["node/5626394159"],"coord_system":"GCJ-02"}},{"type":"Feature","geometry":{"type":"Point","coordinates":[116.1257976,39.9123736]},"properties":{"name":"桥户营","name_zh":"桥户营","name_en":"Qiaohuying","aliases":["桥户营","Qiaohuying"],"lines":["S1"],"line_names":["S1线"],"osm_station_ids":["node/4564208735"],"coord_system":"GCJ-02"}},{"type":"Feature","geometry":{"type":"Point","coordinates":[116.4084902,39.8926882]},"properties":{"name":"桥湾","name_zh":"桥湾","name_en":"Qiaowan","aliases":["桥湾","Qiaowan"],"lines":["7"],"line_names":["7号线"],"osm_station_ids":["node/3369459839"],"coord_system":"GCJ-02"}},{"type":"Feature","geometry":{"type":"Point","coordinates":[116.6686296,39.8836417]},"properties":{"name":"梨园","name_zh":"梨园","name_en":"Liyuan","aliases":["梨园","Liyuan"],"lines":["1","Batong"],"line_names":["1号线","八通线"],"osm_station_ids":["way/115505288"],"coord_system":"GCJ-02"}},{"type":"Feature","geometry":{"type":"Point","coordinates":[116.3926512,40.0105976]},"properties":{"name":"森林公园南门","name_zh":"森林公园南门","name_en":"Forest Park South Gate","aliases":["森林公园南门","Forest Park South Gate"],"lines":["8"],"line_names":["8号线"],"osm_station_ids":["node/5305505998"],"coord_system":"GCJ-02"}},{"type":"Feature","geometry":{"type":"Point","coordinates":[116.2590025,39.8387806]},"properties":{"name":"榆树庄","name_zh":"榆树庄","name_en":"Yushuzhuang","aliases":["榆树庄","Yushuzhuang"],"lines":["16"],"line_names":["16号线"],"osm_station_ids":["node/4564112640"],"coord_system":"GCJ-02"}},{"type":"Feature","geometry":{"type":"Point","coordinates":[116.1560585,39.9336908]},"properties":{"name":"模式口","name_zh":"模式口","name_en":"Moshikou","aliases":["模式口","Moshikou"],"lines":["11"],"line_names":["11号线"],"osm_station_ids":["node/9383939775"],"coord_system":"GCJ-02"}},{"type":"Feature","geometry":{"type":"Point","coordinates":[116.5915373,39.8035747]},"properties":{"name":"次渠","name_zh":"次渠","name_en":"Ciqu","aliases":["次渠","Ciqu"],"lines":["17","Yizhuang"],"line_names":["17号线","亦庄线"],"osm_station_ids":["node/8073260830","node/9385028990"],"coord_system":"GCJ-02"}},{"type":"Feature","geometry":{"type":"Point","coordinates":[116.5764125,39.8096463]},"properties":{"name":"次渠北","name_zh":"次渠北","name_en":"Ciqubei","aliases":["次渠北","Ciqubei"],"lines":["17"],"line_names":["17号线"],"osm_station_ids":["node/9385028991"],"coord_system":"GCJ-02"}},{"type":"Feature","geometry":{"type":"Point","coordinates":[116.5811131,39.7947646]},"properties":{"name":"次渠南","name_zh":"次渠南","name_en":"Ciqu South","aliases":["次渠南","Ciqu South"],"lines":["Yizhuang"],"line_names":["亦庄线"],"osm_station_ids":["node/1094071212"],"coord_system":"GCJ-02"}},{"type":"Feature","geometry":{"type":"Point","coordinates":[116.4991115,39.8669074]},"properties":{"name":"欢乐谷景区","name_zh":"欢乐谷景区","name_en":"Beijing Happy Valley","aliases":["欢乐谷景区","Beijing Happy Valley"],"lines":["7"],"line_names":["7号线"],"osm_station_ids":["node/3369459841"],"coord_system":"GCJ-02"}},{"type":"Feature","geometry":{"type":"Point","coordinates":[116.2385053,40.0718976]},"properties":{"name":"永丰","name_zh":"永丰","name_en":"Yongfeng","aliases":["永丰","Yongfeng"],"lines":["16"],"line_names":["16号线"],"osm_station_ids":["way/890759491"],"coord_system":"GCJ-02"}},{"type":"Feature","geometry":{"type":"Point","coordinates":[116.2495945,40.0642377]},"properties":{"name":"永丰南","name_zh":"永丰南","name_en":"Yongfeng South","aliases":["永丰南","Yongfeng South"],"lines":["16"],"line_names":["16号线"],"osm_station_ids":["node/4564112888"],"coord_system":"GCJ-02"}},{"type":"Feature","geometry":{"type":"Point","coordinates":[116.450364,39.9090874]},"properties":{"name":"永安里","name_zh":"永安里","name_en":"Yonganli","aliases":["永安里","Yonganli"],"lines":["1","17"],"line_names":["1号线","17号线"],"osm_station_ids":["node/13417518490","node/5442185238"],"coord_system":"GCJ-02"}},{"type":"Feature","geometry":{"type":"Point","coordinates":[116.3993369,39.8667575]},"properties":{"name":"永定门外","name_zh":"永定门外","name_en":"Outer Yongdingmen","aliases":["永定门外","Outer Yongdingmen","Yongdingmenwai"],"lines":["14","8"],"line_names":["8号线","14号线"],"osm_station_ids":["node/6172173700","way/175226706"],"coord_system":"GCJ-02"}},{"type":"Feature","geometry":{"type":"Point","coordinates":[116.354526,40.0380332]},"properties":{"name":"永泰庄","name_zh":"永泰庄","name_en":"Yongtaizhuang","aliases":["永泰庄","Yongtaizhuang"],"lines":["8"],"line_names":["8号线"],"osm_station_ids":["node/5305506003"],"coord_system":"GCJ-02"}},{"type":"Feature","geometry":{"type":"Point","coordinates":[116.2888442,40.148294]},"properties":{"name":"沙河","name_zh":"沙河","name_en":"Shahe","aliases":["沙河","Shahe"],"lines":["Changping"],"line_names":["昌平线"],"osm_station_ids":["node/5305506011"],"coord_system":"GCJ-02"}},{"type":"Feature","geometry":{"type":"Point","coordinates":[116.2804551,40.164642]},"properties":{"name":"沙河高教园","name_zh":"沙河高教园","name_en":"Shahe University Park","aliases":["沙河高教园","Shahe University Park"],"lines":["Changping"],"line_names":["昌平线"],"osm_station_ids":["node/5305506012"],"coord_system":"GCJ-02"}},{"type":"Feature","geometry":{"type":"Point","coordinates":[116.3042589,39.8586313]},"properties":{"name":"泥洼","name_zh":"泥洼","name_en":"Niwa","aliases":["泥洼","Niwa"],"lines":["10"],"line_names":["10号线"],"osm_station_ids":["node/5453382713"],"coord_system":"GCJ-02"}},{"type":"Feature","geometry":{"type":"Point","coordinates":[116.2485912,39.8485135]},"properties":{"name":"洪泰庄","name_zh":"洪泰庄","name_en":"Hongtaizhuang","aliases":["洪泰庄","Hongtaizhuang"],"lines":["16"],"line_names":["16号线"],"osm_station_ids":["node/8278912792"],"coord_system":"GCJ-02"}},{"type":"Feature","geometry":{"type":"Point","coordinates":[116.4002676,39.8520533]},"properties":{"name":"海户屯","name_zh":"海户屯","name_en":"Haihu Tun","aliases":["海户屯","Haihu Tun"],"lines":["8"],"line_names":["8号线"],"osm_station_ids":["node/6172173702"],"coord_system":"GCJ-02"}},{"type":"Feature","geometry":{"type":"Point","coordinates":[116.2771866,39.9326211]},"properties":{"name":"海淀五路居","name_zh":"海淀五路居","name_en":"Haidian Wuluju","aliases":["海淀五路居","Haidian Wuluju"],"lines":["6"],"line_names":["6号线"],"osm_station_ids":["way/169079144"],"coord_system":"GCJ-02"}},{"type":"Feature","geometry":{"type":"Point","coordinates":[116.3176255,39.9759962]},"properties":{"name":"海淀黄庄","name_zh":"海淀黄庄","name_en":"Haidian Huangzhuang","aliases":["海淀黄庄","Haidian Huangzhuang"],"lines":["10","4"],"line_names":["4号线","10号线"],"osm_station_ids":["node/6606270273"],"coord_system":"GCJ-02"}},{"type":"Feature","geometry":{"type":"Point","coordinates":[116.3397845,40.0006296]},"properties":{"name":"清华东路西口","name_zh":"清华东路西口","name_en":"Qinghua Donglu Xikou","aliases":["清华东路西口","Qinghua Donglu Xikou"],"lines":["15"],"line_names":["15号线"],"osm_station_ids":["node/3379245690"],"coord_system":"GCJ-02"}},{"type":"Feature","geometry":{"type":"Point","coordinates":[116.3429545,40.0352039]},"properties":{"name":"清河小营桥","name_zh":"清河小营桥","name_en":"Qinghe Xiaoyingqiao","aliases":["清河小营桥","Qinghe Xiaoyingqiao"],"lines":["Changping"],"line_names":["昌平线"],"osm_station_ids":["node/10605339567"],"coord_system":"GCJ-02"}},{"type":"Feature","geometry":{"type":"Point","coordinates":[116.3147902,40.0410592]},"properties":{"name":"清河站","name_zh":"清河站","name_en":"Qinghe Railway Station","aliases":["清河站","Qinghe Railway Station"],"lines":["13","Changping"],"line_names":["13号线","昌平线"],"osm_station_ids":["node/7116372189"],"coord_system":"GCJ-02"}},{"type":"Feature","geometry":{"type":"Point","coordinates":[116.4422416,40.0510383]},"properties":{"name":"清河营","name_zh":"清河营","name_en":"Qingheying","aliases":["清河营","Qingheying"],"lines":["17"],"line_names":["17号线"],"osm_station_ids":["node/11478723285"],"coord_system":"GCJ-02"}},{"type":"Feature","geometry":{"type":"Point","coordinates":[116.3324254,39.7430522]},"properties":{"name":"清源路","name_zh":"清源路","name_en":"Qingyuanlu","aliases":["清源路","Qingyuanlu"],"lines":["4","Daxing"],"line_names":["4号线","大兴线"],"osm_station_ids":["node/7860703073"],"coord_system":"GCJ-02"}},{"type":"Feature","geometry":{"type":"Point","coordinates":[116.1618117,40.0688565]},"properties":{"name":"温阳路","name_zh":"温阳路","name_en":"Wenyanglu","aliases":["温阳路","Wenyanglu"],"lines":["16"],"line_names":["16号线"],"osm_station_ids":["node/4564113107"],"coord_system":"GCJ-02"}},{"type":"Feature","geometry":{"type":"Point","coordinates":[116.3274761,39.8902304]},"properties":{"name":"湾子","name_zh":"湾子","name_en":"Wanzi","aliases":["湾子","Wanzi"],"lines":["7"],"line_names":["7号线"],"osm_station_ids":["node/6496364884"],"coord_system":"GCJ-02"}},{"type":"Feature","geometry":{"type":"Point","coordinates":[116.4611302,39.8762043]},"properties":{"name":"潘家园","name_zh":"潘家园","name_en":"Panjiayuan","aliases":["潘家园","Panjiayuan"],"lines":["10"],"line_names":["10号线"],"osm_station_ids":["node/5372350032"],"coord_system":"GCJ-02"}},{"type":"Feature","geometry":{"type":"Point","coordinates":[116.4508831,39.8751871]},"properties":{"name":"潘家园西","name_zh":"潘家园西","name_en":"Panjiayuanxi","aliases":["潘家园西","Panjiayuanxi"],"lines":["17"],"line_names":["17号线"],"osm_station_ids":["node/13417518491"],"coord_system":"GCJ-02"}},{"type":"Feature","geometry":{"type":"Point","coordinates":[116.7477081,39.9028486]},"properties":{"name":"潞城","name_zh":"潞城","name_en":"Lucheng","aliases":["潞城","Lucheng"],"lines":["6"],"line_names":["6号线"],"osm_station_ids":["node/5441513452"],"coord_system":"GCJ-02"}},{"type":"Feature","geometry":{"type":"Point","coordinates":[116.7571687,39.8900551]},"properties":{"name":"潞阳","name_zh":"潞阳","name_en":"Luyang","aliases":["潞阳","Luyang"],"lines":["6"],"line_names":["6号线"],"osm_station_ids":["node/13367702388"],"coord_system":"GCJ-02"}},{"type":"Feature","geometry":{"type":"Point","coordinates":[116.4490374,39.7606767]},"properties":{"name":"瀛海","name_zh":"瀛海","name_en":"Yinghai","aliases":["瀛海","Yinghai"],"lines":["8"],"line_names":["8号线"],"osm_station_ids":["way/653846449"],"coord_system":"GCJ-02"}},{"type":"Feature","geometry":{"type":"Point","coordinates":[116.2894716,39.96557]},"properties":{"name":"火器营","name_zh":"火器营","name_en":"Huoqiying","aliases":["火器营","Huoqiying"],"lines":["10"],"line_names":["10号线"],"osm_station_ids":["node/5444436956"],"coord_system":"GCJ-02"}},{"type":"Feature","geometry":{"type":"Point","coordinates":[116.4186672,39.7993773]},"properties":{"name":"火箭万源","name_zh":"火箭万源","name_en":"Huojian Wanyuan","aliases":["火箭万源","Huojian Wanyuan"],"lines":["8"],"line_names":["8号线"],"osm_station_ids":["node/6172173706"],"coord_system":"GCJ-02"}},{"type":"Feature","geometry":{"type":"Point","coordinates":[116.4180771,39.9168127]},"properties":{"name":"灯市口","name_zh":"灯市口","name_en":"Dengshikou","aliases":["灯市口","Dengshikou"],"lines":["5"],"line_names":["5号线"],"osm_station_ids":["node/5305505989"],"coord_system":"GCJ-02"}},{"type":"Feature","geometry":{"type":"Point","coordinates":[116.3734898,39.9161589]},"properties":{"name":"灵境胡同","name_zh":"灵境胡同","name_en":"Lingjing Hutong","aliases":["灵境胡同","Lingjing Hutong"],"lines":["4"],"line_names":["4号线"],"osm_station_ids":["node/5444439979"],"coord_system":"GCJ-02"}},{"type":"Feature","geometry":{"type":"Point","coordinates":[116.5375001,39.8554179]},"properties":{"name":"焦化厂","name_zh":"焦化厂","name_en":"Jiaohuachang","aliases":["焦化厂","Jiaohuachang"],"lines":["7"],"line_names":["7号线"],"osm_station_ids":["node/3369459843"],"coord_system":"GCJ-02"}},{"type":"Feature","geometry":{"type":"Point","coordinates":[115.9734637,39.7195592]},"properties":{"name":"燕山","name_zh":"燕山","name_en":"Yanshan","aliases":["燕山","Yanshan"],"lines":["Yanfang"],"line_names":["燕房线"],"osm_station_ids":["node/5402957177"],"coord_system":"GCJ-02"}},{"type":"Feature","geometry":{"type":"Point","coordinates":[116.3635145,39.8906861]},"properties":{"name":"牛街","name_zh":"牛街","name_en":"Niujie","aliases":["牛街","Niujie"],"lines":["19"],"line_names":["19号线"],"osm_station_ids":["way/988860257"],"coord_system":"GCJ-02"}},{"type":"Feature","geometry":{"type":"Point","coordinates":[116.3695563,39.976372]},"properties":{"name":"牡丹园","name_zh":"牡丹园","name_en":"Mudanyuan","aliases":["牡丹园","Mudanyuan"],"lines":["10","19"],"line_names":["10号线","19号线"],"osm_station_ids":["node/5448581898","node/9385101461"],"coord_system":"GCJ-02"}},{"type":"Feature","geometry":{"type":"Point","coordinates":[116.6393284,39.9269953]},"properties":{"name":"物资学院路","name_zh":"物资学院路","name_en":"Wuzixueyuanlu","aliases":["物资学院路","Wuzixueyuanlu"],"lines":["6"],"line_names":["6号线"],"osm_station_ids":["node/8073325258"],"coord_system":"GCJ-02"}},{"type":"Feature","geometry":{"type":"Point","coordinates":[116.25293,39.9074088]},"properties":{"name":"玉泉路","name_zh":"玉泉路","name_en":"Yuquanlu","aliases":["玉泉路","Yuquanlu"],"lines":["1"],"line_names":["1号线"],"osm_station_ids":["node/6617849508"],"coord_system":"GCJ-02"}},{"type":"Feature","geometry":{"type":"Point","coordinates":[116.3350086,39.9152526]},"properties":{"name":"玉渊潭东门","name_zh":"玉渊潭东门","name_en":"Yuyuantan Park East Gate","aliases":["玉渊潭东门","Yuyuantan Park East Gate"],"lines":["16"],"line_names":["16号线"],"osm_station_ids":["node/4564112816"],"coord_system":"GCJ-02"}},{"type":"Feature","geometry":{"type":"Point","coordinates":[116.4115221,39.9083534]},"properties":{"name":"王府井","name_zh":"王府井","name_en":"Wangfujing","aliases":["王府井","Wangfujing"],"lines":["1","8"],"line_names":["1号线","8号线"],"osm_station_ids":["node/6617849503"],"coord_system":"GCJ-02"}},{"type":"Feature","geometry":{"type":"Point","coordinates":[116.6794539,39.8492972]},"properties":{"name":"环球度假区","name_zh":"环球度假区","name_en":"Universal Resort","aliases":["环球度假区","Universal Resort"],"lines":["1","7","Batong"],"line_names":["1号线","7号线","八通线"],"osm_station_ids":["node/6930098800"],"coord_system":"GCJ-02"}},{"type":"Feature","geometry":{"type":"Point","coordinates":[116.398433,39.8907126]},"properties":{"name":"珠市口","name_zh":"珠市口","name_en":"Zhushikou","aliases":["珠市口","Zhushikou"],"lines":["7","8"],"line_names":["7号线","8号线"],"osm_station_ids":["node/6172173698"],"coord_system":"GCJ-02"}},{"type":"Feature","geometry":{"type":"Point","coordinates":[116.3346421,39.9237519]},"properties":{"name":"甘家口","name_zh":"甘家口","name_en":"Ganjia Kou","aliases":["甘家口","Ganjia Kou"],"lines":["16"],"line_names":["16号线"],"osm_station_ids":["node/4564112817"],"coord_system":"GCJ-02"}},{"type":"Feature","geometry":{"type":"Point","coordinates":[116.2942603,40.0948248]},"properties":{"name":"生命科学园","name_zh":"生命科学园","name_en":"Life Science Park","aliases":["生命科学园","Life Science Park"],"lines":["Changping"],"line_names":["昌平线"],"osm_station_ids":["node/8073325263"],"coord_system":"GCJ-02"}},{"type":"Feature","geometry":{"type":"Point","coordinates":[116.3217584,39.6863759]},"properties":{"name":"生物医药基地","name_zh":"生物医药基地","name_en":"Biomedical Base","aliases":["生物医药基地","Biomedical Base"],"lines":["4","Daxing"],"line_names":["4号线","大兴线"],"osm_station_ids":["node/5441516142"],"coord_system":"GCJ-02"}},{"type":"Feature","geometry":{"type":"Point","coordinates":[116.2529153,39.9296063]},"properties":{"name":"田村","name_zh":"田村","name_en":"Tian Cun","aliases":["田村","Tian Cun"],"lines":["6"],"line_names":["6号线"],"osm_station_ids":["node/6172173687"],"coord_system":"GCJ-02"}},{"type":"Feature","geometry":{"type":"Point","coordinates":[116.3257981,39.9238699]},"properties":{"name":"白堆子","name_zh":"白堆子","name_en":"Baiduizi","aliases":["白堆子","Baiduizi"],"lines":["9"],"line_names":["9号线"],"osm_station_ids":["node/5448545746"],"coord_system":"GCJ-02"}},{"type":"Feature","geometry":{"type":"Point","coordinates":[116.3128557,39.8195409]},"properties":{"name":"白盆窑","name_zh":"白盆窑","name_en":"Baipenyao","aliases":["白盆窑","Baipenyao"],"lines":["Fangshan"],"line_names":["房山线"],"osm_station_ids":["node/7631365912"],"coord_system":"GCJ-02"}},{"type":"Feature","geometry":{"type":"Point","coordinates":[116.3250283,39.9331163]},"properties":{"name":"白石桥南","name_zh":"白石桥南","name_en":"Baishi Bridge South","aliases":["白石桥南","Baishi Bridge South","Baishiqiao South"],"lines":["6","9"],"line_names":["6号线","9号线"],"osm_station_ids":["node/5430545454","node/5448589968"],"coord_system":"GCJ-02"}},{"type":"Feature","geometry":{"type":"Point","coordinates":[116.4962863,39.8926253]},"properties":{"name":"百子湾","name_zh":"百子湾","name_en":"Baiziwan","aliases":["百子湾","Baiziwan"],"lines":["7"],"line_names":["7号线"],"osm_station_ids":["node/3369459845"],"coord_system":"GCJ-02"}},{"type":"Feature","geometry":{"type":"Point","coordinates":[116.2726703,39.8350177]},"properties":{"name":"看丹","name_zh":"看丹","name_en":"Kandan","aliases":["看丹","Kandan"],"lines":["16"],"line_names":["16号线"],"osm_station_ids":["node/10296512593"],"coord_system":"GCJ-02"}},{"type":"Feature","geometry":{"type":"Point","coordinates":[116.3405472,39.976419]},"properties":{"name":"知春路","name_zh":"知春路","name_en":"Zhichun Lu","aliases":["知春路","Zhichun Lu"],"lines":["10","13"],"line_names":["10号线","13号线"],"osm_station_ids":["node/5430403863"],"coord_system":"GCJ-02"}},{"type":"Feature","geometry":{"type":"Point","coordinates":[116.3290591,39.9762539]},"properties":{"name":"知春里","name_zh":"知春里","name_en":"Zhichunli","aliases":["知春里","Zhichunli"],"lines":["10"],"line_names":["10号线"],"osm_station_ids":["node/7896877681"],"coord_system":"GCJ-02"}},{"type":"Feature","geometry":{"type":"Point","coordinates":[116.4994783,39.9354073]},"properties":{"name":"石佛营","name_zh":"石佛营","name_en":"Shifoying","aliases":["石佛营","Shifoying"],"lines":["3"],"line_names":["3号线"],"osm_station_ids":["node/12430747506"],"coord_system":"GCJ-02"}},{"type":"Feature","geometry":{"type":"Point","coordinates":[116.1003158,39.8892779]},"properties":{"name":"石厂","name_zh":"石厂","name_en":"Shichang","aliases":["石厂","Shichang"],"lines":["S1"],"line_names":["S1线"],"osm_station_ids":["node/5402921996"],"coord_system":"GCJ-02"}},{"type":"Feature","geometry":{"type":"Point","coordinates":[116.4136472,39.845893]},"properties":{"name":"石榴庄","name_zh":"石榴庄","name_en":"Shiliuzhuang","aliases":["石榴庄","Shiliuzhuang"],"lines":["10"],"line_names":["10号线"],"osm_station_ids":["node/7896877682"],"coord_system":"GCJ-02"}},{"type":"Feature","geometry":{"type":"Point","coordinates":[116.6410775,40.1297208]},"properties":{"name":"石门","name_zh":"石门","name_en":"Shimen","aliases":["石门","Shimen"],"lines":["15"],"line_names":["15号线"],"osm_station_ids":["node/13299172063"],"coord_system":"GCJ-02"}},{"type":"Feature","geometry":{"type":"Point","coordinates":[116.418858,39.8931035]},"properties":{"name":"磁器口","name_zh":"磁器口","name_en":"Ciqikou","aliases":["磁器口","Ciqikou"],"lines":["5","7"],"line_names":["5号线","7号线"],"osm_station_ids":["node/3369459846"],"coord_system":"GCJ-02"}},{"type":"Feature","geometry":{"type":"Point","coordinates":[116.2974796,39.8321285]},"properties":{"name":"科怡路","name_zh":"科怡路","name_en":"Keyilu","aliases":["科怡路","Keyilu"],"lines":["9"],"line_names":["9号线"],"osm_station_ids":["node/5442237611"],"coord_system":"GCJ-02"}},{"type":"Feature","geometry":{"type":"Point","coordinates":[116.3726613,39.9481605]},"properties":{"name":"积水潭","name_zh":"积水潭","name_en":"Jishuitan","aliases":["积水潭","Jishuitan"],"lines":["19","2"],"line_names":["2号线","19号线"],"osm_station_ids":["node/6724002358","node/9385085643"],"coord_system":"GCJ-02"}},{"type":"Feature","geometry":{"type":"Point","coordinates":[116.2188388,39.7948239]},"properties":{"name":"稻田","name_zh":"稻田","name_en":"Daotian","aliases":["稻田","Daotian"],"lines":["Fangshan"],"line_names":["房山线"],"osm_station_ids":["way/93577810"],"coord_system":"GCJ-02"}},{"type":"Feature","geometry":{"type":"Point","coordinates":[116.1887078,40.0688044]},"properties":{"name":"稻香湖路","name_zh":"稻香湖路","name_en":"Daoxianghulu","aliases":["稻香湖路","Daoxianghulu"],"lines":["16"],"line_names":["16号线"],"osm_station_ids":["way/890592405"],"coord_system":"GCJ-02"}},{"type":"Feature","geometry":{"type":"Point","coordinates":[116.4119629,40.052915]},"properties":{"name":"立水桥","name_zh":"立水桥","name_en":"Lishuiqiao","aliases":["立水桥","Lishuiqiao"],"lines":["13","5"],"line_names":["5号线","13号线"],"osm_station_ids":["node/12205156087"],"coord_system":"GCJ-02"}},{"type":"Feature","geometry":{"type":"Point","coordinates":[116.4145031,40.0419165]},"properties":{"name":"立水桥南","name_zh":"立水桥南","name_en":"Lishuiqiao South","aliases":["立水桥南","Lishuiqiao South"],"lines":["5"],"line_names":["5号线"],"osm_station_ids":["node/5442212133"],"coord_system":"GCJ-02"}},{"type":"Feature","geometry":{"type":"Point","coordinates":[116.5989526,39.9091236]},"properties":{"name":"管庄","name_zh":"管庄","name_en":"Guaanzhuang","aliases":["管庄","Guaanzhuang"],"lines":["1","Batong"],"line_names":["1号线","八通线"],"osm_station_ids":["node/5441536712"],"coord_system":"GCJ-02"}},{"type":"Feature","geometry":{"type":"Point","coordinates":[116.1895059,39.7606536]},"properties":{"name":"篱笆房","name_zh":"篱笆房","name_en":"Libafang","aliases":["篱笆房","Libafang"],"lines":["Fangshan"],"line_names":["房山线"],"osm_station_ids":["node/8073272029"],"coord_system":"GCJ-02"}},{"type":"Feature","geometry":{"type":"Point","coordinates":[116.0867552,39.7243976]},"properties":{"name":"紫草坞","name_zh":"紫草坞","name_en":"Zicaowu","aliases":["紫草坞","Zicaowu"],"lines":["Yanfang"],"line_names":["燕房线"],"osm_station_ids":["node/9153343832"],"coord_system":"GCJ-02"}},{"type":"Feature","geometry":{"type":"Point","coordinates":[116.4417627,40.0344728]},"properties":{"name":"红军营","name_zh":"红军营","name_en":"Hongjunying","aliases":["红军营","Hongjunying"],"lines":["17"],"line_names":["17号线"],"osm_station_ids":["node/11478723290"],"coord_system":"GCJ-02"}},{"type":"Feature","geometry":{"type":"Point","coordinates":[116.4782219,39.9158701]},"properties":{"name":"红庙","name_zh":"红庙","name_en":"Hongmiao","aliases":["红庙","Hongmiao"],"lines":["14"],"line_names":["14号线"],"osm_station_ids":["node/9150216945"],"coord_system":"GCJ-02"}},{"type":"Feature","geometry":{"type":"Point","coordinates":[116.3369345,39.8775855]},"properties":{"name":"红莲南路","name_zh":"红莲南路","name_en":"Honglian Nanlu","aliases":["红莲南路","Honglian Nanlu"],"lines":["16"],"line_names":["16号线"],"osm_station_ids":["node/4564112795"],"coord_system":"GCJ-02"}},{"type":"Feature","geometry":{"type":"Point","coordinates":[116.3334797,39.8444804]},"properties":{"name":"纪家庙","name_zh":"纪家庙","name_en":"Jijiaomiao","aliases":["纪家庙","Jijiaomiao"],"lines":["10"],"line_names":["10号线"],"osm_station_ids":["node/7896877679"],"coord_system":"GCJ-02"}},{"type":"Feature","geometry":{"type":"Point","coordinates":[116.5622457,39.7836185]},"properties":{"name":"经海路","name_zh":"经海路","name_en":"Jinghailu","aliases":["经海路","Jinghailu"],"lines":["Yizhuang"],"line_names":["亦庄线"],"osm_station_ids":["node/5444695596"],"coord_system":"GCJ-02"}},{"type":"Feature","geometry":{"type":"Point","coordinates":[116.6706163,39.8634432]},"properties":{"name":"群芳","name_zh":"群芳","name_en":"Qunfang","aliases":["群芳","Qunfang"],"lines":["7"],"line_names":["7号线"],"osm_station_ids":["way/691433562"],"coord_system":"GCJ-02"}},{"type":"Feature","geometry":{"type":"Point","coordinates":[116.448907,39.8341658]},"properties":{"name":"肖村","name_zh":"肖村","name_en":"Xiaocun","aliases":["肖村","Xiaocun"],"lines":["Yizhuang"],"line_names":["亦庄线"],"osm_station_ids":["node/7278207455"],"coord_system":"GCJ-02"}},{"type":"Feature","geometry":{"type":"Point","coordinates":[116.3472518,40.0596328]},"properties":{"name":"育新","name_zh":"育新","name_en":"Yuxin","aliases":["育新","Yuxin"],"lines":["8"],"line_names":["8号线"],"osm_station_ids":["way/126857011"],"coord_system":"GCJ-02"}},{"type":"Feature","geometry":{"type":"Point","coordinates":[116.3266449,40.0878843]},"properties":{"name":"育知路","name_zh":"育知路","name_en":"Yuzhilu","aliases":["育知路","Yuzhilu"],"lines":["8"],"line_names":["8号线"],"osm_station_ids":["way/301638280"],"coord_system":"GCJ-02"}},{"type":"Feature","geometry":{"type":"Point","coordinates":[116.1404914,39.7232396]},"properties":{"name":"良乡南关","name_zh":"良乡南关","name_en":"Liangxiang Nanguan","aliases":["良乡南关","Liangxiang Nanguan"],"lines":["Fangshan"],"line_names":["房山线"],"osm_station_ids":["node/5430390454"],"coord_system":"GCJ-02"}},{"type":"Feature","geometry":{"type":"Point","coordinates":[116.1764555,39.7231984]},"properties":{"name":"良乡大学城","name_zh":"良乡大学城","name_en":"Liangxiang University Town","aliases":["良乡大学城","Liangxiang University Town"],"lines":["Fangshan"],"line_names":["房山线"],"osm_station_ids":["node/8073272032"],"coord_system":"GCJ-02"}},{"type":"Feature","geometry":{"type":"Point","coordinates":[116.1834746,39.7297492]},"properties":{"name":"良乡大学城北","name_zh":"良乡大学城北","name_en":"Liangxiang University Town North","aliases":["良乡大学城北","Liangxiang University Town North"],"lines":["Fangshan"],"line_names":["房山线"],"osm_station_ids":["node/8073272031"],"coord_system":"GCJ-02"}},{"type":"Feature","geometry":{"type":"Point","coordinates":[116.1562296,39.723202]},"properties":{"name":"良乡大学城西","name_zh":"良乡大学城西","name_en":"Liangxiang University Town West","aliases":["良乡大学城西","Liangxiang University Town West"],"lines":["Fangshan"],"line_names":["房山线"],"osm_station_ids":["node/8073272033"],"coord_system":"GCJ-02"}},{"type":"Feature","geometry":{"type":"Point","coordinates":[116.4359675,39.977343]},"properties":{"name":"芍药居","name_zh":"芍药居","name_en":"Shaoyaoju","aliases":["芍药居","Shaoyaoju"],"lines":["10","13"],"line_names":["10号线","13号线"],"osm_station_ids":["node/5430392913"],"coord_system":"GCJ-02"}},{"type":"Feature","geometry":{"type":"Point","coordinates":[116.3200374,39.8291272]},"properties":{"name":"花乡东桥","name_zh":"花乡东桥","name_en":"Huaxiang Dongqiao","aliases":["花乡东桥","Huaxiang Dongqiao"],"lines":["Fangshan"],"line_names":["房山线"],"osm_station_ids":["node/7631365924"],"coord_system":"GCJ-02"}},{"type":"Feature","geometry":{"type":"Point","coordinates":[116.3100655,39.9324815]},"properties":{"name":"花园桥","name_zh":"花园桥","name_en":"Huayuanqiao","aliases":["花园桥","Huayuanqiao"],"lines":["6"],"line_names":["6号线"],"osm_station_ids":["node/5441522470"],"coord_system":"GCJ-02"}},{"type":"Feature","geometry":{"type":"Point","coordinates":[116.6949834,39.8565409]},"properties":{"name":"花庄","name_zh":"花庄","name_en":"Huazhuang","aliases":["花庄","Huazhuang"],"lines":["1","7","Batong"],"line_names":["1号线","7号线","八通线"],"osm_station_ids":["node/6930098785"],"coord_system":"GCJ-02"}},{"type":"Feature","geometry":{"type":"Point","coordinates":[116.5576971,40.0844365]},"properties":{"name":"花梨坎","name_zh":"花梨坎","name_en":"Hualikan","aliases":["花梨坎","Hualikan"],"lines":["15"],"line_names":["15号线"],"osm_station_ids":["node/8073325253"],"coord_system":"GCJ-02"}},{"type":"Feature","geometry":{"type":"Point","coordinates":[116.3076477,39.9622646]},"properties":{"name":"苏州桥","name_zh":"苏州桥","name_en":"Suzhou Qiao","aliases":["苏州桥","Suzhou Qiao"],"lines":["12","16"],"line_names":["12号线","16号线"],"osm_station_ids":["node/12435287602","node/4564112846"],"coord_system":"GCJ-02"}},{"type":"Feature","geometry":{"type":"Point","coordinates":[116.3060558,39.9755912]},"properties":{"name":"苏州街","name_zh":"苏州街","name_en":"Suzhoujie","aliases":["苏州街","Suzhoujie"],"lines":["10","16"],"line_names":["10号线","16号线"],"osm_station_ids":["node/5448587388"],"coord_system":"GCJ-02"}},{"type":"Feature","geometry":{"type":"Point","coordinates":[116.1252498,39.7232262]},"properties":{"name":"苏庄","name_zh":"苏庄","name_en":"Suzhuang","aliases":["苏庄","Suzhuang"],"lines":["Fangshan"],"line_names":["房山线"],"osm_station_ids":["node/8073272034"],"coord_system":"GCJ-02"}},{"type":"Feature","geometry":{"type":"Point","coordinates":[116.1782484,39.9257272]},"properties":{"name":"苹果园","name_zh":"苹果园","name_en":"Pingguoyuan","aliases":["苹果园","Pingguoyuan"],"lines":["1","6","S1"],"line_names":["1号线","6号线","S1线"],"osm_station_ids":["node/10286052522","node/9380332412","way/659238375"],"coord_system":"GCJ-02"}},{"type":"Feature","geometry":{"type":"Point","coordinates":[116.2481026,39.9821143]},"properties":{"name":"茶棚","name_zh":"茶棚","name_en":"Chapeng","aliases":["茶棚","Chapeng"],"lines":["Xijiao"],"line_names":["西郊线"],"osm_station_ids":["node/5621379393"],"coord_system":"GCJ-02"}},{"type":"Feature","geometry":{"type":"Point","coordinates":[116.6160994,39.924552]},"properties":{"name":"草房","name_zh":"草房","name_en":"Caofang","aliases":["草房","Caofang"],"lines":["6"],"line_names":["6号线"],"osm_station_ids":["node/8073325259"],"coord_system":"GCJ-02"}},{"type":"Feature","geometry":{"type":"Point","coordinates":[116.3497254,39.8469491]},"properties":{"name":"草桥","name_zh":"草桥","name_en":"Caoqiao","aliases":["草桥","Caoqiao"],"lines":["10","19","DaxingAirport"],"line_names":["10号线","19号线","大兴机场线"],"osm_station_ids":["node/9122347219","node/9385116432","node/9385116433"],"coord_system":"GCJ-02"}},{"type":"Feature","geometry":{"type":"Point","coordinates":[116.513427,39.7932127]},"properties":{"name":"荣京东街","name_zh":"荣京东街","name_en":"Rongjing Dongjie","aliases":["荣京东街","Rongjing Dongjie"],"lines":["Yizhuang"],"line_names":["亦庄线"],"osm_station_ids":["node/8073260827"],"coord_system":"GCJ-02"}},{"type":"Feature","geometry":{"type":"Point","coordinates":[116.5217887,39.7828621]},"properties":{"name":"荣昌东街","name_zh":"荣昌东街","name_en":"Rongchangdongjie","aliases":["荣昌东街","Rongchangdongjie"],"lines":["Yizhuang"],"line_names":["亦庄线"],"osm_station_ids":["node/8073260828"],"coord_system":"GCJ-02"}},{"type":"Feature","geometry":{"type":"Point","coordinates":[116.3103872,39.897426]},"properties":{"name":"莲花桥","name_zh":"莲花桥","name_en":"Lianhuaqiao","aliases":["莲花桥","Lianhuaqiao"],"lines":["10"],"line_names":["10号线"],"osm_station_ids":["node/5453394777"],"coord_system":"GCJ-02"}},{"type":"Feature","geometry":{"type":"Point","coordinates":[116.3744304,39.8893703]},"properties":{"name":"菜市口","name_zh":"菜市口","name_en":"Caishikou","aliases":["菜市口","Caishikou"],"lines":["4","7"],"line_names":["4号线","7号线"],"osm_station_ids":["node/3369459847"],"coord_system":"GCJ-02"}},{"type":"Feature","geometry":{"type":"Point","coordinates":[116.3428304,39.8675853]},"properties":{"name":"菜户营","name_zh":"菜户营","name_en":"Caihuying","aliases":["菜户营","Caihuying"],"lines":["14"],"line_names":["14号线"],"osm_station_ids":["node/3367069257"],"coord_system":"GCJ-02"}},{"type":"Feature","geometry":{"type":"Point","coordinates":[116.4216937,39.8657269]},"properties":{"name":"蒲黄榆","name_zh":"蒲黄榆","name_en":"Puhuangyu","aliases":["蒲黄榆","Puhuangyu"],"lines":["14","5"],"line_names":["5号线","14号线"],"osm_station_ids":["node/3367857705"],"coord_system":"GCJ-02"}},{"type":"Feature","geometry":{"type":"Point","coordinates":[116.2827508,39.9570912]},"properties":{"name":"蓝靛厂","name_zh":"蓝靛厂","name_en":"Landianchang","aliases":["蓝靛厂","Landianchang"],"lines":["12"],"line_names":["12号线"],"osm_station_ids":["node/12430714719"],"coord_system":"GCJ-02"}},{"type":"Feature","geometry":{"type":"Point","coordinates":[116.3550153,39.9676654]},"properties":{"name":"蓟门桥","name_zh":"蓟门桥","name_en":"Jimenqiao","aliases":["蓟门桥","Jimenqiao"],"lines":["12","Changping"],"line_names":["12号线","昌平线"],"osm_station_ids":["node/12430713733"],"coord_system":"GCJ-02"}},{"type":"Feature","geometry":{"type":"Point","coordinates":[116.3837074,39.8897876]},"properties":{"name":"虎坊桥","name_zh":"虎坊桥","name_en":"Hufangqiao","aliases":["虎坊桥","Hufangqiao"],"lines":["7"],"line_names":["7号线"],"osm_station_ids":["node/3369459848"],"coord_system":"GCJ-02"}},{"type":"Feature","geometry":{"type":"Point","coordinates":[116.5639579,39.9237467]},"properties":{"name":"褡裢坡","name_zh":"褡裢坡","name_en":"Dalianpo","aliases":["褡裢坡","Dalianpo"],"lines":["6"],"line_names":["6号线"],"osm_station_ids":["node/5441499243"],"coord_system":"GCJ-02"}},{"type":"Feature","geometry":{"type":"Point","coordinates":[116.3062736,40.0529835]},"properties":{"name":"西二旗","name_zh":"西二旗","name_en":"Xi'erqi","aliases":["西二旗","Xi'erqi"],"lines":["13","Changping"],"line_names":["13号线","昌平线"],"osm_station_ids":["node/5430533767"],"coord_system":"GCJ-02"}},{"type":"Feature","geometry":{"type":"Point","coordinates":[116.2581245,40.049115]},"properties":{"name":"西北旺","name_zh":"西北旺","name_en":"Xibeiwang","aliases":["西北旺","Xibeiwang"],"lines":["16"],"line_names":["16号线"],"osm_station_ids":["node/4564112882"],"coord_system":"GCJ-02"}},{"type":"Feature","geometry":{"type":"Point","coordinates":[116.3744198,39.9071187]},"properties":{"name":"西单","name_zh":"西单","name_en":"Xidan","aliases":["西单","Xidan"],"lines":["1","4"],"line_names":["1号线","4号线"],"osm_station_ids":["node/5430540736"],"coord_system":"GCJ-02"}},{"type":"Feature","geometry":{"type":"Point","coordinates":[116.3730307,39.9239245]},"properties":{"name":"西四","name_zh":"西四","name_en":"Xisi","aliases":["西四","Xisi"],"lines":["4"],"line_names":["4号线"],"osm_station_ids":["node/7861046854"],"coord_system":"GCJ-02"}},{"type":"Feature","geometry":{"type":"Point","coordinates":[116.3539612,39.9762169]},"properties":{"name":"西土城","name_zh":"西土城","name_en":"Xitucheng","aliases":["西土城","Xitucheng"],"lines":["10","Changping"],"line_names":["10号线","昌平线"],"osm_station_ids":["node/5448585739"],"coord_system":"GCJ-02"}},{"type":"Feature","geometry":{"type":"Point","coordinates":[116.4416527,39.9658094]},"properties":{"name":"西坝河","name_zh":"西坝河","name_en":"Xibahe","aliases":["西坝河","Xibahe"],"lines":["12","17"],"line_names":["12号线","17号线"],"osm_station_ids":["node/11481744722","node/12435251105"],"coord_system":"GCJ-02"}},{"type":"Feature","geometry":{"type":"Point","coordinates":[116.3513541,40.0474175]},"properties":{"name":"西小口","name_zh":"西小口","name_en":"Xixiaokou","aliases":["西小口","Xixiaokou"],"lines":["8"],"line_names":["8号线"],"osm_station_ids":["node/5305506004"],"coord_system":"GCJ-02"}},{"type":"Feature","geometry":{"type":"Point","coordinates":[116.3038721,39.8664791]},"properties":{"name":"西局","name_zh":"西局","name_en":"Xiju","aliases":["西局","Xiju"],"lines":["10","14"],"line_names":["10号线","14号线"],"osm_station_ids":["node/3367044891"],"coord_system":"GCJ-02"}},{"type":"Feature","geometry":{"type":"Point","coordinates":[116.3546757,39.9409951]},"properties":{"name":"西直门","name_zh":"西直门","name_en":"Xizhimen","aliases":["西直门","Xizhimen"],"lines":["13","2","4"],"line_names":["2号线","4号线","13号线"],"osm_station_ids":["node/5430462574","way/72592765"],"coord_system":"GCJ-02"}},{"type":"Feature","geometry":{"type":"Point","coordinates":[116.3287837,39.7896877]},"properties":{"name":"西红门","name_zh":"西红门","name_en":"Xihongmen","aliases":["西红门","Xihongmen"],"lines":["4","Daxing"],"line_names":["4号线","大兴线"],"osm_station_ids":["node/7860703071"],"coord_system":"GCJ-02"}},{"type":"Feature","geometry":{"type":"Point","coordinates":[116.2919825,39.9983292]},"properties":{"name":"西苑","name_zh":"西苑","name_en":"Xiyuan","aliases":["西苑","Xiyuan"],"lines":["16","4"],"line_names":["4号线","16号线"],"osm_station_ids":["node/6580603898","way/890600582"],"coord_system":"GCJ-02"}},{"type":"Feature","geometry":{"type":"Point","coordinates":[116.2979708,39.9231481]},"properties":{"name":"西钓鱼台","name_zh":"西钓鱼台","name_en":"Xidiaoyutai","aliases":["西钓鱼台","Xidiaoyutai"],"lines":["10"],"line_names":["10号线"],"osm_station_ids":["node/5453388186"],"coord_system":"GCJ-02"}},{"type":"Feature","geometry":{"type":"Point","coordinates":[116.3558859,39.8613264]},"properties":{"name":"西铁营","name_zh":"西铁营","name_en":"Xitieying","aliases":["西铁营","Xitieying"],"lines":["14"],"line_names":["14号线"],"osm_station_ids":["node/9365006124"],"coord_system":"GCJ-02"}},{"type":"Feature","geometry":{"type":"Point","coordinates":[116.2067014,39.9337518]},"properties":{"name":"西黄村","name_zh":"西黄村","name_en":"Xihuang Cun","aliases":["西黄村","Xihuang Cun"],"lines":["6"],"line_names":["6号线"],"osm_station_ids":["node/6172173685"],"coord_system":"GCJ-02"}},{"type":"Feature","geometry":{"type":"Point","coordinates":[116.3850303,39.8452292]},"properties":{"name":"角门东","name_zh":"角门东","name_en":"Jiaomen East","aliases":["角门东","Jiaomen East"],"lines":["10"],"line_names":["10号线"],"osm_station_ids":["node/5430391236"],"coord_system":"GCJ-02"}},{"type":"Feature","geometry":{"type":"Point","coordinates":[116.3711275,39.8458475]},"properties":{"name":"角门西","name_zh":"角门西","name_en":"Jiaomen West","aliases":["角门西","Jiaomen West"],"lines":["10","4"],"line_names":["4号线","10号线"],"osm_station_ids":["node/5430507192","way/152589307"],"coord_system":"GCJ-02"}},{"type":"Feature","geometry":{"type":"Point","coordinates":[116.3555271,39.9325074]},"properties":{"name":"车公庄","name_zh":"车公庄","name_en":"Chegongzhuang","aliases":["车公庄","Chegongzhuang"],"lines":["2","6"],"line_names":["2号线","6号线"],"osm_station_ids":["node/5430505472"],"coord_system":"GCJ-02"}},{"type":"Feature","geometry":{"type":"Point","coordinates":[116.3441499,39.9323924]},"properties":{"name":"车公庄西","name_zh":"车公庄西","name_en":"Chegongzhuang West","aliases":["车公庄西","Chegongzhuang West"],"lines":["6"],"line_names":["6号线"],"osm_station_ids":["node/7896877678"],"coord_system":"GCJ-02"}},{"type":"Feature","geometry":{"type":"Point","coordinates":[116.293973,39.9464125]},"properties":{"name":"车道沟站","name_zh":"车道沟站","name_en":null,"aliases":["车道沟站"],"lines":["10"],"line_names":["10号线"],"osm_station_ids":["way/121653924"],"coord_system":"GCJ-02"}},{"type":"Feature","geometry":{"type":"Point","coordinates":[116.3355063,39.8902051]},"properties":{"name":"达官营","name_zh":"达官营","name_en":"Daguanying","aliases":["达官营","Daguanying"],"lines":["16","7"],"line_names":["7号线","16号线"],"osm_station_ids":["node/3369459849"],"coord_system":"GCJ-02"}},{"type":"Feature","geometry":{"type":"Point","coordinates":[116.6614128,39.9185651]},"properties":{"name":"通州北关","name_zh":"通州北关","name_en":"Tongzhou Beiguan","aliases":["通州北关","Tongzhou Beiguan"],"lines":["6"],"line_names":["6号线"],"osm_station_ids":["node/8073325257"],"coord_system":"GCJ-02"}},{"type":"Feature","geometry":{"type":"Point","coordinates":[116.637231,39.9038041]},"properties":{"name":"通州北苑","name_zh":"通州北苑","name_en":"Tongzhou Beiyuan","aliases":["通州北苑","Tongzhou Beiyuan"],"lines":["1","Batong"],"line_names":["1号线","八通线"],"osm_station_ids":["node/5444674048"],"coord_system":"GCJ-02"}},{"type":"Feature","geometry":{"type":"Point","coordinates":[116.6728669,39.9111152]},"properties":{"name":"通运门","name_zh":"通运门","name_en":"Tongyun Men","aliases":["通运门","Tongyun Men"],"lines":["6"],"line_names":["6号线"],"osm_station_ids":["node/13974628840"],"coord_system":"GCJ-02"}},{"type":"Feature","geometry":{"type":"Point","coordinates":[116.5699085,39.856596]},"properties":{"name":"郎辛庄","name_zh":"郎辛庄","name_en":"Langxinzhuang","aliases":["郎辛庄","Langxinzhuang"],"lines":["7"],"line_names":["7号线"],"osm_station_ids":["node/6930098568"],"coord_system":"GCJ-02"}},{"type":"Feature","geometry":{"type":"Point","coordinates":[116.7171893,39.903339]},"properties":{"name":"郝家府","name_zh":"郝家府","name_en":"Haojiafu","aliases":["郝家府","Haojiafu"],"lines":["6"],"line_names":["6号线"],"osm_station_ids":["node/5441488835"],"coord_system":"GCJ-02"}},{"type":"Feature","geometry":{"type":"Point","coordinates":[116.302083,39.8146266]},"properties":{"name":"郭公庄","name_zh":"郭公庄","name_en":"Guogongzhuang","aliases":["郭公庄","Guogongzhuang"],"lines":["9","Fangshan"],"line_names":["9号线","房山线"],"osm_station_ids":["node/5430450045"],"coord_system":"GCJ-02"}},{"type":"Feature","geometry":{"type":"Point","coordinates":[116.2544106,39.8652671]},"properties":{"name":"郭庄子","name_zh":"郭庄子","name_en":"Guozhuangzi","aliases":["郭庄子","Guozhuangzi"],"lines":["14"],"line_names":["14号线"],"osm_station_ids":["node/3365609791"],"coord_system":"GCJ-02"}},{"type":"Feature","geometry":{"type":"Point","coordinates":[116.4616888,39.9173026]},"properties":{"name":"金台夕照","name_zh":"金台夕照","name_en":"Jintaixizhao","aliases":["金台夕照","Jintaixizhao"],"lines":["10"],"line_names":["10号线"],"osm_station_ids":["node/5687481931"],"coord_system":"GCJ-02"}},{"type":"Feature","geometry":{"type":"Point","coordinates":[116.4784512,39.9228937]},"properties":{"name":"金台路","name_zh":"金台路","name_en":"Jintailu","aliases":["金台路","Jintailu"],"lines":["14","6"],"line_names":["6号线","14号线"],"osm_station_ids":["node/6606206479"],"coord_system":"GCJ-02"}},{"type":"Feature","geometry":{"type":"Point","coordinates":[116.1625796,39.9230348]},"properties":{"name":"金安桥","name_zh":"金安桥","name_en":"Jin'anqiao","aliases":["金安桥","Jin'anqiao"],"lines":["11","6","S1"],"line_names":["6号线","11号线","S1线"],"osm_station_ids":["node/6172173583","node/9379477292","node/9379511539"],"coord_system":"GCJ-02"}},{"type":"Feature","geometry":{"type":"Point","coordinates":[116.4111689,39.9161089]},"properties":{"name":"金鱼胡同","name_zh":"金鱼胡同","name_en":"Jinyu Hutong","aliases":["金鱼胡同","Jinyu Hutong"],"lines":["8"],"line_names":["8号线"],"osm_station_ids":["node/9379477284"],"coord_system":"GCJ-02"}},{"type":"Feature","geometry":{"type":"Point","coordinates":[116.294122,39.9586556]},"properties":{"name":"长春桥站","name_zh":"长春桥站","name_en":null,"aliases":["长春桥站"],"lines":["10","12"],"line_names":["10号线","12号线"],"osm_station_ids":["way/152587337"],"coord_system":"GCJ-02"}},{"type":"Feature","geometry":{"type":"Point","coordinates":[116.3634108,39.8994032]},"properties":{"name":"长椿街","name_zh":"长椿街","name_en":"Changchunjie","aliases":["长椿街","Changchunjie"],"lines":["2"],"line_names":["2号线"],"osm_station_ids":["node/6724644888"],"coord_system":"GCJ-02"}},{"type":"Feature","geometry":{"type":"Point","coordinates":[116.2125728,39.7637527]},"properties":{"name":"长阳","name_zh":"长阳","name_en":"Changyang","aliases":["长阳","Changyang"],"lines":["Fangshan"],"line_names":["房山线"],"osm_station_ids":["node/8073272028"],"coord_system":"GCJ-02"}},{"type":"Feature","geometry":{"type":"Point","coordinates":[116.0802627,39.7166564]},"properties":{"name":"阎村","name_zh":"阎村","name_en":"Yancun","aliases":["阎村","Yancun"],"lines":["Yanfang"],"line_names":["燕房线"],"osm_station_ids":["node/5402953665"],"coord_system":"GCJ-02"}},{"type":"Feature","geometry":{"type":"Point","coordinates":[116.1008534,39.7289399]},"properties":{"name":"阎村东","name_zh":"阎村东","name_en":"Yancun East","aliases":["阎村东","Yancun East"],"lines":["Fangshan","Yanfang"],"line_names":["房山线","燕房线"],"osm_station_ids":["node/5779155490","way/550313875"],"coord_system":"GCJ-02"}},{"type":"Feature","geometry":{"type":"Point","coordinates":[116.3562515,39.9236659]},"properties":{"name":"阜成门","name_zh":"阜成门","name_en":"Fuchengmen","aliases":["阜成门","Fuchengmen"],"lines":["2"],"line_names":["2号线"],"osm_station_ids":["node/6724644887"],"coord_system":"GCJ-02"}},{"type":"Feature","geometry":{"type":"Point","coordinates":[116.4712068,39.9920034]},"properties":{"name":"阜通","name_zh":"阜通","name_en":"Futong","aliases":["阜通","Futong"],"lines":["14"],"line_names":["14号线"],"osm_station_ids":["node/3369356934"],"coord_system":"GCJ-02"}},{"type":"Feature","geometry":{"type":"Point","coordinates":[116.3744156,39.8788157]},"properties":{"name":"陶然亭","name_zh":"陶然亭","name_en":"Taoranting","aliases":["陶然亭","Taoranting"],"lines":["4"],"line_names":["4号线"],"osm_station_ids":["node/7861046855"],"coord_system":"GCJ-02"}},{"type":"Feature","geometry":{"type":"Point","coordinates":[116.4171,39.9488535]},"properties":{"name":"雍和宫","name_zh":"雍和宫","name_en":"Yonghegong Lama Temple","aliases":["雍和宫","Yonghegong Lama Temple"],"lines":["2","5"],"line_names":["2号线","5号线"],"osm_station_ids":["node/5305505987","node/5305505988"],"coord_system":"GCJ-02"}},{"type":"Feature","geometry":{"type":"Point","coordinates":[116.3603847,40.0712846]},"properties":{"name":"霍营","name_zh":"霍营","name_en":"Huoying","aliases":["霍营","Huoying"],"lines":["13","8"],"line_names":["8号线","13号线"],"osm_station_ids":["node/5305506001","node/5430532540"],"coord_system":"GCJ-02"}},{"type":"Feature","geometry":{"type":"Point","coordinates":[116.3760438,40.081959]},"properties":{"name":"霍营东","name_zh":"霍营东","name_en":"Huoyingdong","aliases":["霍营东","Huoyingdong"],"lines":["18"],"line_names":["18号线"],"osm_station_ids":["node/13410044001"],"coord_system":"GCJ-02"}},{"type":"Feature","geometry":{"type":"Point","coordinates":[116.516804,39.9228716]},"properties":{"name":"青年路","name_zh":"青年路","name_en":"Qingnianlu","aliases":["青年路","Qingnianlu"],"lines":["6"],"line_names":["6号线"],"osm_station_ids":["node/5444431618"],"coord_system":"GCJ-02"}},{"type":"Feature","geometry":{"type":"Point","coordinates":[116.6570809,40.1299631]},"properties":{"name":"顺义","name_zh":"顺义","name_en":"Shunyi","aliases":["顺义","Shunyi"],"lines":["15"],"line_names":["15号线"],"osm_station_ids":["node/5441544159"],"coord_system":"GCJ-02"}},{"type":"Feature","geometry":{"type":"Point","coordinates":[116.2632158,39.9857359]},"properties":{"name":"颐和园西门","name_zh":"颐和园西门","name_en":"Summer Palace West Gate","aliases":["颐和园西门","Summer Palace West Gate"],"lines":["Xijiao"],"line_names":["西郊线"],"osm_station_ids":["node/5621379388"],"coord_system":"GCJ-02"}},{"type":"Feature","geometry":{"type":"Point","coordinates":[116.0061519,39.7014485]},"properties":{"name":"饶乐府","name_zh":"饶乐府","name_en":"Raolefu","aliases":["饶乐府","Raolefu"],"lines":["Yanfang"],"line_names":["燕房线"],"osm_station_ids":["node/7796853448"],"coord_system":"GCJ-02"}},{"type":"Feature","geometry":{"type":"Point","coordinates":[116.3200627,39.8443544]},"properties":{"name":"首经贸","name_zh":"首经贸","name_en":"Capital University of Economics & Business","aliases":["首经贸","Capital University of Economics & Business"],"lines":["10","Fangshan"],"line_names":["10号线","房山线"],"osm_station_ids":["node/7074344502","node/8277164621"],"coord_system":"GCJ-02"}},{"type":"Feature","geometry":{"type":"Point","coordinates":[116.5929561,40.0790612]},"properties":{"name":"首都机场2号航站楼","name_zh":"首都机场2号航站楼","name_en":"Capital Airport Terminal 2","aliases":["首都机场2号航站楼","Capital Airport Terminal 2"],"lines":["CapitalAirport"],"line_names":["首都机场线"],"osm_station_ids":["node/9380267871"],"coord_system":"GCJ-02"}},{"type":"Feature","geometry":{"type":"Point","coordinates":[116.6155832,40.0525826]},"properties":{"name":"首都机场3号航站楼","name_zh":"首都机场3号航站楼","name_en":"Capital Airport Terminal 3","aliases":["首都机场3号航站楼","Capital Airport Terminal 3"],"lines":["CapitalAirport"],"line_names":["首都机场线"],"osm_station_ids":["node/9380267870"],"coord_system":"GCJ-02"}},{"type":"Feature","geometry":{"type":"Point","coordinates":[116.2045504,39.9940612]},"properties":{"name":"香山","name_zh":"香山","name_en":"Fragrant Hills","aliases":["香山","Fragrant Hills"],"lines":["Xijiao"],"line_names":["西郊线"],"osm_station_ids":["node/5621379390"],"coord_system":"GCJ-02"}},{"type":"Feature","geometry":{"type":"Point","coordinates":[116.0166896,39.7050003]},"properties":{"name":"马各庄","name_zh":"马各庄","name_en":"Magezhuang","aliases":["马各庄","Magezhuang"],"lines":["Yanfang"],"line_names":["燕房线"],"osm_station_ids":["node/7796839024"],"coord_system":"GCJ-02"}},{"type":"Feature","geometry":{"type":"Point","coordinates":[116.3714116,39.8530085]},"properties":{"name":"马家堡","name_zh":"马家堡","name_en":"Majiapu","aliases":["马家堡","Majiapu"],"lines":["4"],"line_names":["4号线"],"osm_station_ids":["node/7861046856"],"coord_system":"GCJ-02"}},{"type":"Feature","geometry":{"type":"Point","coordinates":[116.5043389,40.033783]},"properties":{"name":"马泉营","name_zh":"马泉营","name_en":"Maquanying","aliases":["马泉营","Maquanying"],"lines":["15"],"line_names":["15号线"],"osm_station_ids":["node/5430450498"],"coord_system":"GCJ-02"}},{"type":"Feature","geometry":{"type":"Point","coordinates":[116.382069,39.9682201]},"properties":{"name":"马甸桥","name_zh":"马甸桥","name_en":"Madian Qiao","aliases":["马甸桥","Madian Qiao"],"lines":["12"],"line_names":["12号线"],"osm_station_ids":["node/12430713734"],"coord_system":"GCJ-02"}},{"type":"Feature","geometry":{"type":"Point","coordinates":[116.2731743,40.0326435]},"properties":{"name":"马连洼","name_zh":"马连洼","name_en":"Malianwa","aliases":["马连洼","Malianwa"],"lines":["16","18"],"line_names":["16号线","18号线"],"osm_station_ids":["node/4564112875","node/9669538693"],"coord_system":"GCJ-02"}},{"type":"Feature","geometry":{"type":"Point","coordinates":[116.5055023,39.9804519]},"properties":{"name":"驼房营","name_zh":"驼房营","name_en":"Tuofangying","aliases":["驼房营","Tuofangying"],"lines":["12"],"line_names":["12号线"],"osm_station_ids":["node/12423657577"],"coord_system":"GCJ-02"}},{"type":"Feature","geometry":{"type":"Point","coordinates":[116.4911067,39.980399]},"properties":{"name":"高家园","name_zh":"高家园","name_en":"Gaojiayuan","aliases":["高家园","Gaojiayuan"],"lines":["12"],"line_names":["12号线"],"osm_station_ids":["node/12423657578"],"coord_system":"GCJ-02"}},{"type":"Feature","geometry":{"type":"Point","coordinates":[116.6852232,39.8627259]},"properties":{"name":"高楼金","name_zh":"高楼金","name_en":"Gaoloujin","aliases":["高楼金","Gaoloujin"],"lines":["7"],"line_names":["7号线"],"osm_station_ids":["way/691433531"],"coord_system":"GCJ-02"}},{"type":"Feature","geometry":{"type":"Point","coordinates":[116.5314605,39.9093999]},"properties":{"name":"高碑店","name_zh":"高碑店","name_en":"Gaobeidian","aliases":["高碑店","Gaobeidian"],"lines":["1","Batong"],"line_names":["1号线","八通线"],"osm_station_ids":["node/8978629464"],"coord_system":"GCJ-02"}},{"type":"Feature","geometry":{"type":"Point","coordinates":[116.3305894,39.774326]},"properties":{"name":"高米店北","name_zh":"高米店北","name_en":"Gaomidian North","aliases":["高米店北","Gaomidian North"],"lines":["4","Daxing"],"line_names":["4号线","大兴线"],"osm_station_ids":["node/7860703072"],"coord_system":"GCJ-02"}},{"type":"Feature","geometry":{"type":"Point","coordinates":[116.3318043,39.7635856]},"properties":{"name":"高米店南","name_zh":"高米店南","name_en":"Gaomidian South","aliases":["高米店南","Gaomidian South"],"lines":["4","Daxing"],"line_names":["4号线","大兴线"],"osm_station_ids":["node/5441536634"],"coord_system":"GCJ-02"}},{"type":"Feature","geometry":{"type":"Point","coordinates":[116.3232969,39.9575971]},"properties":{"name":"魏公村","name_zh":"魏公村","name_en":"Weigongcun","aliases":["魏公村","Weigongcun"],"lines":["4"],"line_names":["4号线"],"osm_station_ids":["node/7861046853"],"coord_system":"GCJ-02"}},{"type":"Feature","geometry":{"type":"Point","coordinates":[116.5533674,39.8490519]},"properties":{"name":"黄厂","name_zh":"黄厂","name_en":"Huangchang","aliases":["黄厂","Huangchang"],"lines":["7"],"line_names":["7号线"],"osm_station_ids":["node/6930098566"],"coord_system":"GCJ-02"}},{"type":"Feature","geometry":{"type":"Point","coordinates":[116.3327615,39.7227991]},"properties":{"name":"黄村火车站","name_zh":"黄村火车站","name_en":"Huangcun Railway Station","aliases":["黄村火车站","Huangcun Railway Station"],"lines":["4","Daxing"],"line_names":["4号线","大兴线"],"osm_station_ids":["node/7860703075"],"coord_system":"GCJ-02"}},{"type":"Feature","geometry":{"type":"Point","coordinates":[116.3326268,39.7317171]},"properties":{"name":"黄村西大街","name_zh":"黄村西大街","name_en":"Huangcun Xidajie","aliases":["黄村西大街","Huangcun Xidajie"],"lines":["4","Daxing"],"line_names":["4号线","大兴线"],"osm_station_ids":["node/7860703074"],"coord_system":"GCJ-02"}},{"type":"Feature","geometry":{"type":"Point","coordinates":[116.5788701,39.9238891]},"properties":{"name":"黄渠","name_zh":"黄渠","name_en":"Huangqu","aliases":["黄渠","Huangqu"],"lines":["6"],"line_names":["6号线"],"osm_station_ids":["node/7896877677"],"coord_system":"GCJ-02"}},{"type":"Feature","geometry":{"type":"Point","coordinates":[116.5985614,39.8587502]},"properties":{"name":"黑庄户","name_zh":"黑庄户","name_en":"Heizhuanghu","aliases":["黑庄户","Heizhuanghu"],"lines":["7"],"line_names":["7号线"],"osm_station_ids":["node/6930098569"],"coord_system":"GCJ-02"}},{"type":"Feature","geometry":{"type":"Point","coordinates":[116.3940216,39.9485384]},"properties":{"name":"鼓楼大街","name_zh":"鼓楼大街","name_en":"Gulou Dajie","aliases":["鼓楼大街","Gulou Dajie"],"lines":["2","8"],"line_names":["2号线","8号线"],"osm_station_ids":["node/5305505994","node/5305505995"],"coord_system":"GCJ-02"}},{"type":"Feature","geometry":{"type":"Point","coordinates":[116.3193243,40.0708639]},"properties":{"name":"龙泽","name_zh":"龙泽","name_en":"Longze","aliases":["龙泽","Longze"],"lines":["13"],"line_names":["13号线"],"osm_station_ids":["node/6617852360"],"coord_system":"GCJ-02"}},{"type":"Feature","geometry":{"type":"Point","coordinates":[116.3101455,40.072754]},"properties":{"name":"龙泽西","name_zh":"龙泽西","name_en":"Longzexi","aliases":["龙泽西","Longzexi"],"lines":["18"],"line_names":["18号线"],"osm_station_ids":["node/13354529561"],"coord_system":"GCJ-02"}}]}