{"type":"FeatureCollection","metadata":{"name":"Beijing Subway stations (Amap-derived)","source":"Amap subway draw API (beijing) + curated metadata","source_url":"https://map.amap.com/subway/index.html?uid=1100","repo":"https://github.com/sphynxlee/bj-subway-typing","repo_data_path":"public/data/metro.json","license":"Practice data; not an official Beijing Subway product","license_note":"The upstream repository ships no LICENSE file; the JSON self-describes as practice data derived from the Amap subway draw API. Treat as source-available reference data, not a redistributable open-data license.","generatedAt":"2026-07-14T17:04:23.211Z","coordinateSystem":"GCJ-02","line_count":27,"station_record_count":526,"unique_amap_station_ids":411,"geometry":"stations only; upstream provides no geographic line geometry"},"features":[{"type":"Feature","geometry":{"type":"Point","coordinates":[116.178674,39.925853]},"properties":{"line_key":"BJ-1","line_id":"1","line_name":"1号线","color":"#A4343A","seq":1,"name":"苹果园","name_zh":"苹果园","name_en":"Ping Guo Yuan","amap_station_id":"110100023110052","operator":"北京市地铁运营有限公司","coord_system":"GCJ-02"}},{"type":"Feature","geometry":{"type":"Point","coordinates":[116.190337,39.90745]},"properties":{"line_key":"BJ-1","line_id":"1","line_name":"1号线","color":"#A4343A","seq":2,"name":"古城","name_zh":"古城","name_en":"Gu Cheng","amap_station_id":"110100023110003","operator":"北京市地铁运营有限公司","coord_system":"GCJ-02"}},{"type":"Feature","geometry":{"type":"Point","coordinates":[116.235948,39.90744]},"properties":{"line_key":"BJ-1","line_id":"1","line_name":"1号线","color":"#A4343A","seq":3,"name":"八宝山","name_zh":"八宝山","name_en":"Ba Bao Shan","amap_station_id":"110100023110005","operator":"北京市地铁运营有限公司","coord_system":"GCJ-02"}},{"type":"Feature","geometry":{"type":"Point","coordinates":[116.252888,39.907433]},"properties":{"line_key":"BJ-1","line_id":"1","line_name":"1号线","color":"#A4343A","seq":4,"name":"玉泉路","name_zh":"玉泉路","name_en":"Yu Quan Lu","amap_station_id":"110100023110006","operator":"北京市地铁运营有限公司","coord_system":"GCJ-02"}},{"type":"Feature","geometry":{"type":"Point","coordinates":[116.273987,39.907456]},"properties":{"line_key":"BJ-1","line_id":"1","line_name":"1号线","color":"#A4343A","seq":5,"name":"五棵松","name_zh":"五棵松","name_en":"Wu Ke Song","amap_station_id":"110100023110007","operator":"北京市地铁运营有限公司","coord_system":"GCJ-02"}},{"type":"Feature","geometry":{"type":"Point","coordinates":[116.294765,39.907474]},"properties":{"line_key":"BJ-1","line_id":"1","line_name":"1号线","color":"#A4343A","seq":6,"name":"万寿路","name_zh":"万寿路","name_en":"Wan Shou Lu","amap_station_id":"110100023110008","operator":"北京市地铁运营有限公司","coord_system":"GCJ-02"}},{"type":"Feature","geometry":{"type":"Point","coordinates":[116.309919,39.907469]},"properties":{"line_key":"BJ-1","line_id":"1","line_name":"1号线","color":"#A4343A","seq":7,"name":"公主坟","name_zh":"公主坟","name_en":"Gong Zhu Fen","amap_station_id":"110100023110009","operator":"北京市地铁运营有限公司","coord_system":"GCJ-02"}},{"type":"Feature","geometry":{"type":"Point","coordinates":[116.321459,39.907422]},"properties":{"line_key":"BJ-1","line_id":"1","line_name":"1号线","color":"#A4343A","seq":8,"name":"军事博物馆","name_zh":"军事博物馆","name_en":"Jun Shi Bo Wu Guan","amap_station_id":"110100023110010","operator":"北京市地铁运营有限公司","coord_system":"GCJ-02"}},{"type":"Feature","geometry":{"type":"Point","coordinates":[116.337583,39.907379]},"properties":{"line_key":"BJ-1","line_id":"1","line_name":"1号线","color":"#A4343A","seq":9,"name":"木樨地","name_zh":"木樨地","name_en":"Mu Xi Di","amap_station_id":"110100023110011","operator":"北京市地铁运营有限公司","coord_system":"GCJ-02"}},{"type":"Feature","geometry":{"type":"Point","coordinates":[116.352583,39.907234]},"properties":{"line_key":"BJ-1","line_id":"1","line_name":"1号线","color":"#A4343A","seq":10,"name":"南礼士路","name_zh":"南礼士路","name_en":"Nan Li Shi Lu","amap_station_id":"110100023110012","operator":"北京市地铁运营有限公司","coord_system":"GCJ-02"}},{"type":"Feature","geometry":{"type":"Point","coordinates":[116.356866,39.907242]},"properties":{"line_key":"BJ-1","line_id":"1","line_name":"1号线","color":"#A4343A","seq":11,"name":"复兴门","name_zh":"复兴门","name_en":"Fu Xing Men","amap_station_id":"110100023098016","operator":"北京市地铁运营有限公司","coord_system":"GCJ-02"}},{"type":"Feature","geometry":{"type":"Point","coordinates":[116.374072,39.907383]},"properties":{"line_key":"BJ-1","line_id":"1","line_name":"1号线","color":"#A4343A","seq":12,"name":"西单","name_zh":"西单","name_en":"Xi Dan","amap_station_id":"110100023076018","operator":"北京市地铁运营有限公司","coord_system":"GCJ-02"}},{"type":"Feature","geometry":{"type":"Point","coordinates":[116.391278,39.907472]},"properties":{"line_key":"BJ-1","line_id":"1","line_name":"1号线","color":"#A4343A","seq":13,"name":"天安门西","name_zh":"天安门西","name_en":"Tian An Men Xi","amap_station_id":"110100023110015","operator":"北京市地铁运营有限公司","coord_system":"GCJ-02"}},{"type":"Feature","geometry":{"type":"Point","coordinates":[116.401216,39.90778]},"properties":{"line_key":"BJ-1","line_id":"1","line_name":"1号线","color":"#A4343A","seq":14,"name":"天安门东","name_zh":"天安门东","name_en":"Tian An Men Dong","amap_station_id":"110100023110016","operator":"北京市地铁运营有限公司","coord_system":"GCJ-02"}},{"type":"Feature","geometry":{"type":"Point","coordinates":[116.411571,39.908069]},"properties":{"line_key":"BJ-1","line_id":"1","line_name":"1号线","color":"#A4343A","seq":15,"name":"王府井","name_zh":"王府井","name_en":"Wang Fu Jing","amap_station_id":"110100023110017","operator":"北京市地铁运营有限公司","coord_system":"GCJ-02"}},{"type":"Feature","geometry":{"type":"Point","coordinates":[116.41848,39.908325]},"properties":{"line_key":"BJ-1","line_id":"1","line_name":"1号线","color":"#A4343A","seq":16,"name":"东单","name_zh":"东单","name_en":"Dong Dan","amap_station_id":"110100023100007","operator":"北京市地铁运营有限公司","coord_system":"GCJ-02"}},{"type":"Feature","geometry":{"type":"Point","coordinates":[116.435806,39.908501]},"properties":{"line_key":"BJ-1","line_id":"1","line_name":"1号线","color":"#A4343A","seq":17,"name":"建国门","name_zh":"建国门","name_en":"Jian Guo Men","amap_station_id":"110100023098009","operator":"北京市地铁运营有限公司","coord_system":"GCJ-02"}},{"type":"Feature","geometry":{"type":"Point","coordinates":[116.450305,39.909823]},"properties":{"line_key":"BJ-1","line_id":"1","line_name":"1号线","color":"#A4343A","seq":18,"name":"永安里","name_zh":"永安里","name_en":"Yong An Li","amap_station_id":"110100023110020","operator":"北京市地铁运营有限公司","coord_system":"GCJ-02"}},{"type":"Feature","geometry":{"type":"Point","coordinates":[116.461841,39.909104]},"properties":{"line_key":"BJ-1","line_id":"1","line_name":"1号线","color":"#A4343A","seq":19,"name":"国贸","name_zh":"国贸","name_en":"Guo Mao","amap_station_id":"110100023110021","operator":"北京市地铁运营有限公司","coord_system":"GCJ-02"}},{"type":"Feature","geometry":{"type":"Point","coordinates":[116.475783,39.908287]},"properties":{"line_key":"BJ-1","line_id":"1","line_name":"1号线","color":"#A4343A","seq":20,"name":"大望路","name_zh":"大望路","name_en":"Da Wang Lu","amap_station_id":"110100023110022","operator":"北京市地铁运营有限公司","coord_system":"GCJ-02"}},{"type":"Feature","geometry":{"type":"Point","coordinates":[116.495456,39.908749]},"properties":{"line_key":"BJ-1","line_id":"1","line_name":"1号线","color":"#A4343A","seq":21,"name":"四惠","name_zh":"四惠","name_en":"Si Hui","amap_station_id":"110100023110023","operator":"北京市地铁运营有限公司","coord_system":"GCJ-02"}},{"type":"Feature","geometry":{"type":"Point","coordinates":[116.515664,39.908495]},"properties":{"line_key":"BJ-1","line_id":"1","line_name":"1号线","color":"#A4343A","seq":22,"name":"四惠东","name_zh":"四惠东","name_en":"Si Hui Dong","amap_station_id":"110100023110024","operator":"北京市地铁运营有限公司","coord_system":"GCJ-02"}},{"type":"Feature","geometry":{"type":"Point","coordinates":[116.531421,39.909448]},"properties":{"line_key":"BJ-1","line_id":"1","line_name":"1号线","color":"#A4343A","seq":23,"name":"高碑店","name_zh":"高碑店","name_en":"Gao Bei Dian","amap_station_id":"110100023110038","operator":"北京市地铁运营有限公司","coord_system":"GCJ-02"}},{"type":"Feature","geometry":{"type":"Point","coordinates":[116.554639,39.909215]},"properties":{"line_key":"BJ-1","line_id":"1","line_name":"1号线","color":"#A4343A","seq":24,"name":"传媒大学","name_zh":"传媒大学","name_en":"Chuan Mei Da Xue","amap_station_id":"110100023110039","operator":"北京市地铁运营有限公司","coord_system":"GCJ-02"}},{"type":"Feature","geometry":{"type":"Point","coordinates":[116.57676,39.91014]},"properties":{"line_key":"BJ-1","line_id":"1","line_name":"1号线","color":"#A4343A","seq":25,"name":"双桥","name_zh":"双桥","name_en":"Shuang Qiao","amap_station_id":"110100023110040","operator":"北京市地铁运营有限公司","coord_system":"GCJ-02"}},{"type":"Feature","geometry":{"type":"Point","coordinates":[116.599002,39.90909]},"properties":{"line_key":"BJ-1","line_id":"1","line_name":"1号线","color":"#A4343A","seq":26,"name":"管庄","name_zh":"管庄","name_en":"Guan Zhuang","amap_station_id":"110100023110041","operator":"北京市地铁运营有限公司","coord_system":"GCJ-02"}},{"type":"Feature","geometry":{"type":"Point","coordinates":[116.618658,39.906121]},"properties":{"line_key":"BJ-1","line_id":"1","line_name":"1号线","color":"#A4343A","seq":27,"name":"八里桥","name_zh":"八里桥","name_en":"Ba Li Qiao","amap_station_id":"110100023110042","operator":"北京市地铁运营有限公司","coord_system":"GCJ-02"}},{"type":"Feature","geometry":{"type":"Point","coordinates":[116.637252,39.903864]},"properties":{"line_key":"BJ-1","line_id":"1","line_name":"1号线","color":"#A4343A","seq":28,"name":"通州北苑","name_zh":"通州北苑","name_en":"Tong Zhou Bei Yuan","amap_station_id":"110100023110043","operator":"北京市地铁运营有限公司","coord_system":"GCJ-02"}},{"type":"Feature","geometry":{"type":"Point","coordinates":[116.646621,39.893329]},"properties":{"line_key":"BJ-1","line_id":"1","line_name":"1号线","color":"#A4343A","seq":29,"name":"果园","name_zh":"果园","name_en":"Guo Yuan","amap_station_id":"110100023110044","operator":"北京市地铁运营有限公司","coord_system":"GCJ-02"}},{"type":"Feature","geometry":{"type":"Point","coordinates":[116.657533,39.890278]},"properties":{"line_key":"BJ-1","line_id":"1","line_name":"1号线","color":"#A4343A","seq":30,"name":"九棵树","name_zh":"九棵树","name_en":"Jiu Ke Shu","amap_station_id":"110100023110045","operator":"北京市地铁运营有限公司","coord_system":"GCJ-02"}},{"type":"Feature","geometry":{"type":"Point","coordinates":[116.66872,39.883677]},"properties":{"line_key":"BJ-1","line_id":"1","line_name":"1号线","color":"#A4343A","seq":31,"name":"梨园","name_zh":"梨园","name_en":"Li Yuan","amap_station_id":"110100023110046","operator":"北京市地铁运营有限公司","coord_system":"GCJ-02"}},{"type":"Feature","geometry":{"type":"Point","coordinates":[116.678811,39.875496]},"properties":{"line_key":"BJ-1","line_id":"1","line_name":"1号线","color":"#A4343A","seq":32,"name":"临河里","name_zh":"临河里","name_en":"Lin He Li","amap_station_id":"110100023110047","operator":"北京市地铁运营有限公司","coord_system":"GCJ-02"}},{"type":"Feature","geometry":{"type":"Point","coordinates":[116.686349,39.871926]},"properties":{"line_key":"BJ-1","line_id":"1","line_name":"1号线","color":"#A4343A","seq":33,"name":"土桥","name_zh":"土桥","name_en":"Tu Qiao","amap_station_id":"110100023110048","operator":"北京市地铁运营有限公司","coord_system":"GCJ-02"}},{"type":"Feature","geometry":{"type":"Point","coordinates":[116.695495,39.856722]},"properties":{"line_key":"BJ-1","line_id":"1","line_name":"1号线","color":"#A4343A","seq":34,"name":"花庄","name_zh":"花庄","name_en":"Hua Zhuang","amap_station_id":"110100023054032","operator":"北京市地铁运营有限公司","coord_system":"GCJ-02"}},{"type":"Feature","geometry":{"type":"Point","coordinates":[116.679099,39.849152]},"properties":{"line_key":"BJ-1","line_id":"1","line_name":"1号线","color":"#A4343A","seq":35,"name":"环球度假区","name_zh":"环球度假区","name_en":"Huan Qiu Du Jia Qu","amap_station_id":"110100023054033","operator":"北京市地铁运营有限公司","coord_system":"GCJ-02"}},{"type":"Feature","geometry":{"type":"Point","coordinates":[116.373126,39.948653]},"properties":{"line_key":"BJ-2","line_id":"2","line_name":"2号线","color":"#004B87","seq":1,"name":"积水潭","name_zh":"积水潭","name_en":"Ji Shui Tan","amap_station_id":"110100023098002","operator":"北京市地铁运营有限公司","coord_system":"GCJ-02"}},{"type":"Feature","geometry":{"type":"Point","coordinates":[116.393776,39.948972]},"properties":{"line_key":"BJ-2","line_id":"2","line_name":"2号线","color":"#004B87","seq":2,"name":"鼓楼大街","name_zh":"鼓楼大街","name_en":"Gu Lou Da Jie","amap_station_id":"110100023098003","operator":"北京市地铁运营有限公司","coord_system":"GCJ-02"}},{"type":"Feature","geometry":{"type":"Point","coordinates":[116.40824,39.94918]},"properties":{"line_key":"BJ-2","line_id":"2","line_name":"2号线","color":"#004B87","seq":3,"name":"安定门","name_zh":"安定门","name_en":"An Ding Men","amap_station_id":"110100023098004","operator":"北京市地铁运营有限公司","coord_system":"GCJ-02"}},{"type":"Feature","geometry":{"type":"Point","coordinates":[116.417069,39.949336]},"properties":{"line_key":"BJ-2","line_id":"2","line_name":"2号线","color":"#004B87","seq":4,"name":"雍和宫","name_zh":"雍和宫","name_en":"Yong He Gong","amap_station_id":"110100023098005","operator":"北京市地铁运营有限公司","coord_system":"GCJ-02"}},{"type":"Feature","geometry":{"type":"Point","coordinates":[116.435842,39.941626]},"properties":{"line_key":"BJ-2","line_id":"2","line_name":"2号线","color":"#004B87","seq":5,"name":"东直门","name_zh":"东直门","name_en":"Dong Zhi Men","amap_station_id":"110100023096004","operator":"北京市地铁运营有限公司","coord_system":"GCJ-02"}},{"type":"Feature","geometry":{"type":"Point","coordinates":[116.434137,39.933704]},"properties":{"line_key":"BJ-2","line_id":"2","line_name":"2号线","color":"#004B87","seq":6,"name":"东四十条","name_zh":"东四十条","name_en":"Dong Si Shi Tiao","amap_station_id":"110100023098007","operator":"北京市地铁运营有限公司","coord_system":"GCJ-02"}},{"type":"Feature","geometry":{"type":"Point","coordinates":[116.434584,39.924499]},"properties":{"line_key":"BJ-2","line_id":"2","line_name":"2号线","color":"#004B87","seq":7,"name":"朝阳门","name_zh":"朝阳门","name_en":"Zhao Yang Men","amap_station_id":"110100023098008","operator":"北京市地铁运营有限公司","coord_system":"GCJ-02"}},{"type":"Feature","geometry":{"type":"Point","coordinates":[116.435806,39.908501]},"properties":{"line_key":"BJ-2","line_id":"2","line_name":"2号线","color":"#004B87","seq":8,"name":"建国门","name_zh":"建国门","name_en":"Jian Guo Men","amap_station_id":"110100023098009","operator":"北京市地铁运营有限公司","coord_system":"GCJ-02"}},{"type":"Feature","geometry":{"type":"Point","coordinates":[116.427287,39.904983]},"properties":{"line_key":"BJ-2","line_id":"2","line_name":"2号线","color":"#004B87","seq":9,"name":"北京站","name_zh":"北京站","name_en":"Bei Jing Zhan","amap_station_id":"110100023098010","operator":"北京市地铁运营有限公司","coord_system":"GCJ-02"}},{"type":"Feature","geometry":{"type":"Point","coordinates":[116.417093,39.901063]},"properties":{"line_key":"BJ-2","line_id":"2","line_name":"2号线","color":"#004B87","seq":10,"name":"崇文门","name_zh":"崇文门","name_en":"Chong Wen Men","amap_station_id":"110100023098011","operator":"北京市地铁运营有限公司","coord_system":"GCJ-02"}},{"type":"Feature","geometry":{"type":"Point","coordinates":[116.397937,39.900192]},"properties":{"line_key":"BJ-2","line_id":"2","line_name":"2号线","color":"#004B87","seq":11,"name":"前门","name_zh":"前门","name_en":"Qian Men","amap_station_id":"110100023098012","operator":"北京市地铁运营有限公司","coord_system":"GCJ-02"}},{"type":"Feature","geometry":{"type":"Point","coordinates":[116.384209,39.900098]},"properties":{"line_key":"BJ-2","line_id":"2","line_name":"2号线","color":"#004B87","seq":12,"name":"和平门","name_zh":"和平门","name_en":"He Ping Men","amap_station_id":"110100023098013","operator":"北京市地铁运营有限公司","coord_system":"GCJ-02"}},{"type":"Feature","geometry":{"type":"Point","coordinates":[116.374314,39.899765]},"properties":{"line_key":"BJ-2","line_id":"2","line_name":"2号线","color":"#004B87","seq":13,"name":"宣武门","name_zh":"宣武门","name_en":"Xuan Wu Men","amap_station_id":"110100023076019","operator":"北京市地铁运营有限公司","coord_system":"GCJ-02"}},{"type":"Feature","geometry":{"type":"Point","coordinates":[116.363355,39.899433]},"properties":{"line_key":"BJ-2","line_id":"2","line_name":"2号线","color":"#004B87","seq":14,"name":"长椿街","name_zh":"长椿街","name_en":"Chang Chun Jie","amap_station_id":"110100023098015","operator":"北京市地铁运营有限公司","coord_system":"GCJ-02"}},{"type":"Feature","geometry":{"type":"Point","coordinates":[116.356866,39.907242]},"properties":{"line_key":"BJ-2","line_id":"2","line_name":"2号线","color":"#004B87","seq":15,"name":"复兴门","name_zh":"复兴门","name_en":"Fu Xing Men","amap_station_id":"110100023098016","operator":"北京市地铁运营有限公司","coord_system":"GCJ-02"}},{"type":"Feature","geometry":{"type":"Point","coordinates":[116.356009,39.923686]},"properties":{"line_key":"BJ-2","line_id":"2","line_name":"2号线","color":"#004B87","seq":16,"name":"阜成门","name_zh":"阜成门","name_en":"Fu Cheng Men","amap_station_id":"110100023098017","operator":"北京市地铁运营有限公司","coord_system":"GCJ-02"}},{"type":"Feature","geometry":{"type":"Point","coordinates":[116.354357,39.932397]},"properties":{"line_key":"BJ-2","line_id":"2","line_name":"2号线","color":"#004B87","seq":17,"name":"车公庄","name_zh":"车公庄","name_en":"Che Gong Zhuang","amap_station_id":"110100023098018","operator":"北京市地铁运营有限公司","coord_system":"GCJ-02"}},{"type":"Feature","geometry":{"type":"Point","coordinates":[116.355426,39.940474]},"properties":{"line_key":"BJ-2","line_id":"2","line_name":"2号线","color":"#004B87","seq":18,"name":"西直门","name_zh":"西直门","name_en":"Xi Zhi Men","amap_station_id":"110100023076013","operator":"北京市地铁运营有限公司","coord_system":"GCJ-02"}},{"type":"Feature","geometry":{"type":"Point","coordinates":[116.434137,39.933704]},"properties":{"line_key":"BJ-3","line_id":"3","line_name":"3号线","color":"#D90627","seq":1,"name":"东四十条","name_zh":"东四十条","name_en":"Dong Si Shi Tiao","amap_station_id":"110100023098007","operator":"北京市地铁运营有限公司","coord_system":"GCJ-02"}},{"type":"Feature","geometry":{"type":"Point","coordinates":[116.450448,39.934058]},"properties":{"line_key":"BJ-3","line_id":"3","line_name":"3号线","color":"#D90627","seq":2,"name":"工人体育场","name_zh":"工人体育场","name_en":"Gong Ren Ti Yu Chang","amap_station_id":"900000058113002","operator":"北京市地铁运营有限公司","coord_system":"GCJ-02"}},{"type":"Feature","geometry":{"type":"Point","coordinates":[116.460186,39.933734]},"properties":{"line_key":"BJ-3","line_id":"3","line_name":"3号线","color":"#D90627","seq":3,"name":"团结湖","name_zh":"团结湖","name_en":"Tuan Jie Hu","amap_station_id":"110100023282018","operator":"北京市地铁运营有限公司","coord_system":"GCJ-02"}},{"type":"Feature","geometry":{"type":"Point","coordinates":[116.478291,39.933492]},"properties":{"line_key":"BJ-3","line_id":"3","line_name":"3号线","color":"#D90627","seq":4,"name":"朝阳公园","name_zh":"朝阳公园","name_en":"Chao Yang Gong Yuan","amap_station_id":"900000028907011","operator":"北京市地铁运营有限公司","coord_system":"GCJ-02"}},{"type":"Feature","geometry":{"type":"Point","coordinates":[116.498874,39.935224]},"properties":{"line_key":"BJ-3","line_id":"3","line_name":"3号线","color":"#D90627","seq":5,"name":"石佛营","name_zh":"石佛营","name_en":"Shi Fo Ying","amap_station_id":"900000058113005","operator":"北京市地铁运营有限公司","coord_system":"GCJ-02"}},{"type":"Feature","geometry":{"type":"Point","coordinates":[116.505761,39.943773]},"properties":{"line_key":"BJ-3","line_id":"3","line_name":"3号线","color":"#D90627","seq":6,"name":"朝阳站","name_zh":"朝阳站","name_en":"Chao Yang Zhan","amap_station_id":"900000058113006","operator":"北京市地铁运营有限公司","coord_system":"GCJ-02"}},{"type":"Feature","geometry":{"type":"Point","coordinates":[116.527282,39.947749]},"properties":{"line_key":"BJ-3","line_id":"3","line_name":"3号线","color":"#D90627","seq":7,"name":"姚家园","name_zh":"姚家园","name_en":"Yao Jia Yuan","amap_station_id":"900000058113007","operator":"北京市地铁运营有限公司","coord_system":"GCJ-02"}},{"type":"Feature","geometry":{"type":"Point","coordinates":[116.547131,39.95214]},"properties":{"line_key":"BJ-3","line_id":"3","line_name":"3号线","color":"#D90627","seq":8,"name":"东坝南","name_zh":"东坝南","name_en":"Dong Ba Nan","amap_station_id":"900000058113008","operator":"北京市地铁运营有限公司","coord_system":"GCJ-02"}},{"type":"Feature","geometry":{"type":"Point","coordinates":[116.547126,39.965732]},"properties":{"line_key":"BJ-3","line_id":"3","line_name":"3号线","color":"#D90627","seq":9,"name":"东坝","name_zh":"东坝","name_en":"Dong Ba","amap_station_id":"900000058113009","operator":"北京市地铁运营有限公司","coord_system":"GCJ-02"}},{"type":"Feature","geometry":{"type":"Point","coordinates":[116.557065,39.975633]},"properties":{"line_key":"BJ-3","line_id":"3","line_name":"3号线","color":"#D90627","seq":10,"name":"东坝北","name_zh":"东坝北","name_en":"Dong Ba Bei","amap_station_id":"900000058113010","operator":"北京市地铁运营有限公司","coord_system":"GCJ-02"}},{"type":"Feature","geometry":{"type":"Point","coordinates":[116.319932,39.670342]},"properties":{"line_key":"BJ-4","line_id":"4","line_name":"4号线","color":"#008C95","seq":1,"name":"天宫院","name_zh":"天宫院","name_en":"Tian Gong Yuan","amap_station_id":"110100023076036","operator":"北京京港地铁有限公司","coord_system":"GCJ-02"}},{"type":"Feature","geometry":{"type":"Point","coordinates":[116.321662,39.68651]},"properties":{"line_key":"BJ-4","line_id":"4","line_name":"4号线","color":"#008C95","seq":2,"name":"生物医药基地","name_zh":"生物医药基地","name_en":"Sheng Wu Yi Yao Ji Di","amap_station_id":"110100023076035","operator":"北京京港地铁有限公司","coord_system":"GCJ-02"}},{"type":"Feature","geometry":{"type":"Point","coordinates":[116.319079,39.712387]},"properties":{"line_key":"BJ-4","line_id":"4","line_name":"4号线","color":"#008C95","seq":3,"name":"义和庄","name_zh":"义和庄","name_en":"Yi He Zhuang","amap_station_id":"110100023076034","operator":"北京京港地铁有限公司","coord_system":"GCJ-02"}},{"type":"Feature","geometry":{"type":"Point","coordinates":[116.332611,39.722966]},"properties":{"line_key":"BJ-4","line_id":"4","line_name":"4号线","color":"#008C95","seq":4,"name":"黄村火车站","name_zh":"黄村火车站","name_en":"Huang Cun Huo Che Zhan","amap_station_id":"110100023076033","operator":"北京京港地铁有限公司","coord_system":"GCJ-02"}},{"type":"Feature","geometry":{"type":"Point","coordinates":[116.332631,39.731769]},"properties":{"line_key":"BJ-4","line_id":"4","line_name":"4号线","color":"#008C95","seq":5,"name":"黄村西大街","name_zh":"黄村西大街","name_en":"Huang Cun Xi Da Jie","amap_station_id":"110100023076032","operator":"北京京港地铁有限公司","coord_system":"GCJ-02"}},{"type":"Feature","geometry":{"type":"Point","coordinates":[116.332513,39.742724]},"properties":{"line_key":"BJ-4","line_id":"4","line_name":"4号线","color":"#008C95","seq":6,"name":"清源路","name_zh":"清源路","name_en":"Qing Yuan Lu","amap_station_id":"110100023076031","operator":"北京京港地铁有限公司","coord_system":"GCJ-02"}},{"type":"Feature","geometry":{"type":"Point","coordinates":[116.332204,39.753458]},"properties":{"line_key":"BJ-4","line_id":"4","line_name":"4号线","color":"#008C95","seq":7,"name":"枣园","name_zh":"枣园","name_en":"Zao Yuan","amap_station_id":"110100023076030","operator":"北京京港地铁有限公司","coord_system":"GCJ-02"}},{"type":"Feature","geometry":{"type":"Point","coordinates":[116.331605,39.763489]},"properties":{"line_key":"BJ-4","line_id":"4","line_name":"4号线","color":"#008C95","seq":8,"name":"高米店南","name_zh":"高米店南","name_en":"Gao Mi Dian Nan","amap_station_id":"110100023076029","operator":"北京京港地铁有限公司","coord_system":"GCJ-02"}},{"type":"Feature","geometry":{"type":"Point","coordinates":[116.330787,39.773547]},"properties":{"line_key":"BJ-4","line_id":"4","line_name":"4号线","color":"#008C95","seq":9,"name":"高米店北","name_zh":"高米店北","name_en":"Gao Mi Dian Bei","amap_station_id":"110100023076028","operator":"北京京港地铁有限公司","coord_system":"GCJ-02"}},{"type":"Feature","geometry":{"type":"Point","coordinates":[116.328689,39.7898]},"properties":{"line_key":"BJ-4","line_id":"4","line_name":"4号线","color":"#008C95","seq":10,"name":"西红门","name_zh":"西红门","name_en":"Xi Hong Men","amap_station_id":"110100023076027","operator":"北京京港地铁有限公司","coord_system":"GCJ-02"}},{"type":"Feature","geometry":{"type":"Point","coordinates":[116.365549,39.812592]},"properties":{"line_key":"BJ-4","line_id":"4","line_name":"4号线","color":"#008C95","seq":11,"name":"新宫","name_zh":"新宫","name_en":"Xin Gong","amap_station_id":"110100023076026","operator":"北京京港地铁有限公司","coord_system":"GCJ-02"}},{"type":"Feature","geometry":{"type":"Point","coordinates":[116.370796,39.836135]},"properties":{"line_key":"BJ-4","line_id":"4","line_name":"4号线","color":"#008C95","seq":12,"name":"公益西桥","name_zh":"公益西桥","name_en":"Gong Yi Xi Qiao","amap_station_id":"110100023076025","operator":"北京京港地铁有限公司","coord_system":"GCJ-02"}},{"type":"Feature","geometry":{"type":"Point","coordinates":[116.371154,39.84585]},"properties":{"line_key":"BJ-4","line_id":"4","line_name":"4号线","color":"#008C95","seq":13,"name":"角门西","name_zh":"角门西","name_en":"Jiao Men Xi","amap_station_id":"110100023076024","operator":"北京京港地铁有限公司","coord_system":"GCJ-02"}},{"type":"Feature","geometry":{"type":"Point","coordinates":[116.371361,39.853109]},"properties":{"line_key":"BJ-4","line_id":"4","line_name":"4号线","color":"#008C95","seq":14,"name":"马家堡","name_zh":"马家堡","name_en":"Ma Jia Bao","amap_station_id":"110100023076023","operator":"北京京港地铁有限公司","coord_system":"GCJ-02"}},{"type":"Feature","geometry":{"type":"Point","coordinates":[116.378963,39.865029]},"properties":{"line_key":"BJ-4","line_id":"4","line_name":"4号线","color":"#008C95","seq":15,"name":"北京南站","name_zh":"北京南站","name_en":"Bei Jing Nan Zhan","amap_station_id":"110100023076022","operator":"北京京港地铁有限公司","coord_system":"GCJ-02"}},{"type":"Feature","geometry":{"type":"Point","coordinates":[116.374383,39.87847]},"properties":{"line_key":"BJ-4","line_id":"4","line_name":"4号线","color":"#008C95","seq":16,"name":"陶然亭","name_zh":"陶然亭","name_en":"Tao Ran Ting","amap_station_id":"110100023076021","operator":"北京京港地铁有限公司","coord_system":"GCJ-02"}},{"type":"Feature","geometry":{"type":"Point","coordinates":[116.374425,39.889296]},"properties":{"line_key":"BJ-4","line_id":"4","line_name":"4号线","color":"#008C95","seq":17,"name":"菜市口","name_zh":"菜市口","name_en":"Cai Shi Kou","amap_station_id":"110100023054006","operator":"北京京港地铁有限公司","coord_system":"GCJ-02"}},{"type":"Feature","geometry":{"type":"Point","coordinates":[116.374314,39.899765]},"properties":{"line_key":"BJ-4","line_id":"4","line_name":"4号线","color":"#008C95","seq":18,"name":"宣武门","name_zh":"宣武门","name_en":"Xuan Wu Men","amap_station_id":"110100023076019","operator":"北京京港地铁有限公司","coord_system":"GCJ-02"}},{"type":"Feature","geometry":{"type":"Point","coordinates":[116.374072,39.907383]},"properties":{"line_key":"BJ-4","line_id":"4","line_name":"4号线","color":"#008C95","seq":19,"name":"西单","name_zh":"西单","name_en":"Xi Dan","amap_station_id":"110100023076018","operator":"北京京港地铁有限公司","coord_system":"GCJ-02"}},{"type":"Feature","geometry":{"type":"Point","coordinates":[116.373746,39.915912]},"properties":{"line_key":"BJ-4","line_id":"4","line_name":"4号线","color":"#008C95","seq":20,"name":"灵境胡同","name_zh":"灵境胡同","name_en":"Ling Jing Hu Tong","amap_station_id":"110100023076017","operator":"北京京港地铁有限公司","coord_system":"GCJ-02"}},{"type":"Feature","geometry":{"type":"Point","coordinates":[116.373332,39.924206]},"properties":{"line_key":"BJ-4","line_id":"4","line_name":"4号线","color":"#008C95","seq":21,"name":"西四","name_zh":"西四","name_en":"Xi Si","amap_station_id":"110100023076016","operator":"北京京港地铁有限公司","coord_system":"GCJ-02"}},{"type":"Feature","geometry":{"type":"Point","coordinates":[116.372883,39.933949]},"properties":{"line_key":"BJ-4","line_id":"4","line_name":"4号线","color":"#008C95","seq":22,"name":"平安里","name_zh":"平安里","name_en":"Ping An Li","amap_station_id":"110100023076015","operator":"北京京港地铁有限公司","coord_system":"GCJ-02"}},{"type":"Feature","geometry":{"type":"Point","coordinates":[116.367742,39.940667]},"properties":{"line_key":"BJ-4","line_id":"4","line_name":"4号线","color":"#008C95","seq":23,"name":"新街口","name_zh":"新街口","name_en":"Xin Jie Kou","amap_station_id":"110100023076014","operator":"北京京港地铁有限公司","coord_system":"GCJ-02"}},{"type":"Feature","geometry":{"type":"Point","coordinates":[116.355426,39.940474]},"properties":{"line_key":"BJ-4","line_id":"4","line_name":"4号线","color":"#008C95","seq":24,"name":"西直门","name_zh":"西直门","name_en":"Xi Zhi Men","amap_station_id":"110100023076013","operator":"北京京港地铁有限公司","coord_system":"GCJ-02"}},{"type":"Feature","geometry":{"type":"Point","coordinates":[116.339031,39.93825]},"properties":{"line_key":"BJ-4","line_id":"4","line_name":"4号线","color":"#008C95","seq":25,"name":"动物园","name_zh":"动物园","name_en":"Dong Wu Yuan","amap_station_id":"110100023076012","operator":"北京京港地铁有限公司","coord_system":"GCJ-02"}},{"type":"Feature","geometry":{"type":"Point","coordinates":[116.32519,39.943114]},"properties":{"line_key":"BJ-4","line_id":"4","line_name":"4号线","color":"#008C95","seq":26,"name":"国家图书馆","name_zh":"国家图书馆","name_en":"Guo Jia Tu Shu Guan","amap_station_id":"110100023076011","operator":"北京京港地铁有限公司","coord_system":"GCJ-02"}},{"type":"Feature","geometry":{"type":"Point","coordinates":[116.32322,39.957904]},"properties":{"line_key":"BJ-4","line_id":"4","line_name":"4号线","color":"#008C95","seq":27,"name":"魏公村","name_zh":"魏公村","name_en":"Wei Gong Cun","amap_station_id":"110100023076010","operator":"北京京港地铁有限公司","coord_system":"GCJ-02"}},{"type":"Feature","geometry":{"type":"Point","coordinates":[116.321367,39.966956]},"properties":{"line_key":"BJ-4","line_id":"4","line_name":"4号线","color":"#008C95","seq":28,"name":"人民大学","name_zh":"人民大学","name_en":"Ren Min Da Xue","amap_station_id":"110100023076009","operator":"北京京港地铁有限公司","coord_system":"GCJ-02"}},{"type":"Feature","geometry":{"type":"Point","coordinates":[116.317564,39.975996]},"properties":{"line_key":"BJ-4","line_id":"4","line_name":"4号线","color":"#008C95","seq":29,"name":"海淀黄庄","name_zh":"海淀黄庄","name_en":"Hai Dian Huang Zhuang","amap_station_id":"110100023076008","operator":"北京京港地铁有限公司","coord_system":"GCJ-02"}},{"type":"Feature","geometry":{"type":"Point","coordinates":[116.316467,39.983991]},"properties":{"line_key":"BJ-4","line_id":"4","line_name":"4号线","color":"#008C95","seq":30,"name":"中关村","name_zh":"中关村","name_en":"Zhong Guan Cun","amap_station_id":"110100023076007","operator":"北京京港地铁有限公司","coord_system":"GCJ-02"}},{"type":"Feature","geometry":{"type":"Point","coordinates":[116.315842,39.992212]},"properties":{"line_key":"BJ-4","line_id":"4","line_name":"4号线","color":"#008C95","seq":31,"name":"北京大学东门","name_zh":"北京大学东门","name_en":"Bei Jing Da Xue Dong Men","amap_station_id":"110100023076006","operator":"北京京港地铁有限公司","coord_system":"GCJ-02"}},{"type":"Feature","geometry":{"type":"Point","coordinates":[116.310186,39.999662]},"properties":{"line_key":"BJ-4","line_id":"4","line_name":"4号线","color":"#008C95","seq":32,"name":"圆明园","name_zh":"圆明园","name_en":"Yuan Ming Yuan","amap_station_id":"110100023076005","operator":"北京京港地铁有限公司","coord_system":"GCJ-02"}},{"type":"Feature","geometry":{"type":"Point","coordinates":[116.290908,39.998258]},"properties":{"line_key":"BJ-4","line_id":"4","line_name":"4号线","color":"#008C95","seq":33,"name":"西苑","name_zh":"西苑","name_en":"Xi Yuan","amap_station_id":"110100023076004","operator":"北京京港地铁有限公司","coord_system":"GCJ-02"}},{"type":"Feature","geometry":{"type":"Point","coordinates":[116.277647,40.002373]},"properties":{"line_key":"BJ-4","line_id":"4","line_name":"4号线","color":"#008C95","seq":34,"name":"北宫门","name_zh":"北宫门","name_en":"Bei Gong Men","amap_station_id":"110100023076003","operator":"北京京港地铁有限公司","coord_system":"GCJ-02"}},{"type":"Feature","geometry":{"type":"Point","coordinates":[116.269956,40.012195]},"properties":{"line_key":"BJ-4","line_id":"4","line_name":"4号线","color":"#008C95","seq":35,"name":"安河桥北","name_zh":"安河桥北","name_en":"An He Qiao Bei","amap_station_id":"110100023076002","operator":"北京京港地铁有限公司","coord_system":"GCJ-02"}},{"type":"Feature","geometry":{"type":"Point","coordinates":[116.428368,39.845849]},"properties":{"line_key":"BJ-5","line_id":"5","line_name":"5号线","color":"#AA0061","seq":1,"name":"宋家庄","name_zh":"宋家庄","name_en":"Song Jia Zhuang","amap_station_id":"110100023100001","operator":"北京市地铁运营有限公司","coord_system":"GCJ-02"}},{"type":"Feature","geometry":{"type":"Point","coordinates":[116.422119,39.857521]},"properties":{"line_key":"BJ-5","line_id":"5","line_name":"5号线","color":"#AA0061","seq":2,"name":"刘家窑","name_zh":"刘家窑","name_en":"Liu Jia Yao","amap_station_id":"110100023100002","operator":"北京市地铁运营有限公司","coord_system":"GCJ-02"}},{"type":"Feature","geometry":{"type":"Point","coordinates":[116.423087,39.865584]},"properties":{"line_key":"BJ-5","line_id":"5","line_name":"5号线","color":"#AA0061","seq":3,"name":"蒲黄榆","name_zh":"蒲黄榆","name_en":"Pu Huang Yu","amap_station_id":"110100023100003","operator":"北京市地铁运营有限公司","coord_system":"GCJ-02"}},{"type":"Feature","geometry":{"type":"Point","coordinates":[116.420833,39.882558]},"properties":{"line_key":"BJ-5","line_id":"5","line_name":"5号线","color":"#AA0061","seq":4,"name":"天坛东门","name_zh":"天坛东门","name_en":"Tian Tan Dong Men","amap_station_id":"110100023100004","operator":"北京市地铁运营有限公司","coord_system":"GCJ-02"}},{"type":"Feature","geometry":{"type":"Point","coordinates":[116.41994,39.893172]},"properties":{"line_key":"BJ-5","line_id":"5","line_name":"5号线","color":"#AA0061","seq":5,"name":"磁器口","name_zh":"磁器口","name_en":"Ci Qi Kou","amap_station_id":"110100023054010","operator":"北京市地铁运营有限公司","coord_system":"GCJ-02"}},{"type":"Feature","geometry":{"type":"Point","coordinates":[116.417093,39.901063]},"properties":{"line_key":"BJ-5","line_id":"5","line_name":"5号线","color":"#AA0061","seq":6,"name":"崇文门","name_zh":"崇文门","name_en":"Chong Wen Men","amap_station_id":"110100023098011","operator":"北京市地铁运营有限公司","coord_system":"GCJ-02"}},{"type":"Feature","geometry":{"type":"Point","coordinates":[116.41848,39.908325]},"properties":{"line_key":"BJ-5","line_id":"5","line_name":"5号线","color":"#AA0061","seq":7,"name":"东单","name_zh":"东单","name_en":"Dong Dan","amap_station_id":"110100023100007","operator":"北京市地铁运营有限公司","coord_system":"GCJ-02"}},{"type":"Feature","geometry":{"type":"Point","coordinates":[116.417783,39.917113]},"properties":{"line_key":"BJ-5","line_id":"5","line_name":"5号线","color":"#AA0061","seq":8,"name":"灯市口","name_zh":"灯市口","name_en":"Deng Shi Kou","amap_station_id":"110100023100008","operator":"北京市地铁运营有限公司","coord_system":"GCJ-02"}},{"type":"Feature","geometry":{"type":"Point","coordinates":[116.417493,39.92437]},"properties":{"line_key":"BJ-5","line_id":"5","line_name":"5号线","color":"#AA0061","seq":9,"name":"东四","name_zh":"东四","name_en":"Dong Si","amap_station_id":"110100023100009","operator":"北京市地铁运营有限公司","coord_system":"GCJ-02"}},{"type":"Feature","geometry":{"type":"Point","coordinates":[116.417156,39.933592]},"properties":{"line_key":"BJ-5","line_id":"5","line_name":"5号线","color":"#AA0061","seq":10,"name":"张自忠路","name_zh":"张自忠路","name_en":"Zhang Zi Zhong Lu","amap_station_id":"110100023100010","operator":"北京市地铁运营有限公司","coord_system":"GCJ-02"}},{"type":"Feature","geometry":{"type":"Point","coordinates":[116.416884,39.940782]},"properties":{"line_key":"BJ-5","line_id":"5","line_name":"5号线","color":"#AA0061","seq":11,"name":"北新桥","name_zh":"北新桥","name_en":"Bei Xin Qiao","amap_station_id":"110100023096005","operator":"北京市地铁运营有限公司","coord_system":"GCJ-02"}},{"type":"Feature","geometry":{"type":"Point","coordinates":[116.417069,39.949336]},"properties":{"line_key":"BJ-5","line_id":"5","line_name":"5号线","color":"#AA0061","seq":12,"name":"雍和宫","name_zh":"雍和宫","name_en":"Yong He Gong","amap_station_id":"110100023098005","operator":"北京市地铁运营有限公司","coord_system":"GCJ-02"}},{"type":"Feature","geometry":{"type":"Point","coordinates":[116.418504,39.958734]},"properties":{"line_key":"BJ-5","line_id":"5","line_name":"5号线","color":"#AA0061","seq":13,"name":"和平里北街","name_zh":"和平里北街","name_en":"He Ping Li Bei Jie","amap_station_id":"110100023100013","operator":"北京市地铁运营有限公司","coord_system":"GCJ-02"}},{"type":"Feature","geometry":{"type":"Point","coordinates":[116.41797,39.968258]},"properties":{"line_key":"BJ-5","line_id":"5","line_name":"5号线","color":"#AA0061","seq":14,"name":"和平西桥","name_zh":"和平西桥","name_en":"He Ping Xi Qiao","amap_station_id":"110100023100014","operator":"北京市地铁运营有限公司","coord_system":"GCJ-02"}},{"type":"Feature","geometry":{"type":"Point","coordinates":[116.417537,39.977121]},"properties":{"line_key":"BJ-5","line_id":"5","line_name":"5号线","color":"#AA0061","seq":15,"name":"惠新西街南口","name_zh":"惠新西街南口","name_en":"Hui Xin Xi Jie Nan Kou","amap_station_id":"110100023100015","operator":"北京市地铁运营有限公司","coord_system":"GCJ-02"}},{"type":"Feature","geometry":{"type":"Point","coordinates":[116.417028,39.987836]},"properties":{"line_key":"BJ-5","line_id":"5","line_name":"5号线","color":"#AA0061","seq":16,"name":"惠新西街北口","name_zh":"惠新西街北口","name_en":"Hui Xin Xi Jie Bei Kou","amap_station_id":"110100023100016","operator":"北京市地铁运营有限公司","coord_system":"GCJ-02"}},{"type":"Feature","geometry":{"type":"Point","coordinates":[116.417377,40.003841]},"properties":{"line_key":"BJ-5","line_id":"5","line_name":"5号线","color":"#AA0061","seq":17,"name":"大屯路东","name_zh":"大屯路东","name_en":"Da Tun Lu Dong","amap_station_id":"110100023070020","operator":"北京市地铁运营有限公司","coord_system":"GCJ-02"}},{"type":"Feature","geometry":{"type":"Point","coordinates":[116.418089,40.030436]},"properties":{"line_key":"BJ-5","line_id":"5","line_name":"5号线","color":"#AA0061","seq":18,"name":"北苑路北","name_zh":"北苑路北","name_en":"Bei Yuan Lu Bei","amap_station_id":"110100023100018","operator":"北京市地铁运营有限公司","coord_system":"GCJ-02"}},{"type":"Feature","geometry":{"type":"Point","coordinates":[116.414496,40.041956]},"properties":{"line_key":"BJ-5","line_id":"5","line_name":"5号线","color":"#AA0061","seq":19,"name":"立水桥南","name_zh":"立水桥南","name_en":"Li Shui Qiao Nan","amap_station_id":"110100023100019","operator":"北京市地铁运营有限公司","coord_system":"GCJ-02"}},{"type":"Feature","geometry":{"type":"Point","coordinates":[116.41235,40.053032]},"properties":{"line_key":"BJ-5","line_id":"5","line_name":"5号线","color":"#AA0061","seq":20,"name":"立水桥","name_zh":"立水桥","name_en":"Li Shui Qiao","amap_station_id":"110100023100020","operator":"北京市地铁运营有限公司","coord_system":"GCJ-02"}},{"type":"Feature","geometry":{"type":"Point","coordinates":[116.412661,40.066458]},"properties":{"line_key":"BJ-5","line_id":"5","line_name":"5号线","color":"#AA0061","seq":21,"name":"天通苑南","name_zh":"天通苑南","name_en":"Tian Tong Yuan Nan","amap_station_id":"110100023100021","operator":"北京市地铁运营有限公司","coord_system":"GCJ-02"}},{"type":"Feature","geometry":{"type":"Point","coordinates":[116.41289,40.075248]},"properties":{"line_key":"BJ-5","line_id":"5","line_name":"5号线","color":"#AA0061","seq":22,"name":"天通苑","name_zh":"天通苑","name_en":"Tian Tong Yuan","amap_station_id":"110100023100022","operator":"北京市地铁运营有限公司","coord_system":"GCJ-02"}},{"type":"Feature","geometry":{"type":"Point","coordinates":[116.412888,40.083668]},"properties":{"line_key":"BJ-5","line_id":"5","line_name":"5号线","color":"#AA0061","seq":23,"name":"天通苑北","name_zh":"天通苑北","name_en":"Tian Tong Yuan Bei","amap_station_id":"110100023100023","operator":"北京市地铁运营有限公司","coord_system":"GCJ-02"}},{"type":"Feature","geometry":{"type":"Point","coordinates":[116.757063,39.890059]},"properties":{"line_key":"BJ-6","line_id":"6","line_name":"6号线","color":"#B58500","seq":1,"name":"潞阳","name_zh":"潞阳","name_en":"Lu Yang","amap_station_id":"110100023339037","operator":"北京市地铁运营有限公司","coord_system":"GCJ-02"}},{"type":"Feature","geometry":{"type":"Point","coordinates":[116.747434,39.902652]},"properties":{"line_key":"BJ-6","line_id":"6","line_name":"6号线","color":"#B58500","seq":2,"name":"潞城","name_zh":"潞城","name_en":"Lu Cheng","amap_station_id":"110100023339022","operator":"北京市地铁运营有限公司","coord_system":"GCJ-02"}},{"type":"Feature","geometry":{"type":"Point","coordinates":[116.73385,39.903147]},"properties":{"line_key":"BJ-6","line_id":"6","line_name":"6号线","color":"#B58500","seq":3,"name":"东夏园","name_zh":"东夏园","name_en":"Dong Xia Yuan","amap_station_id":"110100023339023","operator":"北京市地铁运营有限公司","coord_system":"GCJ-02"}},{"type":"Feature","geometry":{"type":"Point","coordinates":[116.717826,39.903195]},"properties":{"line_key":"BJ-6","line_id":"6","line_name":"6号线","color":"#B58500","seq":4,"name":"郝家府","name_zh":"郝家府","name_en":"Hao Jia Fu","amap_station_id":"110100023339024","operator":"北京市地铁运营有限公司","coord_system":"GCJ-02"}},{"type":"Feature","geometry":{"type":"Point","coordinates":[116.707056,39.903268]},"properties":{"line_key":"BJ-6","line_id":"6","line_name":"6号线","color":"#B58500","seq":5,"name":"北运河东","name_zh":"北运河东","name_en":"Bei Yun He Dong","amap_station_id":"110100023339025","operator":"北京市地铁运营有限公司","coord_system":"GCJ-02"}},{"type":"Feature","geometry":{"type":"Point","coordinates":[116.688358,39.903024]},"properties":{"line_key":"BJ-6","line_id":"6","line_name":"6号线","color":"#B58500","seq":6,"name":"北运河西","name_zh":"北运河西","name_en":"Bei Yun He Xi","amap_station_id":"110100023339026","operator":"北京市地铁运营有限公司","coord_system":"GCJ-02"}},{"type":"Feature","geometry":{"type":"Point","coordinates":[116.671929,39.91166]},"properties":{"line_key":"BJ-6","line_id":"6","line_name":"6号线","color":"#B58500","seq":7,"name":"通运门","name_zh":"通运门","name_en":"Tong Yun Men","amap_station_id":"110100023339027","operator":"北京市地铁运营有限公司","coord_system":"GCJ-02"}},{"type":"Feature","geometry":{"type":"Point","coordinates":[116.661131,39.917962]},"properties":{"line_key":"BJ-6","line_id":"6","line_name":"6号线","color":"#B58500","seq":8,"name":"通州北关","name_zh":"通州北关","name_en":"Tong Zhou Bei Guan","amap_station_id":"110100023339028","operator":"北京市地铁运营有限公司","coord_system":"GCJ-02"}},{"type":"Feature","geometry":{"type":"Point","coordinates":[116.639316,39.926801]},"properties":{"line_key":"BJ-6","line_id":"6","line_name":"6号线","color":"#B58500","seq":9,"name":"物资学院路","name_zh":"物资学院路","name_en":"Wu Zi Xue Yuan Lu","amap_station_id":"110100023339029","operator":"北京市地铁运营有限公司","coord_system":"GCJ-02"}},{"type":"Feature","geometry":{"type":"Point","coordinates":[116.615574,39.924477]},"properties":{"line_key":"BJ-6","line_id":"6","line_name":"6号线","color":"#B58500","seq":10,"name":"草房","name_zh":"草房","name_en":"Cao Fang","amap_station_id":"110100023339002","operator":"北京市地铁运营有限公司","coord_system":"GCJ-02"}},{"type":"Feature","geometry":{"type":"Point","coordinates":[116.599722,39.925696]},"properties":{"line_key":"BJ-6","line_id":"6","line_name":"6号线","color":"#B58500","seq":11,"name":"常营","name_zh":"常营","name_en":"Chang Ying","amap_station_id":"110100023339003","operator":"北京市地铁运营有限公司","coord_system":"GCJ-02"}},{"type":"Feature","geometry":{"type":"Point","coordinates":[116.578266,39.924201]},"properties":{"line_key":"BJ-6","line_id":"6","line_name":"6号线","color":"#B58500","seq":12,"name":"黄渠","name_zh":"黄渠","name_en":"Huang Qu","amap_station_id":"110100023339004","operator":"北京市地铁运营有限公司","coord_system":"GCJ-02"}},{"type":"Feature","geometry":{"type":"Point","coordinates":[116.563961,39.924021]},"properties":{"line_key":"BJ-6","line_id":"6","line_name":"6号线","color":"#B58500","seq":13,"name":"褡裢坡","name_zh":"褡裢坡","name_en":"Da Lian Po","amap_station_id":"110100023339005","operator":"北京市地铁运营有限公司","coord_system":"GCJ-02"}},{"type":"Feature","geometry":{"type":"Point","coordinates":[116.517429,39.923168]},"properties":{"line_key":"BJ-6","line_id":"6","line_name":"6号线","color":"#B58500","seq":14,"name":"青年路","name_zh":"青年路","name_en":"Qing Nian Lu","amap_station_id":"110100023339006","operator":"北京市地铁运营有限公司","coord_system":"GCJ-02"}},{"type":"Feature","geometry":{"type":"Point","coordinates":[116.502045,39.923076]},"properties":{"line_key":"BJ-6","line_id":"6","line_name":"6号线","color":"#B58500","seq":15,"name":"十里堡","name_zh":"十里堡","name_en":"Shi Li Bao","amap_station_id":"110100023339007","operator":"北京市地铁运营有限公司","coord_system":"GCJ-02"}},{"type":"Feature","geometry":{"type":"Point","coordinates":[116.478115,39.923556]},"properties":{"line_key":"BJ-6","line_id":"6","line_name":"6号线","color":"#B58500","seq":16,"name":"金台路","name_zh":"金台路","name_en":"Jin Tai Lu","amap_station_id":"110100023339008","operator":"北京市地铁运营有限公司","coord_system":"GCJ-02"}},{"type":"Feature","geometry":{"type":"Point","coordinates":[116.461618,39.923337]},"properties":{"line_key":"BJ-6","line_id":"6","line_name":"6号线","color":"#B58500","seq":17,"name":"呼家楼","name_zh":"呼家楼","name_en":"Hu Jia Lou","amap_station_id":"110100023282019","operator":"北京市地铁运营有限公司","coord_system":"GCJ-02"}},{"type":"Feature","geometry":{"type":"Point","coordinates":[116.450379,39.922852]},"properties":{"line_key":"BJ-6","line_id":"6","line_name":"6号线","color":"#B58500","seq":18,"name":"东大桥","name_zh":"东大桥","name_en":"Dong Da Qiao","amap_station_id":"110100023339010","operator":"北京市地铁运营有限公司","coord_system":"GCJ-02"}},{"type":"Feature","geometry":{"type":"Point","coordinates":[116.434584,39.924499]},"properties":{"line_key":"BJ-6","line_id":"6","line_name":"6号线","color":"#B58500","seq":19,"name":"朝阳门","name_zh":"朝阳门","name_en":"Zhao Yang Men","amap_station_id":"110100023098008","operator":"北京市地铁运营有限公司","coord_system":"GCJ-02"}},{"type":"Feature","geometry":{"type":"Point","coordinates":[116.417493,39.92437]},"properties":{"line_key":"BJ-6","line_id":"6","line_name":"6号线","color":"#B58500","seq":20,"name":"东四","name_zh":"东四","name_en":"Dong Si","amap_station_id":"110100023100009","operator":"北京市地铁运营有限公司","coord_system":"GCJ-02"}},{"type":"Feature","geometry":{"type":"Point","coordinates":[116.404192,39.933848]},"properties":{"line_key":"BJ-6","line_id":"6","line_name":"6号线","color":"#B58500","seq":21,"name":"南锣鼓巷","name_zh":"南锣鼓巷","name_en":"Nan Luo Gu Xiang","amap_station_id":"110100023114002","operator":"北京市地铁运营有限公司","coord_system":"GCJ-02"}},{"type":"Feature","geometry":{"type":"Point","coordinates":[116.386829,39.933247]},"properties":{"line_key":"BJ-6","line_id":"6","line_name":"6号线","color":"#B58500","seq":22,"name":"北海北","name_zh":"北海北","name_en":"Bei Hai Bei","amap_station_id":"110100023339014","operator":"北京市地铁运营有限公司","coord_system":"GCJ-02"}},{"type":"Feature","geometry":{"type":"Point","coordinates":[116.372883,39.933949]},"properties":{"line_key":"BJ-6","line_id":"6","line_name":"6号线","color":"#B58500","seq":23,"name":"平安里","name_zh":"平安里","name_en":"Ping An Li","amap_station_id":"110100023076015","operator":"北京市地铁运营有限公司","coord_system":"GCJ-02"}},{"type":"Feature","geometry":{"type":"Point","coordinates":[116.354357,39.932397]},"properties":{"line_key":"BJ-6","line_id":"6","line_name":"6号线","color":"#B58500","seq":24,"name":"车公庄","name_zh":"车公庄","name_en":"Che Gong Zhuang","amap_station_id":"110100023098018","operator":"北京市地铁运营有限公司","coord_system":"GCJ-02"}},{"type":"Feature","geometry":{"type":"Point","coordinates":[116.344082,39.932466]},"properties":{"line_key":"BJ-6","line_id":"6","line_name":"6号线","color":"#B58500","seq":25,"name":"车公庄西","name_zh":"车公庄西","name_en":"Che Gong Zhuang Xi","amap_station_id":"110100023339017","operator":"北京市地铁运营有限公司","coord_system":"GCJ-02"}},{"type":"Feature","geometry":{"type":"Point","coordinates":[116.333701,39.93241]},"properties":{"line_key":"BJ-6","line_id":"6","line_name":"6号线","color":"#B58500","seq":26,"name":"二里沟","name_zh":"二里沟","name_en":"Er Li Gou","amap_station_id":"110100023339036","operator":"北京市地铁运营有限公司","coord_system":"GCJ-02"}},{"type":"Feature","geometry":{"type":"Point","coordinates":[116.32568,39.933022]},"properties":{"line_key":"BJ-6","line_id":"6","line_name":"6号线","color":"#B58500","seq":27,"name":"白石桥南","name_zh":"白石桥南","name_en":"Bai Shi Qiao Nan","amap_station_id":"110100023116013","operator":"北京市地铁运营有限公司","coord_system":"GCJ-02"}},{"type":"Feature","geometry":{"type":"Point","coordinates":[116.310683,39.93234]},"properties":{"line_key":"BJ-6","line_id":"6","line_name":"6号线","color":"#B58500","seq":28,"name":"花园桥","name_zh":"花园桥","name_en":"Hua Yuan Qiao","amap_station_id":"110100023339019","operator":"北京市地铁运营有限公司","coord_system":"GCJ-02"}},{"type":"Feature","geometry":{"type":"Point","coordinates":[116.295467,39.933268]},"properties":{"line_key":"BJ-6","line_id":"6","line_name":"6号线","color":"#B58500","seq":29,"name":"慈寿寺","name_zh":"慈寿寺","name_en":"Ci Shou Si","amap_station_id":"110100023282043","operator":"北京市地铁运营有限公司","coord_system":"GCJ-02"}},{"type":"Feature","geometry":{"type":"Point","coordinates":[116.276531,39.932584]},"properties":{"line_key":"BJ-6","line_id":"6","line_name":"6号线","color":"#B58500","seq":30,"name":"海淀五路居","name_zh":"海淀五路居","name_en":"Hai Dian Wu Lu Ju","amap_station_id":"110100023339021","operator":"北京市地铁运营有限公司","coord_system":"GCJ-02"}},{"type":"Feature","geometry":{"type":"Point","coordinates":[116.252914,39.929503]},"properties":{"line_key":"BJ-6","line_id":"6","line_name":"6号线","color":"#B58500","seq":31,"name":"田村","name_zh":"田村","name_en":"Tian Cun","amap_station_id":"110100023339030","operator":"北京市地铁运营有限公司","coord_system":"GCJ-02"}},{"type":"Feature","geometry":{"type":"Point","coordinates":[116.227292,39.932422]},"properties":{"line_key":"BJ-6","line_id":"6","line_name":"6号线","color":"#B58500","seq":32,"name":"廖公庄","name_zh":"廖公庄","name_en":"Liao Gong Zhuang","amap_station_id":"110100023339031","operator":"北京市地铁运营有限公司","coord_system":"GCJ-02"}},{"type":"Feature","geometry":{"type":"Point","coordinates":[116.206932,39.933605]},"properties":{"line_key":"BJ-6","line_id":"6","line_name":"6号线","color":"#B58500","seq":33,"name":"西黄村","name_zh":"西黄村","name_en":"Xi Huang Cun","amap_station_id":"110100023339032","operator":"北京市地铁运营有限公司","coord_system":"GCJ-02"}},{"type":"Feature","geometry":{"type":"Point","coordinates":[116.187004,39.92785]},"properties":{"line_key":"BJ-6","line_id":"6","line_name":"6号线","color":"#B58500","seq":34,"name":"杨庄","name_zh":"杨庄","name_en":"Yang Zhuang","amap_station_id":"110100023339033","operator":"北京市地铁运营有限公司","coord_system":"GCJ-02"}},{"type":"Feature","geometry":{"type":"Point","coordinates":[116.178674,39.925853]},"properties":{"line_key":"BJ-6","line_id":"6","line_name":"6号线","color":"#B58500","seq":35,"name":"苹果园","name_zh":"苹果园","name_en":"Ping Guo Yuan","amap_station_id":"110100023110052","operator":"北京市地铁运营有限公司","coord_system":"GCJ-02"}},{"type":"Feature","geometry":{"type":"Point","coordinates":[116.162586,39.923298]},"properties":{"line_key":"BJ-6","line_id":"6","line_name":"6号线","color":"#B58500","seq":36,"name":"金安桥","name_zh":"金安桥","name_en":"Jin An Qiao","amap_station_id":"110100023339035","operator":"北京市地铁运营有限公司","coord_system":"GCJ-02"}},{"type":"Feature","geometry":{"type":"Point","coordinates":[116.679099,39.849152]},"properties":{"line_key":"BJ-7","line_id":"7","line_name":"7号线","color":"#FFC56E","seq":1,"name":"环球度假区","name_zh":"环球度假区","name_en":"Huan Qiu Du Jia Qu","amap_station_id":"110100023054033","operator":"北京市地铁运营有限公司","coord_system":"GCJ-02"}},{"type":"Feature","geometry":{"type":"Point","coordinates":[116.695495,39.856722]},"properties":{"line_key":"BJ-7","line_id":"7","line_name":"7号线","color":"#FFC56E","seq":2,"name":"花庄","name_zh":"花庄","name_en":"Hua Zhuang","amap_station_id":"110100023054032","operator":"北京市地铁运营有限公司","coord_system":"GCJ-02"}},{"type":"Feature","geometry":{"type":"Point","coordinates":[116.68434,39.863154]},"properties":{"line_key":"BJ-7","line_id":"7","line_name":"7号线","color":"#FFC56E","seq":3,"name":"高楼金","name_zh":"高楼金","name_en":"Gao Lou Jin","amap_station_id":"110100023054031","operator":"北京市地铁运营有限公司","coord_system":"GCJ-02"}},{"type":"Feature","geometry":{"type":"Point","coordinates":[116.670792,39.863515]},"properties":{"line_key":"BJ-7","line_id":"7","line_name":"7号线","color":"#FFC56E","seq":4,"name":"群芳","name_zh":"群芳","name_en":"Qun Fang","amap_station_id":"110100023054030","operator":"北京市地铁运营有限公司","coord_system":"GCJ-02"}},{"type":"Feature","geometry":{"type":"Point","coordinates":[116.657379,39.863491]},"properties":{"line_key":"BJ-7","line_id":"7","line_name":"7号线","color":"#FFC56E","seq":5,"name":"万盛东","name_zh":"万盛东","name_en":"Wan Sheng Dong","amap_station_id":"110100023054029","operator":"北京市地铁运营有限公司","coord_system":"GCJ-02"}},{"type":"Feature","geometry":{"type":"Point","coordinates":[116.63216,39.863328]},"properties":{"line_key":"BJ-7","line_id":"7","line_name":"7号线","color":"#FFC56E","seq":6,"name":"万盛西","name_zh":"万盛西","name_en":"Wan Sheng Xi","amap_station_id":"110100023054028","operator":"北京市地铁运营有限公司","coord_system":"GCJ-02"}},{"type":"Feature","geometry":{"type":"Point","coordinates":[116.599119,39.858725]},"properties":{"line_key":"BJ-7","line_id":"7","line_name":"7号线","color":"#FFC56E","seq":7,"name":"黑庄户","name_zh":"黑庄户","name_en":"Hei Zhuang Hu","amap_station_id":"110100023054027","operator":"北京市地铁运营有限公司","coord_system":"GCJ-02"}},{"type":"Feature","geometry":{"type":"Point","coordinates":[116.569826,39.856496]},"properties":{"line_key":"BJ-7","line_id":"7","line_name":"7号线","color":"#FFC56E","seq":8,"name":"郎辛庄","name_zh":"郎辛庄","name_en":"Lang Xin Zhuang","amap_station_id":"110100023054026","operator":"北京市地铁运营有限公司","coord_system":"GCJ-02"}},{"type":"Feature","geometry":{"type":"Point","coordinates":[116.553759,39.848979]},"properties":{"line_key":"BJ-7","line_id":"7","line_name":"7号线","color":"#FFC56E","seq":9,"name":"黄厂","name_zh":"黄厂","name_en":"Huang Chang","amap_station_id":"110100023054025","operator":"北京市地铁运营有限公司","coord_system":"GCJ-02"}},{"type":"Feature","geometry":{"type":"Point","coordinates":[116.537247,39.855488]},"properties":{"line_key":"BJ-7","line_id":"7","line_name":"7号线","color":"#FFC56E","seq":10,"name":"焦化厂","name_zh":"焦化厂","name_en":"Jiao Hua Chang","amap_station_id":"110100023054022","operator":"北京市地铁运营有限公司","coord_system":"GCJ-02"}},{"type":"Feature","geometry":{"type":"Point","coordinates":[116.526836,39.859691]},"properties":{"line_key":"BJ-7","line_id":"7","line_name":"7号线","color":"#FFC56E","seq":11,"name":"双合","name_zh":"双合","name_en":"Shuang He","amap_station_id":"110100023054021","operator":"北京市地铁运营有限公司","coord_system":"GCJ-02"}},{"type":"Feature","geometry":{"type":"Point","coordinates":[116.511821,39.860728]},"properties":{"line_key":"BJ-7","line_id":"7","line_name":"7号线","color":"#FFC56E","seq":12,"name":"垡头","name_zh":"垡头","name_en":"Fa Tou","amap_station_id":"110100023054020","operator":"北京市地铁运营有限公司","coord_system":"GCJ-02"}},{"type":"Feature","geometry":{"type":"Point","coordinates":[116.500067,39.866505]},"properties":{"line_key":"BJ-7","line_id":"7","line_name":"7号线","color":"#FFC56E","seq":13,"name":"欢乐谷景区","name_zh":"欢乐谷景区","name_en":"Huan Le Gu Jing Qu","amap_station_id":"110100023054019","operator":"北京市地铁运营有限公司","coord_system":"GCJ-02"}},{"type":"Feature","geometry":{"type":"Point","coordinates":[116.501084,39.874578]},"properties":{"line_key":"BJ-7","line_id":"7","line_name":"7号线","color":"#FFC56E","seq":14,"name":"南楼梓庄","name_zh":"南楼梓庄","name_en":"Nan Lou Zi Zhuang","amap_station_id":"110100023054018","operator":"北京市地铁运营有限公司","coord_system":"GCJ-02"}},{"type":"Feature","geometry":{"type":"Point","coordinates":[116.503439,39.887369]},"properties":{"line_key":"BJ-7","line_id":"7","line_name":"7号线","color":"#FFC56E","seq":15,"name":"化工","name_zh":"化工","name_en":"Hua Gong","amap_station_id":"110100023054017","operator":"北京市地铁运营有限公司","coord_system":"GCJ-02"}},{"type":"Feature","geometry":{"type":"Point","coordinates":[116.497768,39.89253]},"properties":{"line_key":"BJ-7","line_id":"7","line_name":"7号线","color":"#FFC56E","seq":16,"name":"百子湾","name_zh":"百子湾","name_en":"Bai Zi Wan","amap_station_id":"110100023054016","operator":"北京市地铁运营有限公司","coord_system":"GCJ-02"}},{"type":"Feature","geometry":{"type":"Point","coordinates":[116.487935,39.893183]},"properties":{"line_key":"BJ-7","line_id":"7","line_name":"7号线","color":"#FFC56E","seq":17,"name":"大郊亭","name_zh":"大郊亭","name_en":"Da Jiao Ting","amap_station_id":"110100023054015","operator":"北京市地铁运营有限公司","coord_system":"GCJ-02"}},{"type":"Feature","geometry":{"type":"Point","coordinates":[116.478879,39.89321]},"properties":{"line_key":"BJ-7","line_id":"7","line_name":"7号线","color":"#FFC56E","seq":18,"name":"九龙山","name_zh":"九龙山","name_en":"Jiu Long Shan","amap_station_id":"110100023054014","operator":"北京市地铁运营有限公司","coord_system":"GCJ-02"}},{"type":"Feature","geometry":{"type":"Point","coordinates":[116.461834,39.893512]},"properties":{"line_key":"BJ-7","line_id":"7","line_name":"7号线","color":"#FFC56E","seq":19,"name":"双井","name_zh":"双井","name_en":"Shuang Jing","amap_station_id":"110100023054013","operator":"北京市地铁运营有限公司","coord_system":"GCJ-02"}},{"type":"Feature","geometry":{"type":"Point","coordinates":[116.448998,39.893648]},"properties":{"line_key":"BJ-7","line_id":"7","line_name":"7号线","color":"#FFC56E","seq":20,"name":"广渠门外","name_zh":"广渠门外","name_en":"Guang Qu Men Wai","amap_station_id":"110100023054012","operator":"北京市地铁运营有限公司","coord_system":"GCJ-02"}},{"type":"Feature","geometry":{"type":"Point","coordinates":[116.433877,39.893673]},"properties":{"line_key":"BJ-7","line_id":"7","line_name":"7号线","color":"#FFC56E","seq":21,"name":"广渠门内","name_zh":"广渠门内","name_en":"Guang Qu Men Nei","amap_station_id":"110100023054011","operator":"北京市地铁运营有限公司","coord_system":"GCJ-02"}},{"type":"Feature","geometry":{"type":"Point","coordinates":[116.41994,39.893172]},"properties":{"line_key":"BJ-7","line_id":"7","line_name":"7号线","color":"#FFC56E","seq":22,"name":"磁器口","name_zh":"磁器口","name_en":"Ci Qi Kou","amap_station_id":"110100023054010","operator":"北京市地铁运营有限公司","coord_system":"GCJ-02"}},{"type":"Feature","geometry":{"type":"Point","coordinates":[116.408464,39.892725]},"properties":{"line_key":"BJ-7","line_id":"7","line_name":"7号线","color":"#FFC56E","seq":23,"name":"桥湾","name_zh":"桥湾","name_en":"Qiao Wan","amap_station_id":"110100023054024","operator":"北京市地铁运营有限公司","coord_system":"GCJ-02"}},{"type":"Feature","geometry":{"type":"Point","coordinates":[116.398372,39.891334]},"properties":{"line_key":"BJ-7","line_id":"7","line_name":"7号线","color":"#FFC56E","seq":24,"name":"珠市口","name_zh":"珠市口","name_en":"Zhu Shi Kou","amap_station_id":"110100023054008","operator":"北京市地铁运营有限公司","coord_system":"GCJ-02"}},{"type":"Feature","geometry":{"type":"Point","coordinates":[116.384596,39.889486]},"properties":{"line_key":"BJ-7","line_id":"7","line_name":"7号线","color":"#FFC56E","seq":25,"name":"虎坊桥","name_zh":"虎坊桥","name_en":"Hu Fang Qiao","amap_station_id":"110100023054007","operator":"北京市地铁运营有限公司","coord_system":"GCJ-02"}},{"type":"Feature","geometry":{"type":"Point","coordinates":[116.374425,39.889296]},"properties":{"line_key":"BJ-7","line_id":"7","line_name":"7号线","color":"#FFC56E","seq":26,"name":"菜市口","name_zh":"菜市口","name_en":"Cai Shi Kou","amap_station_id":"110100023054006","operator":"北京市地铁运营有限公司","coord_system":"GCJ-02"}},{"type":"Feature","geometry":{"type":"Point","coordinates":[116.358239,39.889418]},"properties":{"line_key":"BJ-7","line_id":"7","line_name":"7号线","color":"#FFC56E","seq":27,"name":"广安门内","name_zh":"广安门内","name_en":"Guang An Men Nei","amap_station_id":"110100023054023","operator":"北京市地铁运营有限公司","coord_system":"GCJ-02"}},{"type":"Feature","geometry":{"type":"Point","coordinates":[116.335608,39.889898]},"properties":{"line_key":"BJ-7","line_id":"7","line_name":"7号线","color":"#FFC56E","seq":28,"name":"达官营","name_zh":"达官营","name_en":"Da Guan Ying","amap_station_id":"110100023054004","operator":"北京市地铁运营有限公司","coord_system":"GCJ-02"}},{"type":"Feature","geometry":{"type":"Point","coordinates":[116.327753,39.889954]},"properties":{"line_key":"BJ-7","line_id":"7","line_name":"7号线","color":"#FFC56E","seq":29,"name":"湾子","name_zh":"湾子","name_en":"Wan Zi","amap_station_id":"110100023054003","operator":"北京市地铁运营有限公司","coord_system":"GCJ-02"}},{"type":"Feature","geometry":{"type":"Point","coordinates":[116.321218,39.894706]},"properties":{"line_key":"BJ-7","line_id":"7","line_name":"7号线","color":"#FFC56E","seq":30,"name":"北京西站","name_zh":"北京西站","name_en":"Bei Jing Xi Zhan","amap_station_id":"110100023054002","operator":"北京市地铁运营有限公司","coord_system":"GCJ-02"}},{"type":"Feature","geometry":{"type":"Point","coordinates":[116.448982,39.760713]},"properties":{"line_key":"BJ-8","line_id":"8","line_name":"8号线","color":"#009B77","seq":1,"name":"瀛海","name_zh":"瀛海","name_en":"Ying Hai","amap_station_id":"110100023114021","operator":"北京市地铁运营有限公司","coord_system":"GCJ-02"}},{"type":"Feature","geometry":{"type":"Point","coordinates":[116.441467,39.772649]},"properties":{"line_key":"BJ-8","line_id":"8","line_name":"8号线","color":"#009B77","seq":2,"name":"德茂","name_zh":"德茂","name_en":"De Mao","amap_station_id":"110100023114022","operator":"北京市地铁运营有限公司","coord_system":"GCJ-02"}},{"type":"Feature","geometry":{"type":"Point","coordinates":[116.423903,39.785046]},"properties":{"line_key":"BJ-8","line_id":"8","line_name":"8号线","color":"#009B77","seq":3,"name":"五福堂","name_zh":"五福堂","name_en":"Wu Fu Tang","amap_station_id":"110100023114023","operator":"北京市地铁运营有限公司","coord_system":"GCJ-02"}},{"type":"Feature","geometry":{"type":"Point","coordinates":[116.418627,39.799287]},"properties":{"line_key":"BJ-8","line_id":"8","line_name":"8号线","color":"#009B77","seq":4,"name":"火箭万源","name_zh":"火箭万源","name_en":"Huo Jian Wan Yuan","amap_station_id":"110100023114024","operator":"北京市地铁运营有限公司","coord_system":"GCJ-02"}},{"type":"Feature","geometry":{"type":"Point","coordinates":[116.409427,39.805074]},"properties":{"line_key":"BJ-8","line_id":"8","line_name":"8号线","color":"#009B77","seq":5,"name":"东高地","name_zh":"东高地","name_en":"Dong Gao Di","amap_station_id":"110100023114025","operator":"北京市地铁运营有限公司","coord_system":"GCJ-02"}},{"type":"Feature","geometry":{"type":"Point","coordinates":[116.402073,39.814838]},"properties":{"line_key":"BJ-8","line_id":"8","line_name":"8号线","color":"#009B77","seq":6,"name":"和义","name_zh":"和义","name_en":"He Yi","amap_station_id":"110100023114026","operator":"北京市地铁运营有限公司","coord_system":"GCJ-02"}},{"type":"Feature","geometry":{"type":"Point","coordinates":[116.401045,39.836715]},"properties":{"line_key":"BJ-8","line_id":"8","line_name":"8号线","color":"#009B77","seq":7,"name":"大红门南","name_zh":"大红门南","name_en":"Da Hong Men Nan","amap_station_id":"110100023114027","operator":"北京市地铁运营有限公司","coord_system":"GCJ-02"}},{"type":"Feature","geometry":{"type":"Point","coordinates":[116.399154,39.845383]},"properties":{"line_key":"BJ-8","line_id":"8","line_name":"8号线","color":"#009B77","seq":8,"name":"大红门","name_zh":"大红门","name_en":"Da Hong Men","amap_station_id":"110100023114028","operator":"北京市地铁运营有限公司","coord_system":"GCJ-02"}},{"type":"Feature","geometry":{"type":"Point","coordinates":[116.400301,39.851805]},"properties":{"line_key":"BJ-8","line_id":"8","line_name":"8号线","color":"#009B77","seq":9,"name":"海户屯","name_zh":"海户屯","name_en":"Hai Hu Tun","amap_station_id":"110100023114029","operator":"北京市地铁运营有限公司","coord_system":"GCJ-02"}},{"type":"Feature","geometry":{"type":"Point","coordinates":[116.399839,39.859262]},"properties":{"line_key":"BJ-8","line_id":"8","line_name":"8号线","color":"#009B77","seq":10,"name":"木樨园","name_zh":"木樨园","name_en":"Mu Xi Yuan","amap_station_id":"110100023114030","operator":"北京市地铁运营有限公司","coord_system":"GCJ-02"}},{"type":"Feature","geometry":{"type":"Point","coordinates":[116.399369,39.867435]},"properties":{"line_key":"BJ-8","line_id":"8","line_name":"8号线","color":"#009B77","seq":11,"name":"永定门外","name_zh":"永定门外","name_en":"Yong Ding Men Wai","amap_station_id":"110100023114031","operator":"北京市地铁运营有限公司","coord_system":"GCJ-02"}},{"type":"Feature","geometry":{"type":"Point","coordinates":[116.398712,39.88192]},"properties":{"line_key":"BJ-8","line_id":"8","line_name":"8号线","color":"#009B77","seq":12,"name":"天桥","name_zh":"天桥","name_en":"Tian Qiao","amap_station_id":"110100023114032","operator":"北京市地铁运营有限公司","coord_system":"GCJ-02"}},{"type":"Feature","geometry":{"type":"Point","coordinates":[116.398372,39.891334]},"properties":{"line_key":"BJ-8","line_id":"8","line_name":"8号线","color":"#009B77","seq":13,"name":"珠市口","name_zh":"珠市口","name_en":"Zhu Shi Kou","amap_station_id":"110100023054008","operator":"北京市地铁运营有限公司","coord_system":"GCJ-02"}},{"type":"Feature","geometry":{"type":"Point","coordinates":[116.397937,39.900192]},"properties":{"line_key":"BJ-8","line_id":"8","line_name":"8号线","color":"#009B77","seq":14,"name":"前门","name_zh":"前门","name_en":"Qian Men","amap_station_id":"110100023098012","operator":"北京市地铁运营有限公司","coord_system":"GCJ-02"}},{"type":"Feature","geometry":{"type":"Point","coordinates":[116.411571,39.908069]},"properties":{"line_key":"BJ-8","line_id":"8","line_name":"8号线","color":"#009B77","seq":15,"name":"王府井","name_zh":"王府井","name_en":"Wang Fu Jing","amap_station_id":"110100023110017","operator":"北京市地铁运营有限公司","coord_system":"GCJ-02"}},{"type":"Feature","geometry":{"type":"Point","coordinates":[116.411178,39.915387]},"properties":{"line_key":"BJ-8","line_id":"8","line_name":"8号线","color":"#009B77","seq":16,"name":"金鱼胡同","name_zh":"金鱼胡同","name_en":"Jin Yu Hu Tong","amap_station_id":"110100023114036","operator":"北京市地铁运营有限公司","coord_system":"GCJ-02"}},{"type":"Feature","geometry":{"type":"Point","coordinates":[116.410803,39.923705]},"properties":{"line_key":"BJ-8","line_id":"8","line_name":"8号线","color":"#009B77","seq":17,"name":"中国美术馆","name_zh":"中国美术馆","name_en":"Zhong Guo Mei Shu Guan","amap_station_id":"110100023114020","operator":"北京市地铁运营有限公司","coord_system":"GCJ-02"}},{"type":"Feature","geometry":{"type":"Point","coordinates":[116.404192,39.933848]},"properties":{"line_key":"BJ-8","line_id":"8","line_name":"8号线","color":"#009B77","seq":18,"name":"南锣鼓巷","name_zh":"南锣鼓巷","name_en":"Nan Luo Gu Xiang","amap_station_id":"110100023114002","operator":"北京市地铁运营有限公司","coord_system":"GCJ-02"}},{"type":"Feature","geometry":{"type":"Point","coordinates":[116.396219,39.937583]},"properties":{"line_key":"BJ-8","line_id":"8","line_name":"8号线","color":"#009B77","seq":19,"name":"什刹海","name_zh":"什刹海","name_en":"Shi Cha Hai","amap_station_id":"110100023114003","operator":"北京市地铁运营有限公司","coord_system":"GCJ-02"}},{"type":"Feature","geometry":{"type":"Point","coordinates":[116.393776,39.948972]},"properties":{"line_key":"BJ-8","line_id":"8","line_name":"8号线","color":"#009B77","seq":20,"name":"鼓楼大街","name_zh":"鼓楼大街","name_en":"Gu Lou Da Jie","amap_station_id":"110100023098003","operator":"北京市地铁运营有限公司","coord_system":"GCJ-02"}},{"type":"Feature","geometry":{"type":"Point","coordinates":[116.395145,39.957227]},"properties":{"line_key":"BJ-8","line_id":"8","line_name":"8号线","color":"#009B77","seq":21,"name":"安德里北街","name_zh":"安德里北街","name_en":"An De Li Bei Jie","amap_station_id":"110100023114005","operator":"北京市地铁运营有限公司","coord_system":"GCJ-02"}},{"type":"Feature","geometry":{"type":"Point","coordinates":[116.394159,39.968653]},"properties":{"line_key":"BJ-8","line_id":"8","line_name":"8号线","color":"#009B77","seq":22,"name":"安华桥","name_zh":"安华桥","name_en":"An Hua Qiao","amap_station_id":"110100023114006","operator":"北京市地铁运营有限公司","coord_system":"GCJ-02"}},{"type":"Feature","geometry":{"type":"Point","coordinates":[116.394193,39.976953]},"properties":{"line_key":"BJ-8","line_id":"8","line_name":"8号线","color":"#009B77","seq":23,"name":"北土城","name_zh":"北土城","name_en":"Bei Tu Cheng","amap_station_id":"110100023114007","operator":"北京市地铁运营有限公司","coord_system":"GCJ-02"}},{"type":"Feature","geometry":{"type":"Point","coordinates":[116.393759,39.985837]},"properties":{"line_key":"BJ-8","line_id":"8","line_name":"8号线","color":"#009B77","seq":24,"name":"奥体中心","name_zh":"奥体中心","name_en":"Ao Ti Zhong Xin","amap_station_id":"110100023114008","operator":"北京市地铁运营有限公司","coord_system":"GCJ-02"}},{"type":"Feature","geometry":{"type":"Point","coordinates":[116.391758,40.002207]},"properties":{"line_key":"BJ-8","line_id":"8","line_name":"8号线","color":"#009B77","seq":25,"name":"奥林匹克公园","name_zh":"奥林匹克公园","name_en":"Ao Lin Pi Ke Gong Yuan","amap_station_id":"110100023070018","operator":"北京市地铁运营有限公司","coord_system":"GCJ-02"}},{"type":"Feature","geometry":{"type":"Point","coordinates":[116.3926,40.010122]},"properties":{"line_key":"BJ-8","line_id":"8","line_name":"8号线","color":"#009B77","seq":26,"name":"森林公园南门","name_zh":"森林公园南门","name_en":"Sen Lin Gong Yuan Nan Men","amap_station_id":"110100023114010","operator":"北京市地铁运营有限公司","coord_system":"GCJ-02"}},{"type":"Feature","geometry":{"type":"Point","coordinates":[116.372998,40.021906]},"properties":{"line_key":"BJ-8","line_id":"8","line_name":"8号线","color":"#009B77","seq":27,"name":"林萃桥","name_zh":"林萃桥","name_en":"Lin Cui Qiao","amap_station_id":"110100023114011","operator":"北京市地铁运营有限公司","coord_system":"GCJ-02"}},{"type":"Feature","geometry":{"type":"Point","coordinates":[116.35458,40.037728]},"properties":{"line_key":"BJ-8","line_id":"8","line_name":"8号线","color":"#009B77","seq":28,"name":"永泰庄","name_zh":"永泰庄","name_en":"Yong Tai Zhuang","amap_station_id":"110100023114012","operator":"北京市地铁运营有限公司","coord_system":"GCJ-02"}},{"type":"Feature","geometry":{"type":"Point","coordinates":[116.351644,40.046873]},"properties":{"line_key":"BJ-8","line_id":"8","line_name":"8号线","color":"#009B77","seq":29,"name":"西小口","name_zh":"西小口","name_en":"Xi Xiao Kou","amap_station_id":"110100023114013","operator":"北京市地铁运营有限公司","coord_system":"GCJ-02"}},{"type":"Feature","geometry":{"type":"Point","coordinates":[116.347328,40.060039]},"properties":{"line_key":"BJ-8","line_id":"8","line_name":"8号线","color":"#009B77","seq":30,"name":"育新","name_zh":"育新","name_en":"Yu Xin","amap_station_id":"110100023114014","operator":"北京市地铁运营有限公司","coord_system":"GCJ-02"}},{"type":"Feature","geometry":{"type":"Point","coordinates":[116.360286,40.071857]},"properties":{"line_key":"BJ-8","line_id":"8","line_name":"8号线","color":"#009B77","seq":31,"name":"霍营","name_zh":"霍营","name_en":"Huo Ying","amap_station_id":"110100023114015","operator":"北京市地铁运营有限公司","coord_system":"GCJ-02"}},{"type":"Feature","geometry":{"type":"Point","coordinates":[116.363027,40.081194]},"properties":{"line_key":"BJ-8","line_id":"8","line_name":"8号线","color":"#009B77","seq":32,"name":"回龙观东大街","name_zh":"回龙观东大街","name_en":"Hui Long Guan Dong Da Jie","amap_station_id":"110100023114016","operator":"北京市地铁运营有限公司","coord_system":"GCJ-02"}},{"type":"Feature","geometry":{"type":"Point","coordinates":[116.350425,40.090607]},"properties":{"line_key":"BJ-8","line_id":"8","line_name":"8号线","color":"#009B77","seq":33,"name":"平西府","name_zh":"平西府","name_en":"Ping Xi Fu","amap_station_id":"110100023114017","operator":"北京市地铁运营有限公司","coord_system":"GCJ-02"}},{"type":"Feature","geometry":{"type":"Point","coordinates":[116.326992,40.087863]},"properties":{"line_key":"BJ-8","line_id":"8","line_name":"8号线","color":"#009B77","seq":34,"name":"育知路","name_zh":"育知路","name_en":"Yu Zhi Lu","amap_station_id":"110100023114018","operator":"北京市地铁运营有限公司","coord_system":"GCJ-02"}},{"type":"Feature","geometry":{"type":"Point","coordinates":[116.313698,40.104297]},"properties":{"line_key":"BJ-8","line_id":"8","line_name":"8号线","color":"#009B77","seq":35,"name":"朱辛庄","name_zh":"朱辛庄","name_en":"Zhu Xin Zhuang","amap_station_id":"110100023114019","operator":"北京市地铁运营有限公司","coord_system":"GCJ-02"}},{"type":"Feature","geometry":{"type":"Point","coordinates":[116.301889,39.814322]},"properties":{"line_key":"BJ-9","line_id":"9","line_name":"9号线","color":"#97D700","seq":1,"name":"郭公庄","name_zh":"郭公庄","name_en":"Guo Gong Zhuang","amap_station_id":"110100023092018","operator":"北京市地铁运营有限公司","coord_system":"GCJ-02"}},{"type":"Feature","geometry":{"type":"Point","coordinates":[116.297176,39.825233]},"properties":{"line_key":"BJ-9","line_id":"9","line_name":"9号线","color":"#97D700","seq":2,"name":"丰台科技园","name_zh":"丰台科技园","name_en":"Feng Tai Ke Ji Yuan","amap_station_id":"110100023116003","operator":"北京市地铁运营有限公司","coord_system":"GCJ-02"}},{"type":"Feature","geometry":{"type":"Point","coordinates":[116.297432,39.83248]},"properties":{"line_key":"BJ-9","line_id":"9","line_name":"9号线","color":"#97D700","seq":3,"name":"科怡路","name_zh":"科怡路","name_en":"Ke Yi Lu","amap_station_id":"110100023116004","operator":"北京市地铁运营有限公司","coord_system":"GCJ-02"}},{"type":"Feature","geometry":{"type":"Point","coordinates":[116.296552,39.841106]},"properties":{"line_key":"BJ-9","line_id":"9","line_name":"9号线","color":"#97D700","seq":4,"name":"丰台南路","name_zh":"丰台南路","name_en":"Feng Tai Nan Lu","amap_station_id":"110100023116005","operator":"北京市地铁运营有限公司","coord_system":"GCJ-02"}},{"type":"Feature","geometry":{"type":"Point","coordinates":[116.293857,39.855111]},"properties":{"line_key":"BJ-9","line_id":"9","line_name":"9号线","color":"#97D700","seq":5,"name":"丰台东大街","name_zh":"丰台东大街","name_en":"Feng Tai Dong Da Jie","amap_station_id":"110100023116006","operator":"北京市地铁运营有限公司","coord_system":"GCJ-02"}},{"type":"Feature","geometry":{"type":"Point","coordinates":[116.294293,39.866981]},"properties":{"line_key":"BJ-9","line_id":"9","line_name":"9号线","color":"#97D700","seq":6,"name":"七里庄","name_zh":"七里庄","name_en":"Qi Li Zhuang","amap_station_id":"110100023116007","operator":"北京市地铁运营有限公司","coord_system":"GCJ-02"}},{"type":"Feature","geometry":{"type":"Point","coordinates":[116.302808,39.880239]},"properties":{"line_key":"BJ-9","line_id":"9","line_name":"9号线","color":"#97D700","seq":7,"name":"六里桥","name_zh":"六里桥","name_en":"Liu Li Qiao","amap_station_id":"110100023116008","operator":"北京市地铁运营有限公司","coord_system":"GCJ-02"}},{"type":"Feature","geometry":{"type":"Point","coordinates":[116.315142,39.886886]},"properties":{"line_key":"BJ-9","line_id":"9","line_name":"9号线","color":"#97D700","seq":8,"name":"六里桥东","name_zh":"六里桥东","name_en":"Liu Li Qiao Dong","amap_station_id":"110100023116009","operator":"北京市地铁运营有限公司","coord_system":"GCJ-02"}},{"type":"Feature","geometry":{"type":"Point","coordinates":[116.321218,39.894706]},"properties":{"line_key":"BJ-9","line_id":"9","line_name":"9号线","color":"#97D700","seq":9,"name":"北京西站","name_zh":"北京西站","name_en":"Bei Jing Xi Zhan","amap_station_id":"110100023054002","operator":"北京市地铁运营有限公司","coord_system":"GCJ-02"}},{"type":"Feature","geometry":{"type":"Point","coordinates":[116.321459,39.907422]},"properties":{"line_key":"BJ-9","line_id":"9","line_name":"9号线","color":"#97D700","seq":10,"name":"军事博物馆","name_zh":"军事博物馆","name_en":"Jun Shi Bo Wu Guan","amap_station_id":"110100023110010","operator":"北京市地铁运营有限公司","coord_system":"GCJ-02"}},{"type":"Feature","geometry":{"type":"Point","coordinates":[116.325762,39.923818]},"properties":{"line_key":"BJ-9","line_id":"9","line_name":"9号线","color":"#97D700","seq":11,"name":"白堆子","name_zh":"白堆子","name_en":"Bai Dui Zi","amap_station_id":"110100023116012","operator":"北京市地铁运营有限公司","coord_system":"GCJ-02"}},{"type":"Feature","geometry":{"type":"Point","coordinates":[116.32568,39.933022]},"properties":{"line_key":"BJ-9","line_id":"9","line_name":"9号线","color":"#97D700","seq":12,"name":"白石桥南","name_zh":"白石桥南","name_en":"Bai Shi Qiao Nan","amap_station_id":"110100023116013","operator":"北京市地铁运营有限公司","coord_system":"GCJ-02"}},{"type":"Feature","geometry":{"type":"Point","coordinates":[116.32519,39.943114]},"properties":{"line_key":"BJ-9","line_id":"9","line_name":"9号线","color":"#97D700","seq":13,"name":"国家图书馆","name_zh":"国家图书馆","name_en":"Guo Jia Tu Shu Guan","amap_station_id":"110100023076011","operator":"北京市地铁运营有限公司","coord_system":"GCJ-02"}},{"type":"Feature","geometry":{"type":"Point","coordinates":[116.293357,39.974414]},"properties":{"line_key":"BJ-10","line_id":"10","line_name":"10号线","color":"#0092BC","seq":1,"name":"巴沟","name_zh":"巴沟","name_en":"Ba Gou","amap_station_id":"110100023060002","operator":"北京市地铁运营有限公司","coord_system":"GCJ-02"}},{"type":"Feature","geometry":{"type":"Point","coordinates":[116.306332,39.975642]},"properties":{"line_key":"BJ-10","line_id":"10","line_name":"10号线","color":"#0092BC","seq":2,"name":"苏州街","name_zh":"苏州街","name_en":"Su Zhou Jie","amap_station_id":"110100023282003","operator":"北京市地铁运营有限公司","coord_system":"GCJ-02"}},{"type":"Feature","geometry":{"type":"Point","coordinates":[116.317564,39.975996]},"properties":{"line_key":"BJ-10","line_id":"10","line_name":"10号线","color":"#0092BC","seq":3,"name":"海淀黄庄","name_zh":"海淀黄庄","name_en":"Hai Dian Huang Zhuang","amap_station_id":"110100023076008","operator":"北京市地铁运营有限公司","coord_system":"GCJ-02"}},{"type":"Feature","geometry":{"type":"Point","coordinates":[116.328709,39.976334]},"properties":{"line_key":"BJ-10","line_id":"10","line_name":"10号线","color":"#0092BC","seq":4,"name":"知春里","name_zh":"知春里","name_en":"Zhi Chun Li","amap_station_id":"110100023282005","operator":"北京市地铁运营有限公司","coord_system":"GCJ-02"}},{"type":"Feature","geometry":{"type":"Point","coordinates":[116.33996,39.976476]},"properties":{"line_key":"BJ-10","line_id":"10","line_name":"10号线","color":"#0092BC","seq":5,"name":"知春路","name_zh":"知春路","name_en":"Zhi Chun Lu","amap_station_id":"110100023282006","operator":"北京市地铁运营有限公司","coord_system":"GCJ-02"}},{"type":"Feature","geometry":{"type":"Point","coordinates":[116.354314,39.976372]},"properties":{"line_key":"BJ-10","line_id":"10","line_name":"10号线","color":"#0092BC","seq":6,"name":"西土城","name_zh":"西土城","name_en":"Xi Tu Cheng","amap_station_id":"110100023118020","operator":"北京市地铁运营有限公司","coord_system":"GCJ-02"}},{"type":"Feature","geometry":{"type":"Point","coordinates":[116.369844,39.976603]},"properties":{"line_key":"BJ-10","line_id":"10","line_name":"10号线","color":"#0092BC","seq":7,"name":"牡丹园","name_zh":"牡丹园","name_en":"Mu Dan Yuan","amap_station_id":"110100023282008","operator":"北京市地铁运营有限公司","coord_system":"GCJ-02"}},{"type":"Feature","geometry":{"type":"Point","coordinates":[116.381353,39.976723]},"properties":{"line_key":"BJ-10","line_id":"10","line_name":"10号线","color":"#0092BC","seq":8,"name":"健德门","name_zh":"健德门","name_en":"Jian De Men","amap_station_id":"110100023282009","operator":"北京市地铁运营有限公司","coord_system":"GCJ-02"}},{"type":"Feature","geometry":{"type":"Point","coordinates":[116.394193,39.976953]},"properties":{"line_key":"BJ-10","line_id":"10","line_name":"10号线","color":"#0092BC","seq":9,"name":"北土城","name_zh":"北土城","name_en":"Bei Tu Cheng","amap_station_id":"110100023114007","operator":"北京市地铁运营有限公司","coord_system":"GCJ-02"}},{"type":"Feature","geometry":{"type":"Point","coordinates":[116.405954,39.977005]},"properties":{"line_key":"BJ-10","line_id":"10","line_name":"10号线","color":"#0092BC","seq":10,"name":"安贞门","name_zh":"安贞门","name_en":"An Zhen Men","amap_station_id":"110100023282011","operator":"北京市地铁运营有限公司","coord_system":"GCJ-02"}},{"type":"Feature","geometry":{"type":"Point","coordinates":[116.417537,39.977121]},"properties":{"line_key":"BJ-10","line_id":"10","line_name":"10号线","color":"#0092BC","seq":11,"name":"惠新西街南口","name_zh":"惠新西街南口","name_en":"Hui Xin Xi Jie Nan Kou","amap_station_id":"110100023100015","operator":"北京市地铁运营有限公司","coord_system":"GCJ-02"}},{"type":"Feature","geometry":{"type":"Point","coordinates":[116.435914,39.977636]},"properties":{"line_key":"BJ-10","line_id":"10","line_name":"10号线","color":"#0092BC","seq":12,"name":"芍药居","name_zh":"芍药居","name_en":"Shao Yao Ju","amap_station_id":"110100023282013","operator":"北京市地铁运营有限公司","coord_system":"GCJ-02"}},{"type":"Feature","geometry":{"type":"Point","coordinates":[116.448213,39.973816]},"properties":{"line_key":"BJ-10","line_id":"10","line_name":"10号线","color":"#0092BC","seq":13,"name":"太阳宫","name_zh":"太阳宫","name_en":"Tai Yang Gong","amap_station_id":"110100023282014","operator":"北京市地铁运营有限公司","coord_system":"GCJ-02"}},{"type":"Feature","geometry":{"type":"Point","coordinates":[116.456997,39.961508]},"properties":{"line_key":"BJ-10","line_id":"10","line_name":"10号线","color":"#0092BC","seq":14,"name":"三元桥","name_zh":"三元桥","name_en":"San Yuan Qiao","amap_station_id":"110100023096003","operator":"北京市地铁运营有限公司","coord_system":"GCJ-02"}},{"type":"Feature","geometry":{"type":"Point","coordinates":[116.461794,39.949415]},"properties":{"line_key":"BJ-10","line_id":"10","line_name":"10号线","color":"#0092BC","seq":15,"name":"亮马桥","name_zh":"亮马桥","name_en":"Liang Ma Qiao","amap_station_id":"110100023282016","operator":"北京市地铁运营有限公司","coord_system":"GCJ-02"}},{"type":"Feature","geometry":{"type":"Point","coordinates":[116.461724,39.941344]},"properties":{"line_key":"BJ-10","line_id":"10","line_name":"10号线","color":"#0092BC","seq":16,"name":"农业展览馆","name_zh":"农业展览馆","name_en":"Nong Ye Zhan Lan Guan","amap_station_id":"110100023282017","operator":"北京市地铁运营有限公司","coord_system":"GCJ-02"}},{"type":"Feature","geometry":{"type":"Point","coordinates":[116.460186,39.933734]},"properties":{"line_key":"BJ-10","line_id":"10","line_name":"10号线","color":"#0092BC","seq":17,"name":"团结湖","name_zh":"团结湖","name_en":"Tuan Jie Hu","amap_station_id":"110100023282018","operator":"北京市地铁运营有限公司","coord_system":"GCJ-02"}},{"type":"Feature","geometry":{"type":"Point","coordinates":[116.461618,39.923337]},"properties":{"line_key":"BJ-10","line_id":"10","line_name":"10号线","color":"#0092BC","seq":18,"name":"呼家楼","name_zh":"呼家楼","name_en":"Hu Jia Lou","amap_station_id":"110100023282019","operator":"北京市地铁运营有限公司","coord_system":"GCJ-02"}},{"type":"Feature","geometry":{"type":"Point","coordinates":[116.461743,39.916838]},"properties":{"line_key":"BJ-10","line_id":"10","line_name":"10号线","color":"#0092BC","seq":19,"name":"金台夕照","name_zh":"金台夕照","name_en":"Jin Tai Xi Zhao","amap_station_id":"110100023282020","operator":"北京市地铁运营有限公司","coord_system":"GCJ-02"}},{"type":"Feature","geometry":{"type":"Point","coordinates":[116.461841,39.909104]},"properties":{"line_key":"BJ-10","line_id":"10","line_name":"10号线","color":"#0092BC","seq":20,"name":"国贸","name_zh":"国贸","name_en":"Guo Mao","amap_station_id":"110100023110021","operator":"北京市地铁运营有限公司","coord_system":"GCJ-02"}},{"type":"Feature","geometry":{"type":"Point","coordinates":[116.461834,39.893512]},"properties":{"line_key":"BJ-10","line_id":"10","line_name":"10号线","color":"#0092BC","seq":21,"name":"双井","name_zh":"双井","name_en":"Shuang Jing","amap_station_id":"110100023054013","operator":"北京市地铁运营有限公司","coord_system":"GCJ-02"}},{"type":"Feature","geometry":{"type":"Point","coordinates":[116.461325,39.884387]},"properties":{"line_key":"BJ-10","line_id":"10","line_name":"10号线","color":"#0092BC","seq":22,"name":"劲松","name_zh":"劲松","name_en":"Jin Song","amap_station_id":"110100023282023","operator":"北京市地铁运营有限公司","coord_system":"GCJ-02"}},{"type":"Feature","geometry":{"type":"Point","coordinates":[116.460926,39.875387]},"properties":{"line_key":"BJ-10","line_id":"10","line_name":"10号线","color":"#0092BC","seq":23,"name":"潘家园","name_zh":"潘家园","name_en":"Pan Jia Yuan","amap_station_id":"110100023282024","operator":"北京市地铁运营有限公司","coord_system":"GCJ-02"}},{"type":"Feature","geometry":{"type":"Point","coordinates":[116.458103,39.866135]},"properties":{"line_key":"BJ-10","line_id":"10","line_name":"10号线","color":"#0092BC","seq":24,"name":"十里河","name_zh":"十里河","name_en":"Shi Li He","amap_station_id":"110100023282025","operator":"北京市地铁运营有限公司","coord_system":"GCJ-02"}},{"type":"Feature","geometry":{"type":"Point","coordinates":[116.453976,39.852227]},"properties":{"line_key":"BJ-10","line_id":"10","line_name":"10号线","color":"#0092BC","seq":25,"name":"分钟寺","name_zh":"分钟寺","name_en":"Fen Zhong Si","amap_station_id":"110100023282026","operator":"北京市地铁运营有限公司","coord_system":"GCJ-02"}},{"type":"Feature","geometry":{"type":"Point","coordinates":[116.447531,39.845874]},"properties":{"line_key":"BJ-10","line_id":"10","line_name":"10号线","color":"#0092BC","seq":26,"name":"成寿寺","name_zh":"成寿寺","name_en":"Cheng Shou Si","amap_station_id":"110100023282027","operator":"北京市地铁运营有限公司","coord_system":"GCJ-02"}},{"type":"Feature","geometry":{"type":"Point","coordinates":[116.428368,39.845849]},"properties":{"line_key":"BJ-10","line_id":"10","line_name":"10号线","color":"#0092BC","seq":27,"name":"宋家庄","name_zh":"宋家庄","name_en":"Song Jia Zhuang","amap_station_id":"110100023100001","operator":"北京市地铁运营有限公司","coord_system":"GCJ-02"}},{"type":"Feature","geometry":{"type":"Point","coordinates":[116.414103,39.845905]},"properties":{"line_key":"BJ-10","line_id":"10","line_name":"10号线","color":"#0092BC","seq":28,"name":"石榴庄","name_zh":"石榴庄","name_en":"Shi Liu Zhuang","amap_station_id":"110100023282029","operator":"北京市地铁运营有限公司","coord_system":"GCJ-02"}},{"type":"Feature","geometry":{"type":"Point","coordinates":[116.399154,39.845383]},"properties":{"line_key":"BJ-10","line_id":"10","line_name":"10号线","color":"#0092BC","seq":29,"name":"大红门","name_zh":"大红门","name_en":"Da Hong Men","amap_station_id":"110100023282030","operator":"北京市地铁运营有限公司","coord_system":"GCJ-02"}},{"type":"Feature","geometry":{"type":"Point","coordinates":[116.385649,39.845135]},"properties":{"line_key":"BJ-10","line_id":"10","line_name":"10号线","color":"#0092BC","seq":30,"name":"角门东","name_zh":"角门东","name_en":"Jiao Men Dong","amap_station_id":"110100023282031","operator":"北京市地铁运营有限公司","coord_system":"GCJ-02"}},{"type":"Feature","geometry":{"type":"Point","coordinates":[116.371154,39.84585]},"properties":{"line_key":"BJ-10","line_id":"10","line_name":"10号线","color":"#0092BC","seq":31,"name":"角门西","name_zh":"角门西","name_en":"Jiao Men Xi","amap_station_id":"110100023076024","operator":"北京市地铁运营有限公司","coord_system":"GCJ-02"}},{"type":"Feature","geometry":{"type":"Point","coordinates":[116.351387,39.845869]},"properties":{"line_key":"BJ-10","line_id":"10","line_name":"10号线","color":"#0092BC","seq":32,"name":"草桥","name_zh":"草桥","name_en":"Cao Qiao","amap_station_id":"110100023282033","operator":"北京市地铁运营有限公司","coord_system":"GCJ-02"}},{"type":"Feature","geometry":{"type":"Point","coordinates":[116.333381,39.844433]},"properties":{"line_key":"BJ-10","line_id":"10","line_name":"10号线","color":"#0092BC","seq":33,"name":"纪家庙","name_zh":"纪家庙","name_en":"Ji Jia Miao","amap_station_id":"110100023282034","operator":"北京市地铁运营有限公司","coord_system":"GCJ-02"}},{"type":"Feature","geometry":{"type":"Point","coordinates":[116.320202,39.844463]},"properties":{"line_key":"BJ-10","line_id":"10","line_name":"10号线","color":"#0092BC","seq":34,"name":"首经贸","name_zh":"首经贸","name_en":"Shou Jing Mao","amap_station_id":"110100023092015","operator":"北京市地铁运营有限公司","coord_system":"GCJ-02"}},{"type":"Feature","geometry":{"type":"Point","coordinates":[116.304501,39.850249]},"properties":{"line_key":"BJ-10","line_id":"10","line_name":"10号线","color":"#0092BC","seq":35,"name":"丰台站","name_zh":"丰台站","name_en":"Feng Tai Zhan","amap_station_id":"110100023282036","operator":"北京市地铁运营有限公司","coord_system":"GCJ-02"}},{"type":"Feature","geometry":{"type":"Point","coordinates":[116.304173,39.858609]},"properties":{"line_key":"BJ-10","line_id":"10","line_name":"10号线","color":"#0092BC","seq":36,"name":"泥洼","name_zh":"泥洼","name_en":"Ni Wa","amap_station_id":"110100023282037","operator":"北京市地铁运营有限公司","coord_system":"GCJ-02"}},{"type":"Feature","geometry":{"type":"Point","coordinates":[116.304106,39.866676]},"properties":{"line_key":"BJ-10","line_id":"10","line_name":"10号线","color":"#0092BC","seq":37,"name":"西局","name_zh":"西局","name_en":"Xi Ju","amap_station_id":"110100023282038","operator":"北京市地铁运营有限公司","coord_system":"GCJ-02"}},{"type":"Feature","geometry":{"type":"Point","coordinates":[116.302808,39.880239]},"properties":{"line_key":"BJ-10","line_id":"10","line_name":"10号线","color":"#0092BC","seq":38,"name":"六里桥","name_zh":"六里桥","name_en":"Liu Li Qiao","amap_station_id":"110100023116008","operator":"北京市地铁运营有限公司","coord_system":"GCJ-02"}},{"type":"Feature","geometry":{"type":"Point","coordinates":[116.310347,39.897867]},"properties":{"line_key":"BJ-10","line_id":"10","line_name":"10号线","color":"#0092BC","seq":39,"name":"莲花桥","name_zh":"莲花桥","name_en":"Lian Hua Qiao","amap_station_id":"110100023282040","operator":"北京市地铁运营有限公司","coord_system":"GCJ-02"}},{"type":"Feature","geometry":{"type":"Point","coordinates":[116.309919,39.907469]},"properties":{"line_key":"BJ-10","line_id":"10","line_name":"10号线","color":"#0092BC","seq":40,"name":"公主坟","name_zh":"公主坟","name_en":"Gong Zhu Fen","amap_station_id":"110100023110009","operator":"北京市地铁运营有限公司","coord_system":"GCJ-02"}},{"type":"Feature","geometry":{"type":"Point","coordinates":[116.298064,39.923481]},"properties":{"line_key":"BJ-10","line_id":"10","line_name":"10号线","color":"#0092BC","seq":41,"name":"西钓鱼台","name_zh":"西钓鱼台","name_en":"Xi Diao Yu Tai","amap_station_id":"110100023282042","operator":"北京市地铁运营有限公司","coord_system":"GCJ-02"}},{"type":"Feature","geometry":{"type":"Point","coordinates":[116.295467,39.933268]},"properties":{"line_key":"BJ-10","line_id":"10","line_name":"10号线","color":"#0092BC","seq":42,"name":"慈寿寺","name_zh":"慈寿寺","name_en":"Ci Shou Si","amap_station_id":"110100023282043","operator":"北京市地铁运营有限公司","coord_system":"GCJ-02"}},{"type":"Feature","geometry":{"type":"Point","coordinates":[116.293818,39.947923]},"properties":{"line_key":"BJ-10","line_id":"10","line_name":"10号线","color":"#0092BC","seq":43,"name":"车道沟","name_zh":"车道沟","name_en":"Che Dao Gou","amap_station_id":"110100023282044","operator":"北京市地铁运营有限公司","coord_system":"GCJ-02"}},{"type":"Feature","geometry":{"type":"Point","coordinates":[116.294255,39.958527]},"properties":{"line_key":"BJ-10","line_id":"10","line_name":"10号线","color":"#0092BC","seq":44,"name":"长春桥","name_zh":"长春桥","name_en":"Chang Chun Qiao","amap_station_id":"110100023282045","operator":"北京市地铁运营有限公司","coord_system":"GCJ-02"}},{"type":"Feature","geometry":{"type":"Point","coordinates":[116.289058,39.965938]},"properties":{"line_key":"BJ-10","line_id":"10","line_name":"10号线","color":"#0092BC","seq":45,"name":"火器营","name_zh":"火器营","name_en":"Huo Qi Ying","amap_station_id":"110100023282046","operator":"北京市地铁运营有限公司","coord_system":"GCJ-02"}},{"type":"Feature","geometry":{"type":"Point","coordinates":[116.156148,39.933369]},"properties":{"line_key":"BJ-11","line_id":"11","line_name":"11号线","color":"#FF8674","seq":1,"name":"模式口","name_zh":"模式口","name_en":"Mo Shi Kou","amap_station_id":"900000159716001","operator":"北京市地铁运营有限公司","coord_system":"GCJ-02"}},{"type":"Feature","geometry":{"type":"Point","coordinates":[116.162586,39.923298]},"properties":{"line_key":"BJ-11","line_id":"11","line_name":"11号线","color":"#FF8674","seq":2,"name":"金安桥","name_zh":"金安桥","name_en":"Jin An Qiao","amap_station_id":"110100023339035","operator":"北京市地铁运营有限公司","coord_system":"GCJ-02"}},{"type":"Feature","geometry":{"type":"Point","coordinates":[116.164755,39.915456]},"properties":{"line_key":"BJ-11","line_id":"11","line_name":"11号线","color":"#FF8674","seq":3,"name":"北辛安","name_zh":"北辛安","name_en":"Bei Xin An","amap_station_id":"900000159716003","operator":"北京市地铁运营有限公司","coord_system":"GCJ-02"}},{"type":"Feature","geometry":{"type":"Point","coordinates":[116.164806,39.90961]},"properties":{"line_key":"BJ-11","line_id":"11","line_name":"11号线","color":"#FF8674","seq":4,"name":"新首钢","name_zh":"新首钢","name_en":"Xin Shou Gang","amap_station_id":"900000159716004","operator":"北京市地铁运营有限公司","coord_system":"GCJ-02"}},{"type":"Feature","geometry":{"type":"Point","coordinates":[116.557065,39.975633]},"properties":{"line_key":"BJ-12","line_id":"12","line_name":"12号线","color":"#9C4F01","seq":1,"name":"东坝北","name_zh":"东坝北","name_en":"Dong Ba Bei","amap_station_id":"900000058113010","operator":"北京市地铁运营有限公司","coord_system":"GCJ-02"}},{"type":"Feature","geometry":{"type":"Point","coordinates":[116.534671,39.97427]},"properties":{"line_key":"BJ-12","line_id":"12","line_name":"12号线","color":"#9C4F01","seq":2,"name":"东坝西","name_zh":"东坝西","name_en":"Dong Ba Xi","amap_station_id":"900000077547003","operator":"北京市地铁运营有限公司","coord_system":"GCJ-02"}},{"type":"Feature","geometry":{"type":"Point","coordinates":[116.505628,39.980439]},"properties":{"line_key":"BJ-12","line_id":"12","line_name":"12号线","color":"#9C4F01","seq":3,"name":"驼房营","name_zh":"驼房营","name_en":"Tuo Fang Ying","amap_station_id":"900000077547004","operator":"北京市地铁运营有限公司","coord_system":"GCJ-02"}},{"type":"Feature","geometry":{"type":"Point","coordinates":[116.491552,39.980373]},"properties":{"line_key":"BJ-12","line_id":"12","line_name":"12号线","color":"#9C4F01","seq":4,"name":"高家园","name_zh":"高家园","name_en":"Gao Jia Yuan","amap_station_id":"900000028907007","operator":"北京市地铁运营有限公司","coord_system":"GCJ-02"}},{"type":"Feature","geometry":{"type":"Point","coordinates":[116.480045,39.972663]},"properties":{"line_key":"BJ-12","line_id":"12","line_name":"12号线","color":"#9C4F01","seq":5,"name":"将台西","name_zh":"将台西","name_en":"Jiang Tai Xi","amap_station_id":"900000077547006","operator":"北京市地铁运营有限公司","coord_system":"GCJ-02"}},{"type":"Feature","geometry":{"type":"Point","coordinates":[116.456997,39.961508]},"properties":{"line_key":"BJ-12","line_id":"12","line_name":"12号线","color":"#9C4F01","seq":6,"name":"三元桥","name_zh":"三元桥","name_en":"San Yuan Qiao","amap_station_id":"110100023096003","operator":"北京市地铁运营有限公司","coord_system":"GCJ-02"}},{"type":"Feature","geometry":{"type":"Point","coordinates":[116.442254,39.96571]},"properties":{"line_key":"BJ-12","line_id":"12","line_name":"12号线","color":"#9C4F01","seq":7,"name":"西坝河","name_zh":"西坝河","name_en":"Xi Ba He","amap_station_id":"900000077547008","operator":"北京市地铁运营有限公司","coord_system":"GCJ-02"}},{"type":"Feature","geometry":{"type":"Point","coordinates":[116.431761,39.968337]},"properties":{"line_key":"BJ-12","line_id":"12","line_name":"12号线","color":"#9C4F01","seq":8,"name":"光熙门","name_zh":"光熙门","name_en":"Guang Xi Men","amap_station_id":"110100033066004","operator":"北京市地铁运营有限公司","coord_system":"GCJ-02"}},{"type":"Feature","geometry":{"type":"Point","coordinates":[116.41797,39.968258]},"properties":{"line_key":"BJ-12","line_id":"12","line_name":"12号线","color":"#9C4F01","seq":9,"name":"和平西桥","name_zh":"和平西桥","name_en":"He Ping Xi Qiao","amap_station_id":"110100023100014","operator":"北京市地铁运营有限公司","coord_system":"GCJ-02"}},{"type":"Feature","geometry":{"type":"Point","coordinates":[116.407219,39.968912]},"properties":{"line_key":"BJ-12","line_id":"12","line_name":"12号线","color":"#9C4F01","seq":10,"name":"安贞桥","name_zh":"安贞桥","name_en":"An Zhen Qiao","amap_station_id":"900000077547011","operator":"北京市地铁运营有限公司","coord_system":"GCJ-02"}},{"type":"Feature","geometry":{"type":"Point","coordinates":[116.394159,39.968653]},"properties":{"line_key":"BJ-12","line_id":"12","line_name":"12号线","color":"#9C4F01","seq":11,"name":"安华桥","name_zh":"安华桥","name_en":"An Hua Qiao","amap_station_id":"110100023114006","operator":"北京市地铁运营有限公司","coord_system":"GCJ-02"}},{"type":"Feature","geometry":{"type":"Point","coordinates":[116.382214,39.968261]},"properties":{"line_key":"BJ-12","line_id":"12","line_name":"12号线","color":"#9C4F01","seq":12,"name":"马甸桥","name_zh":"马甸桥","name_en":"Ma Dian Qiao","amap_station_id":"900000077547013","operator":"北京市地铁运营有限公司","coord_system":"GCJ-02"}},{"type":"Feature","geometry":{"type":"Point","coordinates":[116.370037,39.967882]},"properties":{"line_key":"BJ-12","line_id":"12","line_name":"12号线","color":"#9C4F01","seq":13,"name":"北太平庄","name_zh":"北太平庄","name_en":"Bei Tai Ping Zhuang","amap_station_id":"900000077547014","operator":"北京市地铁运营有限公司","coord_system":"GCJ-02"}},{"type":"Feature","geometry":{"type":"Point","coordinates":[116.35597,39.967747]},"properties":{"line_key":"BJ-12","line_id":"12","line_name":"12号线","color":"#9C4F01","seq":14,"name":"蓟门桥","name_zh":"蓟门桥","name_en":"Ji Men Qiao","amap_station_id":"110100023118022","operator":"北京市地铁运营有限公司","coord_system":"GCJ-02"}},{"type":"Feature","geometry":{"type":"Point","coordinates":[116.345139,39.966612]},"properties":{"line_key":"BJ-12","line_id":"12","line_name":"12号线","color":"#9C4F01","seq":15,"name":"大钟寺","name_zh":"大钟寺","name_en":"Da Zhong Si","amap_station_id":"110100033066016","operator":"北京市地铁运营有限公司","coord_system":"GCJ-02"}},{"type":"Feature","geometry":{"type":"Point","coordinates":[116.321367,39.966956]},"properties":{"line_key":"BJ-12","line_id":"12","line_name":"12号线","color":"#9C4F01","seq":16,"name":"人民大学","name_zh":"人民大学","name_en":"Ren Min Da Xue","amap_station_id":"110100023076009","operator":"北京市地铁运营有限公司","coord_system":"GCJ-02"}},{"type":"Feature","geometry":{"type":"Point","coordinates":[116.307831,39.962314]},"properties":{"line_key":"BJ-12","line_id":"12","line_name":"12号线","color":"#9C4F01","seq":17,"name":"苏州桥","name_zh":"苏州桥","name_en":"Su Zhou Qiao","amap_station_id":"900000062236013","operator":"北京市地铁运营有限公司","coord_system":"GCJ-02"}},{"type":"Feature","geometry":{"type":"Point","coordinates":[116.294255,39.958527]},"properties":{"line_key":"BJ-12","line_id":"12","line_name":"12号线","color":"#9C4F01","seq":18,"name":"长春桥","name_zh":"长春桥","name_en":"Chang Chun Qiao","amap_station_id":"110100023282045","operator":"北京市地铁运营有限公司","coord_system":"GCJ-02"}},{"type":"Feature","geometry":{"type":"Point","coordinates":[116.282593,39.957117]},"properties":{"line_key":"BJ-12","line_id":"12","line_name":"12号线","color":"#9C4F01","seq":19,"name":"蓝靛厂","name_zh":"蓝靛厂","name_en":"Lan Dian Chang","amap_station_id":"900000077547020","operator":"北京市地铁运营有限公司","coord_system":"GCJ-02"}},{"type":"Feature","geometry":{"type":"Point","coordinates":[116.274193,39.942414]},"properties":{"line_key":"BJ-12","line_id":"12","line_name":"12号线","color":"#9C4F01","seq":20,"name":"四季青桥","name_zh":"四季青桥","name_en":"Si Ji Qing Qiao","amap_station_id":"900000077547021","operator":"北京市地铁运营有限公司","coord_system":"GCJ-02"}},{"type":"Feature","geometry":{"type":"Point","coordinates":[116.355426,39.940474]},"properties":{"line_key":"BJ-13","line_id":"13","line_name":"13号线","color":"#F4DA40","seq":1,"name":"西直门","name_zh":"西直门","name_en":"Xi Zhi Men","amap_station_id":"110100023076013","operator":"北京市地铁运营有限公司","coord_system":"GCJ-02"}},{"type":"Feature","geometry":{"type":"Point","coordinates":[116.345139,39.966612]},"properties":{"line_key":"BJ-13","line_id":"13","line_name":"13号线","color":"#F4DA40","seq":2,"name":"大钟寺","name_zh":"大钟寺","name_en":"Da Zhong Si","amap_station_id":"110100033066016","operator":"北京市地铁运营有限公司","coord_system":"GCJ-02"}},{"type":"Feature","geometry":{"type":"Point","coordinates":[116.33996,39.976476]},"properties":{"line_key":"BJ-13","line_id":"13","line_name":"13号线","color":"#F4DA40","seq":3,"name":"知春路","name_zh":"知春路","name_en":"Zhi Chun Lu","amap_station_id":"110100023282006","operator":"北京市地铁运营有限公司","coord_system":"GCJ-02"}},{"type":"Feature","geometry":{"type":"Point","coordinates":[116.337742,39.992894]},"properties":{"line_key":"BJ-13","line_id":"13","line_name":"13号线","color":"#F4DA40","seq":4,"name":"五道口","name_zh":"五道口","name_en":"Wu Dao Kou","amap_station_id":"110100033066014","operator":"北京市地铁运营有限公司","coord_system":"GCJ-02"}},{"type":"Feature","geometry":{"type":"Point","coordinates":[116.320193,40.033007]},"properties":{"line_key":"BJ-13","line_id":"13","line_name":"13号线","color":"#F4DA40","seq":5,"name":"上地","name_zh":"上地","name_en":"Shang Di","amap_station_id":"110100033066013","operator":"北京市地铁运营有限公司","coord_system":"GCJ-02"}},{"type":"Feature","geometry":{"type":"Point","coordinates":[116.314961,40.041164]},"properties":{"line_key":"BJ-13","line_id":"13","line_name":"13号线","color":"#F4DA40","seq":6,"name":"清河站","name_zh":"清河站","name_en":"Qing He Zhan","amap_station_id":"110100023118014","operator":"北京市地铁运营有限公司","coord_system":"GCJ-02"}},{"type":"Feature","geometry":{"type":"Point","coordinates":[116.306295,40.053034]},"properties":{"line_key":"BJ-13","line_id":"13","line_name":"13号线","color":"#F4DA40","seq":7,"name":"西二旗","name_zh":"西二旗","name_en":"Xi Er Qi","amap_station_id":"110100023118008","operator":"北京市地铁运营有限公司","coord_system":"GCJ-02"}},{"type":"Feature","geometry":{"type":"Point","coordinates":[116.319429,40.070882]},"properties":{"line_key":"BJ-13","line_id":"13","line_name":"13号线","color":"#F4DA40","seq":8,"name":"龙泽","name_zh":"龙泽","name_en":"Long Ze","amap_station_id":"110100033066011","operator":"北京市地铁运营有限公司","coord_system":"GCJ-02"}},{"type":"Feature","geometry":{"type":"Point","coordinates":[116.336116,40.0708]},"properties":{"line_key":"BJ-13","line_id":"13","line_name":"13号线","color":"#F4DA40","seq":9,"name":"回龙观","name_zh":"回龙观","name_en":"Hui Long Guan","amap_station_id":"110100033066010","operator":"北京市地铁运营有限公司","coord_system":"GCJ-02"}},{"type":"Feature","geometry":{"type":"Point","coordinates":[116.360286,40.071857]},"properties":{"line_key":"BJ-13","line_id":"13","line_name":"13号线","color":"#F4DA40","seq":10,"name":"霍营","name_zh":"霍营","name_en":"Huo Ying","amap_station_id":"110100023114015","operator":"北京市地铁运营有限公司","coord_system":"GCJ-02"}},{"type":"Feature","geometry":{"type":"Point","coordinates":[116.41235,40.053032]},"properties":{"line_key":"BJ-13","line_id":"13","line_name":"13号线","color":"#F4DA40","seq":11,"name":"立水桥","name_zh":"立水桥","name_en":"Li Shui Qiao","amap_station_id":"110100023100020","operator":"北京市地铁运营有限公司","coord_system":"GCJ-02"}},{"type":"Feature","geometry":{"type":"Point","coordinates":[116.434518,40.042997]},"properties":{"line_key":"BJ-13","line_id":"13","line_name":"13号线","color":"#F4DA40","seq":12,"name":"北苑","name_zh":"北苑","name_en":"Bei Yuan","amap_station_id":"110100033066007","operator":"北京市地铁运营有限公司","coord_system":"GCJ-02"}},{"type":"Feature","geometry":{"type":"Point","coordinates":[116.447987,39.99416]},"properties":{"line_key":"BJ-13","line_id":"13","line_name":"13号线","color":"#F4DA40","seq":13,"name":"望京西","name_zh":"望京西","name_en":"Wang Jing Xi","amap_station_id":"110100023070002","operator":"北京市地铁运营有限公司","coord_system":"GCJ-02"}},{"type":"Feature","geometry":{"type":"Point","coordinates":[116.435914,39.977636]},"properties":{"line_key":"BJ-13","line_id":"13","line_name":"13号线","color":"#F4DA40","seq":14,"name":"芍药居","name_zh":"芍药居","name_en":"Shao Yao Ju","amap_station_id":"110100023282013","operator":"北京市地铁运营有限公司","coord_system":"GCJ-02"}},{"type":"Feature","geometry":{"type":"Point","coordinates":[116.431761,39.968337]},"properties":{"line_key":"BJ-13","line_id":"13","line_name":"13号线","color":"#F4DA40","seq":15,"name":"光熙门","name_zh":"光熙门","name_en":"Guang Xi Men","amap_station_id":"110100033066004","operator":"北京市地铁运营有限公司","coord_system":"GCJ-02"}},{"type":"Feature","geometry":{"type":"Point","coordinates":[116.432728,39.958157]},"properties":{"line_key":"BJ-13","line_id":"13","line_name":"13号线","color":"#F4DA40","seq":16,"name":"柳芳","name_zh":"柳芳","name_en":"Liu Fang","amap_station_id":"110100033066003","operator":"北京市地铁运营有限公司","coord_system":"GCJ-02"}},{"type":"Feature","geometry":{"type":"Point","coordinates":[116.435842,39.941626]},"properties":{"line_key":"BJ-13","line_id":"13","line_name":"13号线","color":"#F4DA40","seq":17,"name":"东直门","name_zh":"东直门","name_en":"Dong Zhi Men","amap_station_id":"110100023096004","operator":"北京市地铁运营有限公司","coord_system":"GCJ-02"}},{"type":"Feature","geometry":{"type":"Point","coordinates":[116.478195,40.02716]},"properties":{"line_key":"BJ-14","line_id":"14","line_name":"14号线","color":"#CA9A8E","seq":1,"name":"善各庄","name_zh":"善各庄","name_en":"Shan Ge Zhuang","amap_station_id":"900000028907001","operator":"北京京港地铁有限公司","coord_system":"GCJ-02"}},{"type":"Feature","geometry":{"type":"Point","coordinates":[116.466999,40.02043]},"properties":{"line_key":"BJ-14","line_id":"14","line_name":"14号线","color":"#CA9A8E","seq":2,"name":"来广营","name_zh":"来广营","name_en":"Lai Guang Ying","amap_station_id":"900000028907002","operator":"北京京港地铁有限公司","coord_system":"GCJ-02"}},{"type":"Feature","geometry":{"type":"Point","coordinates":[116.467415,40.010566]},"properties":{"line_key":"BJ-14","line_id":"14","line_name":"14号线","color":"#CA9A8E","seq":3,"name":"东湖渠","name_zh":"东湖渠","name_en":"Dong Hu Qu","amap_station_id":"900000028907003","operator":"北京京港地铁有限公司","coord_system":"GCJ-02"}},{"type":"Feature","geometry":{"type":"Point","coordinates":[116.469409,39.998521]},"properties":{"line_key":"BJ-14","line_id":"14","line_name":"14号线","color":"#CA9A8E","seq":4,"name":"望京","name_zh":"望京","name_en":"Wang Jing","amap_station_id":"110100023070003","operator":"北京京港地铁有限公司","coord_system":"GCJ-02"}},{"type":"Feature","geometry":{"type":"Point","coordinates":[116.471544,39.991835]},"properties":{"line_key":"BJ-14","line_id":"14","line_name":"14号线","color":"#CA9A8E","seq":5,"name":"阜通","name_zh":"阜通","name_en":"Fu Tong","amap_station_id":"900000028907005","operator":"北京京港地铁有限公司","coord_system":"GCJ-02"}},{"type":"Feature","geometry":{"type":"Point","coordinates":[116.48188,39.98467]},"properties":{"line_key":"BJ-14","line_id":"14","line_name":"14号线","color":"#CA9A8E","seq":6,"name":"望京南","name_zh":"望京南","name_en":"Wang Jing Nan","amap_station_id":"900000028907006","operator":"北京京港地铁有限公司","coord_system":"GCJ-02"}},{"type":"Feature","geometry":{"type":"Point","coordinates":[116.490213,39.971026]},"properties":{"line_key":"BJ-14","line_id":"14","line_name":"14号线","color":"#CA9A8E","seq":7,"name":"将台","name_zh":"将台","name_en":"Jiang Tai","amap_station_id":"900000028907008","operator":"北京京港地铁有限公司","coord_system":"GCJ-02"}},{"type":"Feature","geometry":{"type":"Point","coordinates":[116.485919,39.958375]},"properties":{"line_key":"BJ-14","line_id":"14","line_name":"14号线","color":"#CA9A8E","seq":8,"name":"东风北桥","name_zh":"东风北桥","name_en":"Dong Feng Bei Qiao","amap_station_id":"900000028907009","operator":"北京京港地铁有限公司","coord_system":"GCJ-02"}},{"type":"Feature","geometry":{"type":"Point","coordinates":[116.474947,39.944132]},"properties":{"line_key":"BJ-14","line_id":"14","line_name":"14号线","color":"#CA9A8E","seq":9,"name":"枣营","name_zh":"枣营","name_en":"Zao Ying","amap_station_id":"900000028907010","operator":"北京京港地铁有限公司","coord_system":"GCJ-02"}},{"type":"Feature","geometry":{"type":"Point","coordinates":[116.478291,39.933492]},"properties":{"line_key":"BJ-14","line_id":"14","line_name":"14号线","color":"#CA9A8E","seq":10,"name":"朝阳公园","name_zh":"朝阳公园","name_en":"Chao Yang Gong Yuan","amap_station_id":"900000028907011","operator":"北京京港地铁有限公司","coord_system":"GCJ-02"}},{"type":"Feature","geometry":{"type":"Point","coordinates":[116.478115,39.923556]},"properties":{"line_key":"BJ-14","line_id":"14","line_name":"14号线","color":"#CA9A8E","seq":11,"name":"金台路","name_zh":"金台路","name_en":"Jin Tai Lu","amap_station_id":"110100023339008","operator":"北京京港地铁有限公司","coord_system":"GCJ-02"}},{"type":"Feature","geometry":{"type":"Point","coordinates":[116.475783,39.908287]},"properties":{"line_key":"BJ-14","line_id":"14","line_name":"14号线","color":"#CA9A8E","seq":12,"name":"大望路","name_zh":"大望路","name_en":"Da Wang Lu","amap_station_id":"110100023110022","operator":"北京京港地铁有限公司","coord_system":"GCJ-02"}},{"type":"Feature","geometry":{"type":"Point","coordinates":[116.478879,39.89321]},"properties":{"line_key":"BJ-14","line_id":"14","line_name":"14号线","color":"#CA9A8E","seq":13,"name":"九龙山","name_zh":"九龙山","name_en":"Jiu Long Shan","amap_station_id":"110100023054014","operator":"北京京港地铁有限公司","coord_system":"GCJ-02"}},{"type":"Feature","geometry":{"type":"Point","coordinates":[116.477307,39.885275]},"properties":{"line_key":"BJ-14","line_id":"14","line_name":"14号线","color":"#CA9A8E","seq":14,"name":"平乐园","name_zh":"平乐园","name_en":"Ping Le Yuan","amap_station_id":"900000028907016","operator":"北京京港地铁有限公司","coord_system":"GCJ-02"}},{"type":"Feature","geometry":{"type":"Point","coordinates":[116.477282,39.875294]},"properties":{"line_key":"BJ-14","line_id":"14","line_name":"14号线","color":"#CA9A8E","seq":15,"name":"北工大西门","name_zh":"北工大西门","name_en":"Bei Gong Da Xi Men","amap_station_id":"900000028907017","operator":"北京京港地铁有限公司","coord_system":"GCJ-02"}},{"type":"Feature","geometry":{"type":"Point","coordinates":[116.458103,39.866135]},"properties":{"line_key":"BJ-14","line_id":"14","line_name":"14号线","color":"#CA9A8E","seq":16,"name":"十里河","name_zh":"十里河","name_en":"Shi Li He","amap_station_id":"110100023282025","operator":"北京京港地铁有限公司","coord_system":"GCJ-02"}},{"type":"Feature","geometry":{"type":"Point","coordinates":[116.440244,39.865864]},"properties":{"line_key":"BJ-14","line_id":"14","line_name":"14号线","color":"#CA9A8E","seq":17,"name":"方庄","name_zh":"方庄","name_en":"Fang Zhuang","amap_station_id":"900000028907020","operator":"北京京港地铁有限公司","coord_system":"GCJ-02"}},{"type":"Feature","geometry":{"type":"Point","coordinates":[116.423087,39.865584]},"properties":{"line_key":"BJ-14","line_id":"14","line_name":"14号线","color":"#CA9A8E","seq":18,"name":"蒲黄榆","name_zh":"蒲黄榆","name_en":"Pu Huang Yu","amap_station_id":"110100023100003","operator":"北京京港地铁有限公司","coord_system":"GCJ-02"}},{"type":"Feature","geometry":{"type":"Point","coordinates":[116.411026,39.86525]},"properties":{"line_key":"BJ-14","line_id":"14","line_name":"14号线","color":"#CA9A8E","seq":19,"name":"景泰","name_zh":"景泰","name_en":"Jing Tai","amap_station_id":"900000028907022","operator":"北京京港地铁有限公司","coord_system":"GCJ-02"}},{"type":"Feature","geometry":{"type":"Point","coordinates":[116.399369,39.867435]},"properties":{"line_key":"BJ-14","line_id":"14","line_name":"14号线","color":"#CA9A8E","seq":20,"name":"永定门外","name_zh":"永定门外","name_en":"Yong Ding Men Wai","amap_station_id":"110100023114031","operator":"北京京港地铁有限公司","coord_system":"GCJ-02"}},{"type":"Feature","geometry":{"type":"Point","coordinates":[116.378963,39.865029]},"properties":{"line_key":"BJ-14","line_id":"14","line_name":"14号线","color":"#CA9A8E","seq":21,"name":"北京南站","name_zh":"北京南站","name_en":"Bei Jing Nan Zhan","amap_station_id":"110100023076022","operator":"北京京港地铁有限公司","coord_system":"GCJ-02"}},{"type":"Feature","geometry":{"type":"Point","coordinates":[116.366033,39.862631]},"properties":{"line_key":"BJ-14","line_id":"14","line_name":"14号线","color":"#CA9A8E","seq":22,"name":"景风门","name_zh":"景风门","name_en":"Jing Feng Men","amap_station_id":"900000028907026","operator":"北京京港地铁有限公司","coord_system":"GCJ-02"}},{"type":"Feature","geometry":{"type":"Point","coordinates":[116.355953,39.861358]},"properties":{"line_key":"BJ-14","line_id":"14","line_name":"14号线","color":"#CA9A8E","seq":23,"name":"西铁营","name_zh":"西铁营","name_en":"Xi Tie Ying","amap_station_id":"900000028907027","operator":"北京京港地铁有限公司","coord_system":"GCJ-02"}},{"type":"Feature","geometry":{"type":"Point","coordinates":[116.342444,39.867627]},"properties":{"line_key":"BJ-14","line_id":"14","line_name":"14号线","color":"#CA9A8E","seq":24,"name":"菜户营","name_zh":"菜户营","name_en":"Cai Hu Ying","amap_station_id":"900000028907028","operator":"北京京港地铁有限公司","coord_system":"GCJ-02"}},{"type":"Feature","geometry":{"type":"Point","coordinates":[116.331268,39.867718]},"properties":{"line_key":"BJ-14","line_id":"14","line_name":"14号线","color":"#CA9A8E","seq":25,"name":"丽泽商务区","name_zh":"丽泽商务区","name_en":"Li Ze Shang Wu Qu","amap_station_id":"900000028907029","operator":"北京京港地铁有限公司","coord_system":"GCJ-02"}},{"type":"Feature","geometry":{"type":"Point","coordinates":[116.321197,39.86757]},"properties":{"line_key":"BJ-14","line_id":"14","line_name":"14号线","color":"#CA9A8E","seq":26,"name":"东管头","name_zh":"东管头","name_en":"Dong Guan Tou","amap_station_id":"900000028907030","operator":"北京京港地铁有限公司","coord_system":"GCJ-02"}},{"type":"Feature","geometry":{"type":"Point","coordinates":[116.304106,39.866676]},"properties":{"line_key":"BJ-14","line_id":"14","line_name":"14号线","color":"#CA9A8E","seq":27,"name":"西局","name_zh":"西局","name_en":"Xi Ju","amap_station_id":"110100023282038","operator":"北京京港地铁有限公司","coord_system":"GCJ-02"}},{"type":"Feature","geometry":{"type":"Point","coordinates":[116.294293,39.866981]},"properties":{"line_key":"BJ-14","line_id":"14","line_name":"14号线","color":"#CA9A8E","seq":28,"name":"七里庄","name_zh":"七里庄","name_en":"Qi Li Zhuang","amap_station_id":"110100023116007","operator":"北京京港地铁有限公司","coord_system":"GCJ-02"}},{"type":"Feature","geometry":{"type":"Point","coordinates":[116.276061,39.865226]},"properties":{"line_key":"BJ-14","line_id":"14","line_name":"14号线","color":"#CA9A8E","seq":29,"name":"大井","name_zh":"大井","name_en":"Da Jing","amap_station_id":"900000028907033","operator":"北京京港地铁有限公司","coord_system":"GCJ-02"}},{"type":"Feature","geometry":{"type":"Point","coordinates":[116.253068,39.864841]},"properties":{"line_key":"BJ-14","line_id":"14","line_name":"14号线","color":"#CA9A8E","seq":30,"name":"郭庄子","name_zh":"郭庄子","name_en":"Guo Zhuang Zi","amap_station_id":"900000028907034","operator":"北京京港地铁有限公司","coord_system":"GCJ-02"}},{"type":"Feature","geometry":{"type":"Point","coordinates":[116.24048,39.85947]},"properties":{"line_key":"BJ-14","line_id":"14","line_name":"14号线","color":"#CA9A8E","seq":31,"name":"大瓦窑","name_zh":"大瓦窑","name_en":"Da Wa Yao","amap_station_id":"900000028907035","operator":"北京京港地铁有限公司","coord_system":"GCJ-02"}},{"type":"Feature","geometry":{"type":"Point","coordinates":[116.201643,39.861328]},"properties":{"line_key":"BJ-14","line_id":"14","line_name":"14号线","color":"#CA9A8E","seq":32,"name":"园博园","name_zh":"园博园","name_en":"Yuan Bo Yuan","amap_station_id":"900000028907036","operator":"北京京港地铁有限公司","coord_system":"GCJ-02"}},{"type":"Feature","geometry":{"type":"Point","coordinates":[116.187193,39.8581]},"properties":{"line_key":"BJ-14","line_id":"14","line_name":"14号线","color":"#CA9A8E","seq":33,"name":"张郭庄","name_zh":"张郭庄","name_en":"Zhang Guo Zhuang","amap_station_id":"900000028907037","operator":"北京京港地铁有限公司","coord_system":"GCJ-02"}},{"type":"Feature","geometry":{"type":"Point","coordinates":[116.684732,40.132573]},"properties":{"line_key":"BJ-15","line_id":"15","line_name":"15号线","color":"#653279","seq":1,"name":"俸伯","name_zh":"俸伯","name_en":"Feng Bo","amap_station_id":"110100023070014","operator":"北京市地铁运营有限公司","coord_system":"GCJ-02"}},{"type":"Feature","geometry":{"type":"Point","coordinates":[116.657023,40.129994]},"properties":{"line_key":"BJ-15","line_id":"15","line_name":"15号线","color":"#653279","seq":2,"name":"顺义","name_zh":"顺义","name_en":"Shun Yi","amap_station_id":"110100023070013","operator":"北京市地铁运营有限公司","coord_system":"GCJ-02"}},{"type":"Feature","geometry":{"type":"Point","coordinates":[116.641117,40.129802]},"properties":{"line_key":"BJ-15","line_id":"15","line_name":"15号线","color":"#653279","seq":3,"name":"石门","name_zh":"石门","name_en":"Shi Men","amap_station_id":"110100023070012","operator":"北京市地铁运营有限公司","coord_system":"GCJ-02"}},{"type":"Feature","geometry":{"type":"Point","coordinates":[116.609535,40.128478]},"properties":{"line_key":"BJ-15","line_id":"15","line_name":"15号线","color":"#653279","seq":4,"name":"南法信","name_zh":"南法信","name_en":"Nan Fa Xin","amap_station_id":"110100023070011","operator":"北京市地铁运营有限公司","coord_system":"GCJ-02"}},{"type":"Feature","geometry":{"type":"Point","coordinates":[116.564211,40.114127]},"properties":{"line_key":"BJ-15","line_id":"15","line_name":"15号线","color":"#653279","seq":5,"name":"后沙峪","name_zh":"后沙峪","name_en":"Hou Sha Yu","amap_station_id":"110100023070010","operator":"北京市地铁运营有限公司","coord_system":"GCJ-02"}},{"type":"Feature","geometry":{"type":"Point","coordinates":[116.557593,40.084436]},"properties":{"line_key":"BJ-15","line_id":"15","line_name":"15号线","color":"#653279","seq":6,"name":"花梨坎","name_zh":"花梨坎","name_en":"Hua Li Kan","amap_station_id":"110100023070009","operator":"北京市地铁运营有限公司","coord_system":"GCJ-02"}},{"type":"Feature","geometry":{"type":"Point","coordinates":[116.555127,40.07003]},"properties":{"line_key":"BJ-15","line_id":"15","line_name":"15号线","color":"#653279","seq":7,"name":"国展","name_zh":"国展","name_en":"Guo Zhan","amap_station_id":"110100023070008","operator":"北京市地铁运营有限公司","coord_system":"GCJ-02"}},{"type":"Feature","geometry":{"type":"Point","coordinates":[116.5347,40.045113]},"properties":{"line_key":"BJ-15","line_id":"15","line_name":"15号线","color":"#653279","seq":8,"name":"孙河","name_zh":"孙河","name_en":"Sun He","amap_station_id":"110100023070007","operator":"北京市地铁运营有限公司","coord_system":"GCJ-02"}},{"type":"Feature","geometry":{"type":"Point","coordinates":[116.50348,40.033721]},"properties":{"line_key":"BJ-15","line_id":"15","line_name":"15号线","color":"#653279","seq":9,"name":"马泉营","name_zh":"马泉营","name_en":"Ma Quan Ying","amap_station_id":"110100023070006","operator":"北京市地铁运营有限公司","coord_system":"GCJ-02"}},{"type":"Feature","geometry":{"type":"Point","coordinates":[116.492968,40.022201]},"properties":{"line_key":"BJ-15","line_id":"15","line_name":"15号线","color":"#653279","seq":10,"name":"崔各庄","name_zh":"崔各庄","name_en":"Cui Ge Zhuang","amap_station_id":"110100023070005","operator":"北京市地铁运营有限公司","coord_system":"GCJ-02"}},{"type":"Feature","geometry":{"type":"Point","coordinates":[116.487105,40.0032]},"properties":{"line_key":"BJ-15","line_id":"15","line_name":"15号线","color":"#653279","seq":11,"name":"望京东","name_zh":"望京东","name_en":"Wang Jing Dong","amap_station_id":"110100023070004","operator":"北京市地铁运营有限公司","coord_system":"GCJ-02"}},{"type":"Feature","geometry":{"type":"Point","coordinates":[116.469409,39.998521]},"properties":{"line_key":"BJ-15","line_id":"15","line_name":"15号线","color":"#653279","seq":12,"name":"望京","name_zh":"望京","name_en":"Wang Jing","amap_station_id":"110100023070003","operator":"北京市地铁运营有限公司","coord_system":"GCJ-02"}},{"type":"Feature","geometry":{"type":"Point","coordinates":[116.447987,39.99416]},"properties":{"line_key":"BJ-15","line_id":"15","line_name":"15号线","color":"#653279","seq":13,"name":"望京西","name_zh":"望京西","name_en":"Wang Jing Xi","amap_station_id":"110100023070002","operator":"北京市地铁运营有限公司","coord_system":"GCJ-02"}},{"type":"Feature","geometry":{"type":"Point","coordinates":[116.430947,40.001134]},"properties":{"line_key":"BJ-15","line_id":"15","line_name":"15号线","color":"#653279","seq":14,"name":"关庄","name_zh":"关庄","name_en":"Guan Zhuang","amap_station_id":"110100023070021","operator":"北京市地铁运营有限公司","coord_system":"GCJ-02"}},{"type":"Feature","geometry":{"type":"Point","coordinates":[116.417377,40.003841]},"properties":{"line_key":"BJ-15","line_id":"15","line_name":"15号线","color":"#653279","seq":15,"name":"大屯路东","name_zh":"大屯路东","name_en":"Da Tun Lu Dong","amap_station_id":"110100023070020","operator":"北京市地铁运营有限公司","coord_system":"GCJ-02"}},{"type":"Feature","geometry":{"type":"Point","coordinates":[116.407845,40.002619]},"properties":{"line_key":"BJ-15","line_id":"15","line_name":"15号线","color":"#653279","seq":16,"name":"安立路","name_zh":"安立路","name_en":"An Li Lu","amap_station_id":"110100023070019","operator":"北京市地铁运营有限公司","coord_system":"GCJ-02"}},{"type":"Feature","geometry":{"type":"Point","coordinates":[116.391758,40.002207]},"properties":{"line_key":"BJ-15","line_id":"15","line_name":"15号线","color":"#653279","seq":17,"name":"奥林匹克公园","name_zh":"奥林匹克公园","name_en":"Ao Lin Pi Ke Gong Yuan","amap_station_id":"110100023070018","operator":"北京市地铁运营有限公司","coord_system":"GCJ-02"}},{"type":"Feature","geometry":{"type":"Point","coordinates":[116.368143,40.001492]},"properties":{"line_key":"BJ-15","line_id":"15","line_name":"15号线","color":"#653279","seq":18,"name":"北沙滩","name_zh":"北沙滩","name_en":"Bei Sha Tan","amap_station_id":"110100023070017","operator":"北京市地铁运营有限公司","coord_system":"GCJ-02"}},{"type":"Feature","geometry":{"type":"Point","coordinates":[116.35275,40.000044]},"properties":{"line_key":"BJ-15","line_id":"15","line_name":"15号线","color":"#653279","seq":19,"name":"六道口","name_zh":"六道口","name_en":"Liu Dao Kou","amap_station_id":"110100023070016","operator":"北京市地铁运营有限公司","coord_system":"GCJ-02"}},{"type":"Feature","geometry":{"type":"Point","coordinates":[116.33953,40.000673]},"properties":{"line_key":"BJ-15","line_id":"15","line_name":"15号线","color":"#653279","seq":20,"name":"清华东路西口","name_zh":"清华东路西口","name_en":"Qing Hua Dong Lu Xi Kou","amap_station_id":"110100023070015","operator":"北京市地铁运营有限公司","coord_system":"GCJ-02"}},{"type":"Feature","geometry":{"type":"Point","coordinates":[116.130428,40.068128]},"properties":{"line_key":"BJ-16","line_id":"16","line_name":"16号线","color":"#6BA539","seq":1,"name":"北安河","name_zh":"北安河","name_en":"Bei An He","amap_station_id":"900000062236001","operator":"北京京港地铁有限公司","coord_system":"GCJ-02"}},{"type":"Feature","geometry":{"type":"Point","coordinates":[116.161361,40.068516]},"properties":{"line_key":"BJ-16","line_id":"16","line_name":"16号线","color":"#6BA539","seq":2,"name":"温阳路","name_zh":"温阳路","name_en":"Wen Yang Lu","amap_station_id":"900000062236002","operator":"北京京港地铁有限公司","coord_system":"GCJ-02"}},{"type":"Feature","geometry":{"type":"Point","coordinates":[116.188145,40.068936]},"properties":{"line_key":"BJ-16","line_id":"16","line_name":"16号线","color":"#6BA539","seq":3,"name":"稻香湖路","name_zh":"稻香湖路","name_en":"Dao Xiang Hu Lu","amap_station_id":"900000062236003","operator":"北京京港地铁有限公司","coord_system":"GCJ-02"}},{"type":"Feature","geometry":{"type":"Point","coordinates":[116.21585,40.068454]},"properties":{"line_key":"BJ-16","line_id":"16","line_name":"16号线","color":"#6BA539","seq":4,"name":"屯佃","name_zh":"屯佃","name_en":"Tun Dian","amap_station_id":"900000062236004","operator":"北京京港地铁有限公司","coord_system":"GCJ-02"}},{"type":"Feature","geometry":{"type":"Point","coordinates":[116.238481,40.071868]},"properties":{"line_key":"BJ-16","line_id":"16","line_name":"16号线","color":"#6BA539","seq":5,"name":"永丰","name_zh":"永丰","name_en":"Yong Feng","amap_station_id":"900000062236005","operator":"北京京港地铁有限公司","coord_system":"GCJ-02"}},{"type":"Feature","geometry":{"type":"Point","coordinates":[116.248154,40.065575]},"properties":{"line_key":"BJ-16","line_id":"16","line_name":"16号线","color":"#6BA539","seq":6,"name":"永丰南","name_zh":"永丰南","name_en":"Yong Feng Nan","amap_station_id":"900000062236006","operator":"北京京港地铁有限公司","coord_system":"GCJ-02"}},{"type":"Feature","geometry":{"type":"Point","coordinates":[116.257923,40.048703]},"properties":{"line_key":"BJ-16","line_id":"16","line_name":"16号线","color":"#6BA539","seq":7,"name":"西北旺","name_zh":"西北旺","name_en":"Xi Bei Wang","amap_station_id":"900000062236007","operator":"北京京港地铁有限公司","coord_system":"GCJ-02"}},{"type":"Feature","geometry":{"type":"Point","coordinates":[116.27428,40.032713]},"properties":{"line_key":"BJ-16","line_id":"16","line_name":"16号线","color":"#6BA539","seq":8,"name":"马连洼","name_zh":"马连洼","name_en":"Ma Lian Wa","amap_station_id":"900000062236008","operator":"北京京港地铁有限公司","coord_system":"GCJ-02"}},{"type":"Feature","geometry":{"type":"Point","coordinates":[116.282272,40.021398]},"properties":{"line_key":"BJ-16","line_id":"16","line_name":"16号线","color":"#6BA539","seq":9,"name":"农大南路","name_zh":"农大南路","name_en":"Nong Da Nan Lu","amap_station_id":"900000062236009","operator":"北京京港地铁有限公司","coord_system":"GCJ-02"}},{"type":"Feature","geometry":{"type":"Point","coordinates":[116.290908,39.998258]},"properties":{"line_key":"BJ-16","line_id":"16","line_name":"16号线","color":"#6BA539","seq":10,"name":"西苑","name_zh":"西苑","name_en":"Xi Yuan","amap_station_id":"110100023076004","operator":"北京京港地铁有限公司","coord_system":"GCJ-02"}},{"type":"Feature","geometry":{"type":"Point","coordinates":[116.300157,39.985067]},"properties":{"line_key":"BJ-16","line_id":"16","line_name":"16号线","color":"#6BA539","seq":11,"name":"万泉河桥","name_zh":"万泉河桥","name_en":"Wan Quan He Qiao","amap_station_id":"900000062236011","operator":"北京京港地铁有限公司","coord_system":"GCJ-02"}},{"type":"Feature","geometry":{"type":"Point","coordinates":[116.306332,39.975642]},"properties":{"line_key":"BJ-16","line_id":"16","line_name":"16号线","color":"#6BA539","seq":12,"name":"苏州街","name_zh":"苏州街","name_en":"Su Zhou Jie","amap_station_id":"110100023282003","operator":"北京京港地铁有限公司","coord_system":"GCJ-02"}},{"type":"Feature","geometry":{"type":"Point","coordinates":[116.307831,39.962314]},"properties":{"line_key":"BJ-16","line_id":"16","line_name":"16号线","color":"#6BA539","seq":13,"name":"苏州桥","name_zh":"苏州桥","name_en":"Su Zhou Qiao","amap_station_id":"900000062236013","operator":"北京京港地铁有限公司","coord_system":"GCJ-02"}},{"type":"Feature","geometry":{"type":"Point","coordinates":[116.309904,39.947773]},"properties":{"line_key":"BJ-16","line_id":"16","line_name":"16号线","color":"#6BA539","seq":14,"name":"万寿寺","name_zh":"万寿寺","name_en":"Wan Shou Si","amap_station_id":"900000062236014","operator":"北京京港地铁有限公司","coord_system":"GCJ-02"}},{"type":"Feature","geometry":{"type":"Point","coordinates":[116.32519,39.943114]},"properties":{"line_key":"BJ-16","line_id":"16","line_name":"16号线","color":"#6BA539","seq":15,"name":"国家图书馆","name_zh":"国家图书馆","name_en":"Guo Jia Tu Shu Guan","amap_station_id":"110100023076011","operator":"北京京港地铁有限公司","coord_system":"GCJ-02"}},{"type":"Feature","geometry":{"type":"Point","coordinates":[116.333701,39.93241]},"properties":{"line_key":"BJ-16","line_id":"16","line_name":"16号线","color":"#6BA539","seq":16,"name":"二里沟","name_zh":"二里沟","name_en":"Er Li Gou","amap_station_id":"110100023339036","operator":"北京京港地铁有限公司","coord_system":"GCJ-02"}},{"type":"Feature","geometry":{"type":"Point","coordinates":[116.334534,39.923392]},"properties":{"line_key":"BJ-16","line_id":"16","line_name":"16号线","color":"#6BA539","seq":17,"name":"甘家口","name_zh":"甘家口","name_en":"Gan Jia Kou","amap_station_id":"900000062236017","operator":"北京京港地铁有限公司","coord_system":"GCJ-02"}},{"type":"Feature","geometry":{"type":"Point","coordinates":[116.334546,39.914042]},"properties":{"line_key":"BJ-16","line_id":"16","line_name":"16号线","color":"#6BA539","seq":18,"name":"玉渊潭东门","name_zh":"玉渊潭东门","name_en":"Yu Yuan Tan Dong Men","amap_station_id":"900000062236018","operator":"北京京港地铁有限公司","coord_system":"GCJ-02"}},{"type":"Feature","geometry":{"type":"Point","coordinates":[116.337583,39.907379]},"properties":{"line_key":"BJ-16","line_id":"16","line_name":"16号线","color":"#6BA539","seq":19,"name":"木樨地","name_zh":"木樨地","name_en":"Mu Xi Di","amap_station_id":"110100023110011","operator":"北京京港地铁有限公司","coord_system":"GCJ-02"}},{"type":"Feature","geometry":{"type":"Point","coordinates":[116.335608,39.889898]},"properties":{"line_key":"BJ-16","line_id":"16","line_name":"16号线","color":"#6BA539","seq":20,"name":"达官营","name_zh":"达官营","name_en":"Da Guan Ying","amap_station_id":"110100023054004","operator":"北京京港地铁有限公司","coord_system":"GCJ-02"}},{"type":"Feature","geometry":{"type":"Point","coordinates":[116.336668,39.877533]},"properties":{"line_key":"BJ-16","line_id":"16","line_name":"16号线","color":"#6BA539","seq":21,"name":"红莲南路","name_zh":"红莲南路","name_en":"Hong Lian Nan Lu","amap_station_id":"900000062236021","operator":"北京京港地铁有限公司","coord_system":"GCJ-02"}},{"type":"Feature","geometry":{"type":"Point","coordinates":[116.331268,39.867718]},"properties":{"line_key":"BJ-16","line_id":"16","line_name":"16号线","color":"#6BA539","seq":22,"name":"丽泽商务区","name_zh":"丽泽商务区","name_en":"Li Ze Shang Wu Qu","amap_station_id":"900000028907029","operator":"北京京港地铁有限公司","coord_system":"GCJ-02"}},{"type":"Feature","geometry":{"type":"Point","coordinates":[116.323133,39.855638]},"properties":{"line_key":"BJ-16","line_id":"16","line_name":"16号线","color":"#6BA539","seq":23,"name":"东管头南","name_zh":"东管头南","name_en":"Dong Guan Tou Nan","amap_station_id":"110100023092014","operator":"北京京港地铁有限公司","coord_system":"GCJ-02"}},{"type":"Feature","geometry":{"type":"Point","coordinates":[116.304501,39.850249]},"properties":{"line_key":"BJ-16","line_id":"16","line_name":"16号线","color":"#6BA539","seq":24,"name":"丰台站","name_zh":"丰台站","name_en":"Feng Tai Zhan","amap_station_id":"110100023282036","operator":"北京京港地铁有限公司","coord_system":"GCJ-02"}},{"type":"Feature","geometry":{"type":"Point","coordinates":[116.296552,39.841106]},"properties":{"line_key":"BJ-16","line_id":"16","line_name":"16号线","color":"#6BA539","seq":25,"name":"丰台南路","name_zh":"丰台南路","name_en":"Feng Tai Nan Lu","amap_station_id":"110100023116005","operator":"北京京港地铁有限公司","coord_system":"GCJ-02"}},{"type":"Feature","geometry":{"type":"Point","coordinates":[116.287023,39.836228]},"properties":{"line_key":"BJ-16","line_id":"16","line_name":"16号线","color":"#6BA539","seq":26,"name":"富丰桥","name_zh":"富丰桥","name_en":"Fu Feng Qiao","amap_station_id":"900000062236026","operator":"北京京港地铁有限公司","coord_system":"GCJ-02"}},{"type":"Feature","geometry":{"type":"Point","coordinates":[116.272519,39.83491]},"properties":{"line_key":"BJ-16","line_id":"16","line_name":"16号线","color":"#6BA539","seq":27,"name":"看丹","name_zh":"看丹","name_en":"Kan Dan","amap_station_id":"900000062236027","operator":"北京京港地铁有限公司","coord_system":"GCJ-02"}},{"type":"Feature","geometry":{"type":"Point","coordinates":[116.258964,39.838742]},"properties":{"line_key":"BJ-16","line_id":"16","line_name":"16号线","color":"#6BA539","seq":28,"name":"榆树庄","name_zh":"榆树庄","name_en":"Yu Shu Zhuang","amap_station_id":"900000062236028","operator":"北京京港地铁有限公司","coord_system":"GCJ-02"}},{"type":"Feature","geometry":{"type":"Point","coordinates":[116.249321,39.848538]},"properties":{"line_key":"BJ-16","line_id":"16","line_name":"16号线","color":"#6BA539","seq":29,"name":"洪泰庄","name_zh":"洪泰庄","name_en":"Hong Tai Zhuang","amap_station_id":"900000062236029","operator":"北京京港地铁有限公司","coord_system":"GCJ-02"}},{"type":"Feature","geometry":{"type":"Point","coordinates":[116.229571,39.849056]},"properties":{"line_key":"BJ-16","line_id":"16","line_name":"16号线","color":"#6BA539","seq":30,"name":"宛平城","name_zh":"宛平城","name_en":"Wan Ping Cheng","amap_station_id":"900000062236030","operator":"北京京港地铁有限公司","coord_system":"GCJ-02"}},{"type":"Feature","geometry":{"type":"Point","coordinates":[116.610369,39.792902]},"properties":{"line_key":"BJ-17","line_id":"17","line_name":"17号线","color":"#00ABAB","seq":1,"name":"嘉会湖","name_zh":"嘉会湖","name_en":"Jia Hui Hu","amap_station_id":"900000099933008","operator":"北京京港地铁有限公司","coord_system":"GCJ-02"}},{"type":"Feature","geometry":{"type":"Point","coordinates":[116.591563,39.80355]},"properties":{"line_key":"BJ-17","line_id":"17","line_name":"17号线","color":"#00ABAB","seq":2,"name":"次渠","name_zh":"次渠","name_en":"Ci Qu","amap_station_id":"110100023102002","operator":"北京京港地铁有限公司","coord_system":"GCJ-02"}},{"type":"Feature","geometry":{"type":"Point","coordinates":[116.57667,39.80939]},"properties":{"line_key":"BJ-17","line_id":"17","line_name":"17号线","color":"#00ABAB","seq":3,"name":"次渠北","name_zh":"次渠北","name_en":"Ci Qu Bei","amap_station_id":"900000099933006","operator":"北京京港地铁有限公司","coord_system":"GCJ-02"}},{"type":"Feature","geometry":{"type":"Point","coordinates":[116.552736,39.818596]},"properties":{"line_key":"BJ-17","line_id":"17","line_name":"17号线","color":"#00ABAB","seq":4,"name":"北神树","name_zh":"北神树","name_en":"Bei Shen Shu","amap_station_id":"900000099933005","operator":"北京京港地铁有限公司","coord_system":"GCJ-02"}},{"type":"Feature","geometry":{"type":"Point","coordinates":[116.495847,39.8443]},"properties":{"line_key":"BJ-17","line_id":"17","line_name":"17号线","color":"#00ABAB","seq":5,"name":"十八里店","name_zh":"十八里店","name_en":"Shi Ba Li Dian","amap_station_id":"900000099933004","operator":"北京京港地铁有限公司","coord_system":"GCJ-02"}},{"type":"Feature","geometry":{"type":"Point","coordinates":[116.476361,39.856706]},"properties":{"line_key":"BJ-17","line_id":"17","line_name":"17号线","color":"#00ABAB","seq":6,"name":"周家庄","name_zh":"周家庄","name_en":"Zhou Jia Zhuang","amap_station_id":"900000099933003","operator":"北京京港地铁有限公司","coord_system":"GCJ-02"}},{"type":"Feature","geometry":{"type":"Point","coordinates":[116.458103,39.866135]},"properties":{"line_key":"BJ-17","line_id":"17","line_name":"17号线","color":"#00ABAB","seq":7,"name":"十里河","name_zh":"十里河","name_en":"Shi Li He","amap_station_id":"110100023282025","operator":"北京京港地铁有限公司","coord_system":"GCJ-02"}},{"type":"Feature","geometry":{"type":"Point","coordinates":[116.450869,39.875272]},"properties":{"line_key":"BJ-17","line_id":"17","line_name":"17号线","color":"#00ABAB","seq":8,"name":"潘家园西","name_zh":"潘家园西","name_en":"Pan Jia Yuan Xi","amap_station_id":"900000099933022","operator":"北京京港地铁有限公司","coord_system":"GCJ-02"}},{"type":"Feature","geometry":{"type":"Point","coordinates":[116.450305,39.909823]},"properties":{"line_key":"BJ-17","line_id":"17","line_name":"17号线","color":"#00ABAB","seq":9,"name":"永安里","name_zh":"永安里","name_en":"Yong An Li","amap_station_id":"110100023110020","operator":"北京京港地铁有限公司","coord_system":"GCJ-02"}},{"type":"Feature","geometry":{"type":"Point","coordinates":[116.450379,39.922852]},"properties":{"line_key":"BJ-17","line_id":"17","line_name":"17号线","color":"#00ABAB","seq":10,"name":"东大桥","name_zh":"东大桥","name_en":"Dong Da Qiao","amap_station_id":"110100023339010","operator":"北京京港地铁有限公司","coord_system":"GCJ-02"}},{"type":"Feature","geometry":{"type":"Point","coordinates":[116.450448,39.934058]},"properties":{"line_key":"BJ-17","line_id":"17","line_name":"17号线","color":"#00ABAB","seq":11,"name":"工人体育场","name_zh":"工人体育场","name_en":"Gong Ren Ti Yu Chang","amap_station_id":"900000058113002","operator":"北京京港地铁有限公司","coord_system":"GCJ-02"}},{"type":"Feature","geometry":{"type":"Point","coordinates":[116.44272,39.949968]},"properties":{"line_key":"BJ-17","line_id":"17","line_name":"17号线","color":"#00ABAB","seq":12,"name":"左家庄","name_zh":"左家庄","name_en":"Zuo Jia Zhuang","amap_station_id":"900000099933017","operator":"北京京港地铁有限公司","coord_system":"GCJ-02"}},{"type":"Feature","geometry":{"type":"Point","coordinates":[116.442254,39.96571]},"properties":{"line_key":"BJ-17","line_id":"17","line_name":"17号线","color":"#00ABAB","seq":13,"name":"西坝河","name_zh":"西坝河","name_en":"Xi Ba He","amap_station_id":"900000077547008","operator":"北京京港地铁有限公司","coord_system":"GCJ-02"}},{"type":"Feature","geometry":{"type":"Point","coordinates":[116.448213,39.973816]},"properties":{"line_key":"BJ-17","line_id":"17","line_name":"17号线","color":"#00ABAB","seq":14,"name":"太阳宫","name_zh":"太阳宫","name_en":"Tai Yang Gong","amap_station_id":"110100023282014","operator":"北京京港地铁有限公司","coord_system":"GCJ-02"}},{"type":"Feature","geometry":{"type":"Point","coordinates":[116.447987,39.99416]},"properties":{"line_key":"BJ-17","line_id":"17","line_name":"17号线","color":"#00ABAB","seq":15,"name":"望京西","name_zh":"望京西","name_en":"Wang Jing Xi","amap_station_id":"110100023070002","operator":"北京京港地铁有限公司","coord_system":"GCJ-02"}},{"type":"Feature","geometry":{"type":"Point","coordinates":[116.441797,40.033722]},"properties":{"line_key":"BJ-17","line_id":"17","line_name":"17号线","color":"#00ABAB","seq":16,"name":"红军营","name_zh":"红军营","name_en":"Hong Jun Ying","amap_station_id":"900000099933013","operator":"北京京港地铁有限公司","coord_system":"GCJ-02"}},{"type":"Feature","geometry":{"type":"Point","coordinates":[116.442102,40.050784]},"properties":{"line_key":"BJ-17","line_id":"17","line_name":"17号线","color":"#00ABAB","seq":17,"name":"清河营","name_zh":"清河营","name_en":"Qing He Ying","amap_station_id":"900000099933012","operator":"北京京港地铁有限公司","coord_system":"GCJ-02"}},{"type":"Feature","geometry":{"type":"Point","coordinates":[116.44234,40.068348]},"properties":{"line_key":"BJ-17","line_id":"17","line_name":"17号线","color":"#00ABAB","seq":18,"name":"天通苑东","name_zh":"天通苑东","name_en":"Tian Tong Yuan Dong","amap_station_id":"900000099933011","operator":"北京京港地铁有限公司","coord_system":"GCJ-02"}},{"type":"Feature","geometry":{"type":"Point","coordinates":[116.466838,40.115628]},"properties":{"line_key":"BJ-17","line_id":"17","line_name":"17号线","color":"#00ABAB","seq":19,"name":"未来科学城","name_zh":"未来科学城","name_en":"Wei Lai Ke Xue Cheng","amap_station_id":"900000099933010","operator":"北京京港地铁有限公司","coord_system":"GCJ-02"}},{"type":"Feature","geometry":{"type":"Point","coordinates":[116.468858,40.130075]},"properties":{"line_key":"BJ-17","line_id":"17","line_name":"17号线","color":"#00ABAB","seq":20,"name":"未来科学城北","name_zh":"未来科学城北","name_en":"Wei Lai Ke Xue Cheng Bei","amap_station_id":"900000099933009","operator":"北京京港地铁有限公司","coord_system":"GCJ-02"}},{"type":"Feature","geometry":{"type":"Point","coordinates":[116.27428,40.032713]},"properties":{"line_key":"BJ-18","line_id":"18","line_name":"18号线","color":"#685BC7","seq":1,"name":"马连洼","name_zh":"马连洼","name_en":"Ma Lian Wa","amap_station_id":"900000062236008","operator":"北京市地铁运营有限公司","coord_system":"GCJ-02"}},{"type":"Feature","geometry":{"type":"Point","coordinates":[116.286834,40.043954]},"properties":{"line_key":"BJ-18","line_id":"18","line_name":"18号线","color":"#685BC7","seq":2,"name":"上地软件园","name_zh":"上地软件园","name_en":"Shang Di Ruan Jian Yuan","amap_station_id":"900000179101018","operator":"北京市地铁运营有限公司","coord_system":"GCJ-02"}},{"type":"Feature","geometry":{"type":"Point","coordinates":[116.295038,40.053069]},"properties":{"line_key":"BJ-18","line_id":"18","line_name":"18号线","color":"#685BC7","seq":3,"name":"东北旺","name_zh":"东北旺","name_en":"Dong Bei Wang","amap_station_id":"900000179101017","operator":"北京市地铁运营有限公司","coord_system":"GCJ-02"}},{"type":"Feature","geometry":{"type":"Point","coordinates":[116.309473,40.07271]},"properties":{"line_key":"BJ-18","line_id":"18","line_name":"18号线","color":"#685BC7","seq":4,"name":"龙泽西","name_zh":"龙泽西","name_en":"Long Ze Xi","amap_station_id":"900000179101016","operator":"北京市地铁运营有限公司","coord_system":"GCJ-02"}},{"type":"Feature","geometry":{"type":"Point","coordinates":[116.330669,40.078414]},"properties":{"line_key":"BJ-18","line_id":"18","line_name":"18号线","color":"#685BC7","seq":5,"name":"回龙观西大街","name_zh":"回龙观西大街","name_en":"Hui Long Guan Xi Da Jie","amap_station_id":"900000179110002","operator":"北京市地铁运营有限公司","coord_system":"GCJ-02"}},{"type":"Feature","geometry":{"type":"Point","coordinates":[116.342685,40.080137]},"properties":{"line_key":"BJ-18","line_id":"18","line_name":"18号线","color":"#685BC7","seq":6,"name":"文华路","name_zh":"文华路","name_en":"Wen Hua Lu","amap_station_id":"900000179110003","operator":"北京市地铁运营有限公司","coord_system":"GCJ-02"}},{"type":"Feature","geometry":{"type":"Point","coordinates":[116.363027,40.081194]},"properties":{"line_key":"BJ-18","line_id":"18","line_name":"18号线","color":"#685BC7","seq":7,"name":"回龙观东大街","name_zh":"回龙观东大街","name_en":"Hui Long Guan Dong Da Jie","amap_station_id":"110100023114016","operator":"北京市地铁运营有限公司","coord_system":"GCJ-02"}},{"type":"Feature","geometry":{"type":"Point","coordinates":[116.376549,40.082034]},"properties":{"line_key":"BJ-18","line_id":"18","line_name":"18号线","color":"#685BC7","seq":8,"name":"霍营东","name_zh":"霍营东","name_en":"Huo Ying Dong","amap_station_id":"900000179110005","operator":"北京市地铁运营有限公司","coord_system":"GCJ-02"}},{"type":"Feature","geometry":{"type":"Point","coordinates":[116.41289,40.075248]},"properties":{"line_key":"BJ-18","line_id":"18","line_name":"18号线","color":"#685BC7","seq":9,"name":"天通苑","name_zh":"天通苑","name_en":"Tian Tong Yuan","amap_station_id":"110100023100022","operator":"北京市地铁运营有限公司","coord_system":"GCJ-02"}},{"type":"Feature","geometry":{"type":"Point","coordinates":[116.426731,40.074126]},"properties":{"line_key":"BJ-18","line_id":"18","line_name":"18号线","color":"#685BC7","seq":10,"name":"太平庄","name_zh":"太平庄","name_en":"Tai Ping Zhuang","amap_station_id":"900000179110007","operator":"北京市地铁运营有限公司","coord_system":"GCJ-02"}},{"type":"Feature","geometry":{"type":"Point","coordinates":[116.44234,40.068348]},"properties":{"line_key":"BJ-18","line_id":"18","line_name":"18号线","color":"#685BC7","seq":11,"name":"天通苑东","name_zh":"天通苑东","name_en":"Tian Tong Yuan Dong","amap_station_id":"900000099933011","operator":"北京市地铁运营有限公司","coord_system":"GCJ-02"}},{"type":"Feature","geometry":{"type":"Point","coordinates":[116.365549,39.812592]},"properties":{"line_key":"BJ-19","line_id":"19","line_name":"19号线","color":"#D3A3C9","seq":1,"name":"新宫","name_zh":"新宫","name_en":"Xin Gong","amap_station_id":"110100023076026","operator":"北京市轨道交通运营管理有限公司","coord_system":"GCJ-02"}},{"type":"Feature","geometry":{"type":"Point","coordinates":[116.346333,39.823455]},"properties":{"line_key":"BJ-19","line_id":"19","line_name":"19号线","color":"#D3A3C9","seq":2,"name":"新发地","name_zh":"新发地","name_en":"Xin Fa Di","amap_station_id":"900000079004002","operator":"北京市轨道交通运营管理有限公司","coord_system":"GCJ-02"}},{"type":"Feature","geometry":{"type":"Point","coordinates":[116.351387,39.845869]},"properties":{"line_key":"BJ-19","line_id":"19","line_name":"19号线","color":"#D3A3C9","seq":3,"name":"草桥","name_zh":"草桥","name_en":"Cao Qiao","amap_station_id":"110100023282033","operator":"北京市轨道交通运营管理有限公司","coord_system":"GCJ-02"}},{"type":"Feature","geometry":{"type":"Point","coordinates":[116.366033,39.862631]},"properties":{"line_key":"BJ-19","line_id":"19","line_name":"19号线","color":"#D3A3C9","seq":4,"name":"景风门","name_zh":"景风门","name_en":"Jing Feng Men","amap_station_id":"900000028907026","operator":"北京市轨道交通运营管理有限公司","coord_system":"GCJ-02"}},{"type":"Feature","geometry":{"type":"Point","coordinates":[116.363481,39.889605]},"properties":{"line_key":"BJ-19","line_id":"19","line_name":"19号线","color":"#D3A3C9","seq":5,"name":"牛街","name_zh":"牛街","name_en":"Niu Jie","amap_station_id":"900000079004005","operator":"北京市轨道交通运营管理有限公司","coord_system":"GCJ-02"}},{"type":"Feature","geometry":{"type":"Point","coordinates":[116.363245,39.909755]},"properties":{"line_key":"BJ-19","line_id":"19","line_name":"19号线","color":"#D3A3C9","seq":6,"name":"太平桥","name_zh":"太平桥","name_en":"Tai Ping Qiao","amap_station_id":"900000079004006","operator":"北京市轨道交通运营管理有限公司","coord_system":"GCJ-02"}},{"type":"Feature","geometry":{"type":"Point","coordinates":[116.372883,39.933949]},"properties":{"line_key":"BJ-19","line_id":"19","line_name":"19号线","color":"#D3A3C9","seq":7,"name":"平安里","name_zh":"平安里","name_en":"Ping An Li","amap_station_id":"110100023076015","operator":"北京市轨道交通运营管理有限公司","coord_system":"GCJ-02"}},{"type":"Feature","geometry":{"type":"Point","coordinates":[116.373126,39.948653]},"properties":{"line_key":"BJ-19","line_id":"19","line_name":"19号线","color":"#D3A3C9","seq":8,"name":"积水潭","name_zh":"积水潭","name_en":"Ji Shui Tan","amap_station_id":"110100023098002","operator":"北京市轨道交通运营管理有限公司","coord_system":"GCJ-02"}},{"type":"Feature","geometry":{"type":"Point","coordinates":[116.370037,39.967882]},"properties":{"line_key":"BJ-19","line_id":"19","line_name":"19号线","color":"#D3A3C9","seq":9,"name":"北太平庄","name_zh":"北太平庄","name_en":"Bei Tai Ping Zhuang","amap_station_id":"900000077547014","operator":"北京市轨道交通运营管理有限公司","coord_system":"GCJ-02"}},{"type":"Feature","geometry":{"type":"Point","coordinates":[116.369844,39.976603]},"properties":{"line_key":"BJ-19","line_id":"19","line_name":"19号线","color":"#D3A3C9","seq":10,"name":"牡丹园","name_zh":"牡丹园","name_en":"Mu Dan Yuan","amap_station_id":"110100023282008","operator":"北京市轨道交通运营管理有限公司","coord_system":"GCJ-02"}},{"type":"Feature","geometry":{"type":"Point","coordinates":[116.195371,40.244624]},"properties":{"line_key":"BJ-CHANGPING","line_id":"CP","line_name":"昌平线","color":"#D986BA","seq":1,"name":"昌平西山口","name_zh":"昌平西山口","name_en":"Chang Ping Xi Shan Kou","amap_station_id":"110100023118009","operator":"北京市地铁运营有限公司","coord_system":"GCJ-02"}},{"type":"Feature","geometry":{"type":"Point","coordinates":[116.207729,40.240255]},"properties":{"line_key":"BJ-CHANGPING","line_id":"CP","line_name":"昌平线","color":"#D986BA","seq":2,"name":"十三陵景区","name_zh":"十三陵景区","name_en":"Shi San Ling Jing Qu","amap_station_id":"110100023118010","operator":"北京市地铁运营有限公司","coord_system":"GCJ-02"}},{"type":"Feature","geometry":{"type":"Point","coordinates":[116.23359,40.22055]},"properties":{"line_key":"BJ-CHANGPING","line_id":"CP","line_name":"昌平线","color":"#D986BA","seq":3,"name":"昌平","name_zh":"昌平","name_en":"Chang Ping","amap_station_id":"110100023118011","operator":"北京市地铁运营有限公司","coord_system":"GCJ-02"}},{"type":"Feature","geometry":{"type":"Point","coordinates":[116.262059,40.221726]},"properties":{"line_key":"BJ-CHANGPING","line_id":"CP","line_name":"昌平线","color":"#D986BA","seq":4,"name":"昌平东关","name_zh":"昌平东关","name_en":"Chang Ping Dong Guan","amap_station_id":"110100023118012","operator":"北京市地铁运营有限公司","coord_system":"GCJ-02"}},{"type":"Feature","geometry":{"type":"Point","coordinates":[116.281949,40.222001]},"properties":{"line_key":"BJ-CHANGPING","line_id":"CP","line_name":"昌平线","color":"#D986BA","seq":5,"name":"北邵洼","name_zh":"北邵洼","name_en":"Bei Shao Wa","amap_station_id":"110100023118013","operator":"北京市地铁运营有限公司","coord_system":"GCJ-02"}},{"type":"Feature","geometry":{"type":"Point","coordinates":[116.287534,40.207492]},"properties":{"line_key":"BJ-CHANGPING","line_id":"CP","line_name":"昌平线","color":"#D986BA","seq":6,"name":"南邵","name_zh":"南邵","name_en":"Nan Shao","amap_station_id":"110100023118002","operator":"北京市地铁运营有限公司","coord_system":"GCJ-02"}},{"type":"Feature","geometry":{"type":"Point","coordinates":[116.280465,40.164666]},"properties":{"line_key":"BJ-CHANGPING","line_id":"CP","line_name":"昌平线","color":"#D986BA","seq":7,"name":"沙河高教园","name_zh":"沙河高教园","name_en":"Sha He Gao Jiao Yuan","amap_station_id":"110100023118003","operator":"北京市地铁运营有限公司","coord_system":"GCJ-02"}},{"type":"Feature","geometry":{"type":"Point","coordinates":[116.288865,40.148278]},"properties":{"line_key":"BJ-CHANGPING","line_id":"CP","line_name":"昌平线","color":"#D986BA","seq":8,"name":"沙河","name_zh":"沙河","name_en":"Sha He","amap_station_id":"110100023118004","operator":"北京市地铁运营有限公司","coord_system":"GCJ-02"}},{"type":"Feature","geometry":{"type":"Point","coordinates":[116.293979,40.1309]},"properties":{"line_key":"BJ-CHANGPING","line_id":"CP","line_name":"昌平线","color":"#D986BA","seq":9,"name":"巩华城","name_zh":"巩华城","name_en":"Gong Hua Cheng","amap_station_id":"110100023118005","operator":"北京市地铁运营有限公司","coord_system":"GCJ-02"}},{"type":"Feature","geometry":{"type":"Point","coordinates":[116.313698,40.104297]},"properties":{"line_key":"BJ-CHANGPING","line_id":"CP","line_name":"昌平线","color":"#D986BA","seq":10,"name":"朱辛庄","name_zh":"朱辛庄","name_en":"Zhu Xin Zhuang","amap_station_id":"110100023114019","operator":"北京市地铁运营有限公司","coord_system":"GCJ-02"}},{"type":"Feature","geometry":{"type":"Point","coordinates":[116.29423,40.09479]},"properties":{"line_key":"BJ-CHANGPING","line_id":"CP","line_name":"昌平线","color":"#D986BA","seq":11,"name":"生命科学园","name_zh":"生命科学园","name_en":"Sheng Ming Ke Xue Yuan","amap_station_id":"110100023118007","operator":"北京市地铁运营有限公司","coord_system":"GCJ-02"}},{"type":"Feature","geometry":{"type":"Point","coordinates":[116.306295,40.053034]},"properties":{"line_key":"BJ-CHANGPING","line_id":"CP","line_name":"昌平线","color":"#D986BA","seq":12,"name":"西二旗","name_zh":"西二旗","name_en":"Xi Er Qi","amap_station_id":"110100023118008","operator":"北京市地铁运营有限公司","coord_system":"GCJ-02"}},{"type":"Feature","geometry":{"type":"Point","coordinates":[116.314961,40.041164]},"properties":{"line_key":"BJ-CHANGPING","line_id":"CP","line_name":"昌平线","color":"#D986BA","seq":13,"name":"清河站","name_zh":"清河站","name_en":"Qing He Zhan","amap_station_id":"110100023118014","operator":"北京市地铁运营有限公司","coord_system":"GCJ-02"}},{"type":"Feature","geometry":{"type":"Point","coordinates":[116.331711,40.035954]},"properties":{"line_key":"BJ-CHANGPING","line_id":"CP","line_name":"昌平线","color":"#D986BA","seq":14,"name":"朱房北","name_zh":"朱房北","name_en":"Zhu Fang Bei","amap_station_id":"110100023118015","operator":"北京市地铁运营有限公司","coord_system":"GCJ-02"}},{"type":"Feature","geometry":{"type":"Point","coordinates":[116.343739,40.034723]},"properties":{"line_key":"BJ-CHANGPING","line_id":"CP","line_name":"昌平线","color":"#D986BA","seq":15,"name":"清河小营桥","name_zh":"清河小营桥","name_en":"Qing He Xiao Ying Qiao","amap_station_id":"110100023118016","operator":"北京市地铁运营有限公司","coord_system":"GCJ-02"}},{"type":"Feature","geometry":{"type":"Point","coordinates":[116.352195,40.015011]},"properties":{"line_key":"BJ-CHANGPING","line_id":"CP","line_name":"昌平线","color":"#D986BA","seq":16,"name":"学知园","name_zh":"学知园","name_en":"Xue Zhi Yuan","amap_station_id":"110100023118017","operator":"北京市地铁运营有限公司","coord_system":"GCJ-02"}},{"type":"Feature","geometry":{"type":"Point","coordinates":[116.35275,40.000044]},"properties":{"line_key":"BJ-CHANGPING","line_id":"CP","line_name":"昌平线","color":"#D986BA","seq":17,"name":"六道口","name_zh":"六道口","name_en":"Liu Dao Kou","amap_station_id":"110100023070016","operator":"北京市地铁运营有限公司","coord_system":"GCJ-02"}},{"type":"Feature","geometry":{"type":"Point","coordinates":[116.353438,39.988206]},"properties":{"line_key":"BJ-CHANGPING","line_id":"CP","line_name":"昌平线","color":"#D986BA","seq":18,"name":"学院桥","name_zh":"学院桥","name_en":"Xue Yuan Qiao","amap_station_id":"110100023118019","operator":"北京市地铁运营有限公司","coord_system":"GCJ-02"}},{"type":"Feature","geometry":{"type":"Point","coordinates":[116.354314,39.976372]},"properties":{"line_key":"BJ-CHANGPING","line_id":"CP","line_name":"昌平线","color":"#D986BA","seq":19,"name":"西土城","name_zh":"西土城","name_en":"Xi Tu Cheng","amap_station_id":"110100023118020","operator":"北京市地铁运营有限公司","coord_system":"GCJ-02"}},{"type":"Feature","geometry":{"type":"Point","coordinates":[116.35597,39.967747]},"properties":{"line_key":"BJ-CHANGPING","line_id":"CP","line_name":"昌平线","color":"#D986BA","seq":20,"name":"蓟门桥","name_zh":"蓟门桥","name_en":"Ji Men Qiao","amap_station_id":"110100023118022","operator":"北京市地铁运营有限公司","coord_system":"GCJ-02"}},{"type":"Feature","geometry":{"type":"Point","coordinates":[116.100817,39.729028]},"properties":{"line_key":"BJ-FANGSHAN","line_id":"FS","line_name":"房山线","color":"#D86018","seq":1,"name":"阎村东","name_zh":"阎村东","name_en":"Yan Cun Dong","amap_station_id":"110100023092013","operator":"北京市地铁运营有限公司","coord_system":"GCJ-02"}},{"type":"Feature","geometry":{"type":"Point","coordinates":[116.125306,39.723188]},"properties":{"line_key":"BJ-FANGSHAN","line_id":"FS","line_name":"房山线","color":"#D86018","seq":2,"name":"苏庄","name_zh":"苏庄","name_en":"Su Zhuang","amap_station_id":"110100023092012","operator":"北京市地铁运营有限公司","coord_system":"GCJ-02"}},{"type":"Feature","geometry":{"type":"Point","coordinates":[116.140804,39.723202]},"properties":{"line_key":"BJ-FANGSHAN","line_id":"FS","line_name":"房山线","color":"#D86018","seq":3,"name":"良乡南关","name_zh":"良乡南关","name_en":"Liang Xiang Nan Guan","amap_station_id":"110100023092011","operator":"北京市地铁运营有限公司","coord_system":"GCJ-02"}},{"type":"Feature","geometry":{"type":"Point","coordinates":[116.156282,39.723157]},"properties":{"line_key":"BJ-FANGSHAN","line_id":"FS","line_name":"房山线","color":"#D86018","seq":4,"name":"良乡大学城西","name_zh":"良乡大学城西","name_en":"Liang Xiang Da Xue Cheng Xi","amap_station_id":"110100023092010","operator":"北京市地铁运营有限公司","coord_system":"GCJ-02"}},{"type":"Feature","geometry":{"type":"Point","coordinates":[116.176541,39.723159]},"properties":{"line_key":"BJ-FANGSHAN","line_id":"FS","line_name":"房山线","color":"#D86018","seq":5,"name":"良乡大学城","name_zh":"良乡大学城","name_en":"Liang Xiang Da Xue Cheng","amap_station_id":"110100023092009","operator":"北京市地铁运营有限公司","coord_system":"GCJ-02"}},{"type":"Feature","geometry":{"type":"Point","coordinates":[116.18348,39.729906]},"properties":{"line_key":"BJ-FANGSHAN","line_id":"FS","line_name":"房山线","color":"#D86018","seq":6,"name":"良乡大学城北","name_zh":"良乡大学城北","name_en":"Liang Xiang Da Xue Cheng Bei","amap_station_id":"110100023092008","operator":"北京市地铁运营有限公司","coord_system":"GCJ-02"}},{"type":"Feature","geometry":{"type":"Point","coordinates":[116.184985,39.74793]},"properties":{"line_key":"BJ-FANGSHAN","line_id":"FS","line_name":"房山线","color":"#D86018","seq":7,"name":"广阳城","name_zh":"广阳城","name_en":"Guang Yang Cheng","amap_station_id":"110100023092007","operator":"北京市地铁运营有限公司","coord_system":"GCJ-02"}},{"type":"Feature","geometry":{"type":"Point","coordinates":[116.189486,39.760636]},"properties":{"line_key":"BJ-FANGSHAN","line_id":"FS","line_name":"房山线","color":"#D86018","seq":8,"name":"篱笆房","name_zh":"篱笆房","name_en":"Li Ba Fang","amap_station_id":"110100023092006","operator":"北京市地铁运营有限公司","coord_system":"GCJ-02"}},{"type":"Feature","geometry":{"type":"Point","coordinates":[116.212692,39.763871]},"properties":{"line_key":"BJ-FANGSHAN","line_id":"FS","line_name":"房山线","color":"#D86018","seq":9,"name":"长阳","name_zh":"长阳","name_en":"Chang Yang","amap_station_id":"110100023092005","operator":"北京市地铁运营有限公司","coord_system":"GCJ-02"}},{"type":"Feature","geometry":{"type":"Point","coordinates":[116.21884,39.794885]},"properties":{"line_key":"BJ-FANGSHAN","line_id":"FS","line_name":"房山线","color":"#D86018","seq":10,"name":"稻田","name_zh":"稻田","name_en":"Dao Tian","amap_station_id":"110100023092004","operator":"北京市地铁运营有限公司","coord_system":"GCJ-02"}},{"type":"Feature","geometry":{"type":"Point","coordinates":[116.291681,39.80781]},"properties":{"line_key":"BJ-FANGSHAN","line_id":"FS","line_name":"房山线","color":"#D86018","seq":11,"name":"大葆台","name_zh":"大葆台","name_en":"Da Bao Tai","amap_station_id":"110100023092003","operator":"北京市地铁运营有限公司","coord_system":"GCJ-02"}},{"type":"Feature","geometry":{"type":"Point","coordinates":[116.301889,39.814322]},"properties":{"line_key":"BJ-FANGSHAN","line_id":"FS","line_name":"房山线","color":"#D86018","seq":12,"name":"郭公庄","name_zh":"郭公庄","name_en":"Guo Gong Zhuang","amap_station_id":"110100023092018","operator":"北京市地铁运营有限公司","coord_system":"GCJ-02"}},{"type":"Feature","geometry":{"type":"Point","coordinates":[116.313391,39.81959]},"properties":{"line_key":"BJ-FANGSHAN","line_id":"FS","line_name":"房山线","color":"#D86018","seq":13,"name":"白盆窑","name_zh":"白盆窑","name_en":"Bai Pen Yao","amap_station_id":"110100023092017","operator":"北京市地铁运营有限公司","coord_system":"GCJ-02"}},{"type":"Feature","geometry":{"type":"Point","coordinates":[116.320064,39.829211]},"properties":{"line_key":"BJ-FANGSHAN","line_id":"FS","line_name":"房山线","color":"#D86018","seq":14,"name":"花乡东桥","name_zh":"花乡东桥","name_en":"Hua Xiang Dong Qiao","amap_station_id":"110100023092016","operator":"北京市地铁运营有限公司","coord_system":"GCJ-02"}},{"type":"Feature","geometry":{"type":"Point","coordinates":[116.320202,39.844463]},"properties":{"line_key":"BJ-FANGSHAN","line_id":"FS","line_name":"房山线","color":"#D86018","seq":15,"name":"首经贸","name_zh":"首经贸","name_en":"Shou Jing Mao","amap_station_id":"110100023092015","operator":"北京市地铁运营有限公司","coord_system":"GCJ-02"}},{"type":"Feature","geometry":{"type":"Point","coordinates":[116.323133,39.855638]},"properties":{"line_key":"BJ-FANGSHAN","line_id":"FS","line_name":"房山线","color":"#D86018","seq":16,"name":"东管头南","name_zh":"东管头南","name_en":"Dong Guan Tou Nan","amap_station_id":"110100023092014","operator":"北京市地铁运营有限公司","coord_system":"GCJ-02"}},{"type":"Feature","geometry":{"type":"Point","coordinates":[116.100817,39.729028]},"properties":{"line_key":"BJ-YANFANG","line_id":"YF","line_name":"燕房线","color":"#D86018","seq":1,"name":"阎村东","name_zh":"阎村东","name_en":"Yan Cun Dong","amap_station_id":"110100023092013","operator":"北京市轨道交通运营管理有限公司","coord_system":"GCJ-02"}},{"type":"Feature","geometry":{"type":"Point","coordinates":[116.08672,39.724606]},"properties":{"line_key":"BJ-YANFANG","line_id":"YF","line_name":"燕房线","color":"#D86018","seq":2,"name":"紫草坞","name_zh":"紫草坞","name_en":"Zi Cao Wu","amap_station_id":"900000029622007","operator":"北京市轨道交通运营管理有限公司","coord_system":"GCJ-02"}},{"type":"Feature","geometry":{"type":"Point","coordinates":[116.080165,39.716731]},"properties":{"line_key":"BJ-YANFANG","line_id":"YF","line_name":"燕房线","color":"#D86018","seq":3,"name":"阎村","name_zh":"阎村","name_en":"Yan Cun","amap_station_id":"900000029622006","operator":"北京市轨道交通运营管理有限公司","coord_system":"GCJ-02"}},{"type":"Feature","geometry":{"type":"Point","coordinates":[116.06137,39.713681]},"properties":{"line_key":"BJ-YANFANG","line_id":"YF","line_name":"燕房线","color":"#D86018","seq":4,"name":"星城","name_zh":"星城","name_en":"Xing Cheng","amap_station_id":"900000029622005","operator":"北京市轨道交通运营管理有限公司","coord_system":"GCJ-02"}},{"type":"Feature","geometry":{"type":"Point","coordinates":[116.039906,39.709893]},"properties":{"line_key":"BJ-YANFANG","line_id":"YF","line_name":"燕房线","color":"#D86018","seq":5,"name":"大石河东","name_zh":"大石河东","name_en":"Da Shi He Dong","amap_station_id":"900000029622010","operator":"北京市轨道交通运营管理有限公司","coord_system":"GCJ-02"}},{"type":"Feature","geometry":{"type":"Point","coordinates":[116.016606,39.705103]},"properties":{"line_key":"BJ-YANFANG","line_id":"YF","line_name":"燕房线","color":"#D86018","seq":6,"name":"马各庄","name_zh":"马各庄","name_en":"Ma Ge Zhuang","amap_station_id":"900000029622004","operator":"北京市轨道交通运营管理有限公司","coord_system":"GCJ-02"}},{"type":"Feature","geometry":{"type":"Point","coordinates":[116.006103,39.701471]},"properties":{"line_key":"BJ-YANFANG","line_id":"YF","line_name":"燕房线","color":"#D86018","seq":7,"name":"饶乐府","name_zh":"饶乐府","name_en":"Rao Le Fu","amap_station_id":"900000029620004","operator":"北京市轨道交通运营管理有限公司","coord_system":"GCJ-02"}},{"type":"Feature","geometry":{"type":"Point","coordinates":[115.989599,39.706061]},"properties":{"line_key":"BJ-YANFANG","line_id":"YF","line_name":"燕房线","color":"#D86018","seq":8,"name":"房山城关","name_zh":"房山城关","name_en":"Fang Shan Cheng Guan","amap_station_id":"900000029622002","operator":"北京市轨道交通运营管理有限公司","coord_system":"GCJ-02"}},{"type":"Feature","geometry":{"type":"Point","coordinates":[115.973395,39.719615]},"properties":{"line_key":"BJ-YANFANG","line_id":"YF","line_name":"燕房线","color":"#D86018","seq":9,"name":"燕山","name_zh":"燕山","name_en":"Yan Shan","amap_station_id":"900000029622001","operator":"北京市轨道交通运营管理有限公司","coord_system":"GCJ-02"}},{"type":"Feature","geometry":{"type":"Point","coordinates":[116.428368,39.845849]},"properties":{"line_key":"BJ-YIZHUANG","line_id":"YZ","line_name":"亦庄线","color":"#D0006F","seq":1,"name":"宋家庄","name_zh":"宋家庄","name_en":"Song Jia Zhuang","amap_station_id":"110100023100001","operator":"北京市地铁运营有限公司","coord_system":"GCJ-02"}},{"type":"Feature","geometry":{"type":"Point","coordinates":[116.448364,39.834217]},"properties":{"line_key":"BJ-YIZHUANG","line_id":"YZ","line_name":"亦庄线","color":"#D0006F","seq":2,"name":"肖村","name_zh":"肖村","name_en":"Xiao Cun","amap_station_id":"110100023102013","operator":"北京市地铁运营有限公司","coord_system":"GCJ-02"}},{"type":"Feature","geometry":{"type":"Point","coordinates":[116.459226,39.827951]},"properties":{"line_key":"BJ-YIZHUANG","line_id":"YZ","line_name":"亦庄线","color":"#D0006F","seq":3,"name":"小红门","name_zh":"小红门","name_en":"Xiao Hong Men","amap_station_id":"110100023102012","operator":"北京市地铁运营有限公司","coord_system":"GCJ-02"}},{"type":"Feature","geometry":{"type":"Point","coordinates":[116.460789,39.80691]},"properties":{"line_key":"BJ-YIZHUANG","line_id":"YZ","line_name":"亦庄线","color":"#D0006F","seq":4,"name":"旧宫","name_zh":"旧宫","name_en":"Jiu Gong","amap_station_id":"110100023102011","operator":"北京市地铁运营有限公司","coord_system":"GCJ-02"}},{"type":"Feature","geometry":{"type":"Point","coordinates":[116.480307,39.803011]},"properties":{"line_key":"BJ-YIZHUANG","line_id":"YZ","line_name":"亦庄线","color":"#D0006F","seq":5,"name":"亦庄桥","name_zh":"亦庄桥","name_en":"Yi Zhuang Qiao","amap_station_id":"110100023102010","operator":"北京市地铁运营有限公司","coord_system":"GCJ-02"}},{"type":"Feature","geometry":{"type":"Point","coordinates":[116.490632,39.80689]},"properties":{"line_key":"BJ-YIZHUANG","line_id":"YZ","line_name":"亦庄线","color":"#D0006F","seq":6,"name":"亦庄文化园","name_zh":"亦庄文化园","name_en":"Yi Zhuang Wen Hua Yuan","amap_station_id":"110100023102009","operator":"北京市地铁运营有限公司","coord_system":"GCJ-02"}},{"type":"Feature","geometry":{"type":"Point","coordinates":[116.505403,39.802971]},"properties":{"line_key":"BJ-YIZHUANG","line_id":"YZ","line_name":"亦庄线","color":"#D0006F","seq":7,"name":"万源街","name_zh":"万源街","name_en":"Wan Yuan Jie","amap_station_id":"110100023102008","operator":"北京市地铁运营有限公司","coord_system":"GCJ-02"}},{"type":"Feature","geometry":{"type":"Point","coordinates":[116.513321,39.793189]},"properties":{"line_key":"BJ-YIZHUANG","line_id":"YZ","line_name":"亦庄线","color":"#D0006F","seq":8,"name":"荣京东街","name_zh":"荣京东街","name_en":"Rong Jing Dong Jie","amap_station_id":"110100023102007","operator":"北京市地铁运营有限公司","coord_system":"GCJ-02"}},{"type":"Feature","geometry":{"type":"Point","coordinates":[116.521688,39.782832]},"properties":{"line_key":"BJ-YIZHUANG","line_id":"YZ","line_name":"亦庄线","color":"#D0006F","seq":9,"name":"荣昌东街","name_zh":"荣昌东街","name_en":"Rong Chang Dong Jie","amap_station_id":"110100023102006","operator":"北京市地铁运营有限公司","coord_system":"GCJ-02"}},{"type":"Feature","geometry":{"type":"Point","coordinates":[116.539901,39.772962]},"properties":{"line_key":"BJ-YIZHUANG","line_id":"YZ","line_name":"亦庄线","color":"#D0006F","seq":10,"name":"同济南路","name_zh":"同济南路","name_en":"Tong Ji Nan Lu","amap_station_id":"110100023102005","operator":"北京市地铁运营有限公司","coord_system":"GCJ-02"}},{"type":"Feature","geometry":{"type":"Point","coordinates":[116.562321,39.783673]},"properties":{"line_key":"BJ-YIZHUANG","line_id":"YZ","line_name":"亦庄线","color":"#D0006F","seq":11,"name":"经海路","name_zh":"经海路","name_en":"Jing Hai Lu","amap_station_id":"110100023102004","operator":"北京市地铁运营有限公司","coord_system":"GCJ-02"}},{"type":"Feature","geometry":{"type":"Point","coordinates":[116.581357,39.795118]},"properties":{"line_key":"BJ-YIZHUANG","line_id":"YZ","line_name":"亦庄线","color":"#D0006F","seq":12,"name":"次渠南","name_zh":"次渠南","name_en":"Ci Qu Nan","amap_station_id":"110100023102003","operator":"北京市地铁运营有限公司","coord_system":"GCJ-02"}},{"type":"Feature","geometry":{"type":"Point","coordinates":[116.591563,39.80355]},"properties":{"line_key":"BJ-YIZHUANG","line_id":"YZ","line_name":"亦庄线","color":"#D0006F","seq":13,"name":"次渠","name_zh":"次渠","name_en":"Ci Qu","amap_station_id":"110100023102002","operator":"北京市地铁运营有限公司","coord_system":"GCJ-02"}},{"type":"Feature","geometry":{"type":"Point","coordinates":[116.601913,39.812607]},"properties":{"line_key":"BJ-YIZHUANG","line_id":"YZ","line_name":"亦庄线","color":"#D0006F","seq":14,"name":"亦庄火车站","name_zh":"亦庄火车站","name_en":"Yi Zhuang Huo Che Zhan","amap_station_id":"110100023102015","operator":"北京市地铁运营有限公司","coord_system":"GCJ-02"}},{"type":"Feature","geometry":{"type":"Point","coordinates":[116.178674,39.925853]},"properties":{"line_key":"BJ-S1","line_id":"S1","line_name":"S1线","color":"#A45A2A","seq":1,"name":"苹果园","name_zh":"苹果园","name_en":"Ping Guo Yuan","amap_station_id":"110100023110052","operator":"北京市地铁运营有限公司","coord_system":"GCJ-02"}},{"type":"Feature","geometry":{"type":"Point","coordinates":[116.162586,39.923298]},"properties":{"line_key":"BJ-S1","line_id":"S1","line_name":"S1线","color":"#A45A2A","seq":2,"name":"金安桥","name_zh":"金安桥","name_en":"Jin An Qiao","amap_station_id":"110100023339035","operator":"北京市地铁运营有限公司","coord_system":"GCJ-02"}},{"type":"Feature","geometry":{"type":"Point","coordinates":[116.13401,39.91603]},"properties":{"line_key":"BJ-S1","line_id":"S1","line_name":"S1线","color":"#A45A2A","seq":3,"name":"四道桥","name_zh":"四道桥","name_en":"Si Dao Qiao","amap_station_id":"900000069871003","operator":"北京市地铁运营有限公司","coord_system":"GCJ-02"}},{"type":"Feature","geometry":{"type":"Point","coordinates":[116.125809,39.912383]},"properties":{"line_key":"BJ-S1","line_id":"S1","line_name":"S1线","color":"#A45A2A","seq":4,"name":"桥户营","name_zh":"桥户营","name_en":"Qiao Hu Ying","amap_station_id":"900000069871004","operator":"北京市地铁运营有限公司","coord_system":"GCJ-02"}},{"type":"Feature","geometry":{"type":"Point","coordinates":[116.122225,39.905138]},"properties":{"line_key":"BJ-S1","line_id":"S1","line_name":"S1线","color":"#A45A2A","seq":5,"name":"上岸","name_zh":"上岸","name_en":"Shang An","amap_station_id":"900000069871005","operator":"北京市地铁运营有限公司","coord_system":"GCJ-02"}},{"type":"Feature","geometry":{"type":"Point","coordinates":[116.123254,39.89578]},"properties":{"line_key":"BJ-S1","line_id":"S1","line_name":"S1线","color":"#A45A2A","seq":6,"name":"栗园庄","name_zh":"栗园庄","name_en":"Li Yuan Zhuang","amap_station_id":"900000069871006","operator":"北京市地铁运营有限公司","coord_system":"GCJ-02"}},{"type":"Feature","geometry":{"type":"Point","coordinates":[116.114443,39.890465]},"properties":{"line_key":"BJ-S1","line_id":"S1","line_name":"S1线","color":"#A45A2A","seq":7,"name":"小园","name_zh":"小园","name_en":"Xiao Yuan","amap_station_id":"900000069871007","operator":"北京市地铁运营有限公司","coord_system":"GCJ-02"}},{"type":"Feature","geometry":{"type":"Point","coordinates":[116.100334,39.889378]},"properties":{"line_key":"BJ-S1","line_id":"S1","line_name":"S1线","color":"#A45A2A","seq":8,"name":"石厂","name_zh":"石厂","name_en":"Shi Chang","amap_station_id":"900000069871008","operator":"北京市地铁运营有限公司","coord_system":"GCJ-02"}},{"type":"Feature","geometry":{"type":"Point","coordinates":[116.293357,39.974414]},"properties":{"line_key":"BJ-XIJIAO","line_id":"XJ","line_name":"西郊线","color":"#D22630","seq":1,"name":"巴沟","name_zh":"巴沟","name_en":"Ba Gou","amap_station_id":"110100023060002","operator":"北京公交有轨电车有限公司","coord_system":"GCJ-02"}},{"type":"Feature","geometry":{"type":"Point","coordinates":[116.263248,39.985697]},"properties":{"line_key":"BJ-XIJIAO","line_id":"XJ","line_name":"西郊线","color":"#D22630","seq":2,"name":"颐和园西门","name_zh":"颐和园西门","name_en":"Yi He Yuan Xi Men","amap_station_id":"110100023060004","operator":"北京公交有轨电车有限公司","coord_system":"GCJ-02"}},{"type":"Feature","geometry":{"type":"Point","coordinates":[116.2481,39.982113]},"properties":{"line_key":"BJ-XIJIAO","line_id":"XJ","line_name":"西郊线","color":"#D22630","seq":3,"name":"茶棚","name_zh":"茶棚","name_en":"Cha Peng","amap_station_id":"110100023060005","operator":"北京公交有轨电车有限公司","coord_system":"GCJ-02"}},{"type":"Feature","geometry":{"type":"Point","coordinates":[116.231977,39.984001]},"properties":{"line_key":"BJ-XIJIAO","line_id":"XJ","line_name":"西郊线","color":"#D22630","seq":4,"name":"万安","name_zh":"万安","name_en":"Wan An","amap_station_id":"110100023060006","operator":"北京公交有轨电车有限公司","coord_system":"GCJ-02"}},{"type":"Feature","geometry":{"type":"Point","coordinates":[116.215722,39.993537]},"properties":{"line_key":"BJ-XIJIAO","line_id":"XJ","line_name":"西郊线","color":"#D22630","seq":5,"name":"国家植物园","name_zh":"国家植物园","name_en":"Guo Jia Zhi Wu Yuan","amap_station_id":"110100023060007","operator":"北京公交有轨电车有限公司","coord_system":"GCJ-02"}},{"type":"Feature","geometry":{"type":"Point","coordinates":[116.204491,39.994056]},"properties":{"line_key":"BJ-XIJIAO","line_id":"XJ","line_name":"西郊线","color":"#D22630","seq":6,"name":"香山","name_zh":"香山","name_en":"Xiang Shan","amap_station_id":"110100023060009","operator":"北京公交有轨电车有限公司","coord_system":"GCJ-02"}},{"type":"Feature","geometry":{"type":"Point","coordinates":[116.615583,40.052657]},"properties":{"line_key":"BJ-AIRPORT","line_id":"CA","line_name":"首都机场线","color":"#A192B2","seq":1,"name":"3号航站楼","name_zh":"3号航站楼","name_en":"3 Hao Hang Zhan Lou","amap_station_id":"110100023096001","operator":"北京京城地铁有限公司","coord_system":"GCJ-02"}},{"type":"Feature","geometry":{"type":"Point","coordinates":[116.592808,40.079311]},"properties":{"line_key":"BJ-AIRPORT","line_id":"CA","line_name":"首都机场线","color":"#A192B2","seq":2,"name":"2号航站楼","name_zh":"2号航站楼","name_en":"2 Hao Hang Zhan Lou","amap_station_id":"110100023096002","operator":"北京京城地铁有限公司","coord_system":"GCJ-02"}},{"type":"Feature","geometry":{"type":"Point","coordinates":[116.456997,39.961508]},"properties":{"line_key":"BJ-AIRPORT","line_id":"CA","line_name":"首都机场线","color":"#A192B2","seq":3,"name":"三元桥","name_zh":"三元桥","name_en":"San Yuan Qiao","amap_station_id":"110100023096003","operator":"北京京城地铁有限公司","coord_system":"GCJ-02"}},{"type":"Feature","geometry":{"type":"Point","coordinates":[116.435842,39.941626]},"properties":{"line_key":"BJ-AIRPORT","line_id":"CA","line_name":"首都机场线","color":"#A192B2","seq":4,"name":"东直门","name_zh":"东直门","name_en":"Dong Zhi Men","amap_station_id":"110100023096004","operator":"北京京城地铁有限公司","coord_system":"GCJ-02"}},{"type":"Feature","geometry":{"type":"Point","coordinates":[116.416884,39.940782]},"properties":{"line_key":"BJ-AIRPORT","line_id":"CA","line_name":"首都机场线","color":"#A192B2","seq":5,"name":"北新桥","name_zh":"北新桥","name_en":"Bei Xin Qiao","amap_station_id":"110100023096005","operator":"北京京城地铁有限公司","coord_system":"GCJ-02"}},{"type":"Feature","geometry":{"type":"Point","coordinates":[116.351387,39.845869]},"properties":{"line_key":"BJ-DZW","line_id":"DAX","line_name":"大兴机场线","color":"#0049A5","seq":1,"name":"草桥","name_zh":"草桥","name_en":"Cao Qiao","amap_station_id":"110100023282033","operator":"北京市轨道交通运营管理有限公司","coord_system":"GCJ-02"}},{"type":"Feature","geometry":{"type":"Point","coordinates":[116.365522,39.735583]},"properties":{"line_key":"BJ-DZW","line_id":"DAX","line_name":"大兴机场线","color":"#0049A5","seq":2,"name":"大兴新城","name_zh":"大兴新城","name_en":"Da Xing Xin Cheng","amap_station_id":"900000076659002","operator":"北京市轨道交通运营管理有限公司","coord_system":"GCJ-02"}},{"type":"Feature","geometry":{"type":"Point","coordinates":[116.416608,39.513289]},"properties":{"line_key":"BJ-DZW","line_id":"DAX","line_name":"大兴机场线","color":"#0049A5","seq":3,"name":"大兴机场","name_zh":"大兴机场","name_en":"Da Xing Ji Chang","amap_station_id":"900000076659001","operator":"北京市轨道交通运营管理有限公司","coord_system":"GCJ-02"}}]}