{"type":"FeatureCollection","metadata":{"name":"Beijing Subway lines and stations","source":"OpenStreetMap via Overpass API","source_url":"https://overpass.openstreetmap.fr/api/interpreter (Overpass API, OSM data)","osm_copyright":"© OpenStreetMap contributors","license":"Open Database License (ODbL) 1.0","coord_system":"WGS84 (EPSG:4326)","line_count":29,"station_complex_count":410,"stop_count":553},"features":[{"type":"Feature","geometry":{"type":"Point","coordinates":[116.171951,39.9248477]},"properties":{"line_key":"1","line_name":"1号线","seq":1,"name":"苹果园","name_en":"Pingguoyuan","osm_station":"way/659238375","match_dist_m":1,"source":"osm_route_stop","coord_system":"WGS84 (EPSG:4326)"}},{"type":"Feature","geometry":{"type":"Point","coordinates":[116.1844475,39.9061423]},"properties":{"line_key":"1","line_name":"1号线","seq":2,"name":"古城","name_en":"Gucheng","osm_station":"node/5448550393","match_dist_m":13,"source":"osm_route_stop","coord_system":"WGS84 (EPSG:4326)"}},{"type":"Feature","geometry":{"type":"Point","coordinates":[116.2296796,39.9061888]},"properties":{"line_key":"1","line_name":"1号线","seq":3,"name":"八宝山","name_en":"Babaoshan","osm_station":"node/6617849507","match_dist_m":4,"source":"osm_route_stop","coord_system":"WGS84 (EPSG:4326)"}},{"type":"Feature","geometry":{"type":"Point","coordinates":[116.2468996,39.9061931]},"properties":{"line_key":"1","line_name":"1号线","seq":4,"name":"玉泉路","name_en":"Yuquanlu","osm_station":"node/6617849508","match_dist_m":4,"source":"osm_route_stop","coord_system":"WGS84 (EPSG:4326)"}},{"type":"Feature","geometry":{"type":"Point","coordinates":[116.2680336,39.9062214]},"properties":{"line_key":"1","line_name":"1号线","seq":5,"name":"五棵松","name_en":"Wukesong","osm_station":"node/6617849505","match_dist_m":5,"source":"osm_route_stop","coord_system":"WGS84 (EPSG:4326)"}},{"type":"Feature","geometry":{"type":"Point","coordinates":[116.2887714,39.9062159]},"properties":{"line_key":"1","line_name":"1号线","seq":6,"name":"万寿路","name_en":"Wanshoulu","osm_station":"node/6617849504","match_dist_m":5,"source":"osm_route_stop","coord_system":"WGS84 (EPSG:4326)"}},{"type":"Feature","geometry":{"type":"Point","coordinates":[116.3041253,39.9061762]},"properties":{"line_key":"1","line_name":"1号线","seq":7,"name":"公主坟","name_en":"Gongzhufen","osm_station":"node/5430421400","match_dist_m":5,"source":"osm_route_stop","coord_system":"WGS84 (EPSG:4326)"}},{"type":"Feature","geometry":{"type":"Point","coordinates":[116.3178241,39.9061218]},"properties":{"line_key":"1","line_name":"1号线","seq":8,"name":"军事博物馆","name_en":"Military Museum","osm_station":"node/5430417411","match_dist_m":8,"source":"osm_route_stop","coord_system":"WGS84 (EPSG:4326)"}},{"type":"Feature","geometry":{"type":"Point","coordinates":[116.3315051,39.9061161]},"properties":{"line_key":"1","line_name":"1号线","seq":9,"name":"木樨地","name_en":"Muxidi","osm_station":"node/6617849501","match_dist_m":5,"source":"osm_route_stop","coord_system":"WGS84 (EPSG:4326)"}},{"type":"Feature","geometry":{"type":"Point","coordinates":[116.3465697,39.9058662]},"properties":{"line_key":"1","line_name":"1号线","seq":10,"name":"南礼士路","name_en":"Nanlishi Lu","osm_station":"node/6617849502","match_dist_m":5,"source":"osm_route_stop","coord_system":"WGS84 (EPSG:4326)"}},{"type":"Feature","geometry":{"type":"Point","coordinates":[116.3505107,39.905948]},"properties":{"line_key":"1","line_name":"1号线","seq":11,"name":"复兴门","name_en":"Fuxingmen","osm_station":"node/5430395013","match_dist_m":69,"source":"osm_route_stop","coord_system":"WGS84 (EPSG:4326)"}},{"type":"Feature","geometry":{"type":"Point","coordinates":[116.3682035,39.9057386]},"properties":{"line_key":"1","line_name":"1号线","seq":12,"name":"西单","name_en":"Xidan","osm_station":"node/5430540736","match_dist_m":147,"source":"osm_route_stop","coord_system":"WGS84 (EPSG:4326)"}},{"type":"Feature","geometry":{"type":"Point","coordinates":[116.3851622,39.9059702]},"properties":{"line_key":"1","line_name":"1号线","seq":13,"name":"天安门西","name_en":"Tian'anmen West","osm_station":"node/6447754030","match_dist_m":7,"source":"osm_route_stop","coord_system":"WGS84 (EPSG:4326)"}},{"type":"Feature","geometry":{"type":"Point","coordinates":[116.3949169,39.9063337]},"properties":{"line_key":"1","line_name":"1号线","seq":14,"name":"天安门东","name_en":"Tian'anmen East","osm_station":"node/5441520625","match_dist_m":9,"source":"osm_route_stop","coord_system":"WGS84 (EPSG:4326)"}},{"type":"Feature","geometry":{"type":"Point","coordinates":[116.4052789,39.9069496]},"properties":{"line_key":"1","line_name":"1号线","seq":15,"name":"王府井","name_en":"Wangfujing","osm_station":"node/6617849503","match_dist_m":28,"source":"osm_route_stop","coord_system":"WGS84 (EPSG:4326)"}},{"type":"Feature","geometry":{"type":"Point","coordinates":[116.412626,39.9068579]},"properties":{"line_key":"1","line_name":"1号线","seq":16,"name":"东单","name_en":"Dongdan","osm_station":"node/5430429324","match_dist_m":115,"source":"osm_route_stop","coord_system":"WGS84 (EPSG:4326)"}},{"type":"Feature","geometry":{"type":"Point","coordinates":[116.4292321,39.9071594]},"properties":{"line_key":"1","line_name":"1号线","seq":17,"name":"建国门","name_en":"Jianguomen","osm_station":"node/5430497283","match_dist_m":44,"source":"osm_route_stop","coord_system":"WGS84 (EPSG:4326)"}},{"type":"Feature","geometry":{"type":"Point","coordinates":[116.44415,39.9070982]},"properties":{"line_key":"1","line_name":"1号线","seq":18,"name":"永安里","name_en":"Yonganli","osm_station":"node/5442185238","match_dist_m":5,"source":"osm_route_stop","coord_system":"WGS84 (EPSG:4326)"}},{"type":"Feature","geometry":{"type":"Point","coordinates":[116.4556474,39.9070164]},"properties":{"line_key":"1","line_name":"1号线","seq":19,"name":"国贸","name_en":"Guomao","osm_station":"node/5430522453","match_dist_m":201,"source":"osm_route_stop","coord_system":"WGS84 (EPSG:4326)"}},{"type":"Feature","geometry":{"type":"Point","coordinates":[116.4712272,39.9069399]},"properties":{"line_key":"1","line_name":"1号线","seq":20,"name":"大望路","name_en":"Dawanglu","osm_station":"node/3369001431","match_dist_m":148,"source":"osm_route_stop","coord_system":"WGS84 (EPSG:4326)"}},{"type":"Feature","geometry":{"type":"Point","coordinates":[116.4893819,39.9075722]},"properties":{"line_key":"1","line_name":"1号线","seq":21,"name":"四惠","name_en":"Sihui","osm_station":"node/5430493577","match_dist_m":15,"source":"osm_route_stop","coord_system":"WGS84 (EPSG:4326)"}},{"type":"Feature","geometry":{"type":"Point","coordinates":[116.5094811,39.9073037]},"properties":{"line_key":"1","line_name":"1号线","seq":22,"name":"四惠东","name_en":"Sihui East","osm_station":"node/5430491074","match_dist_m":7,"source":"osm_route_stop","coord_system":"WGS84 (EPSG:4326)"}},{"type":"Feature","geometry":{"type":"Point","coordinates":[116.5255476,39.9082528]},"properties":{"line_key":"1","line_name":"1号线","seq":23,"name":"高碑店","name_en":"Gaobeidian","osm_station":"node/8978629464","match_dist_m":2,"source":"osm_route_stop","coord_system":"WGS84 (EPSG:4326)"}},{"type":"Feature","geometry":{"type":"Point","coordinates":[116.5488365,39.9080422]},"properties":{"line_key":"1","line_name":"1号线","seq":24,"name":"传媒大学","name_en":"Communication University of China","osm_station":"node/5444680534","match_dist_m":3,"source":"osm_route_stop","coord_system":"WGS84 (EPSG:4326)"}},{"type":"Feature","geometry":{"type":"Point","coordinates":[116.5709843,39.9090728]},"properties":{"line_key":"1","line_name":"1号线","seq":25,"name":"双桥","name_en":"Shuangqiao","osm_station":"node/5444677242","match_dist_m":2,"source":"osm_route_stop","coord_system":"WGS84 (EPSG:4326)"}},{"type":"Feature","geometry":{"type":"Point","coordinates":[116.5931678,39.9080845]},"properties":{"line_key":"1","line_name":"1号线","seq":26,"name":"管庄","name_en":"Guaanzhuang","osm_station":"node/5441536712","match_dist_m":3,"source":"osm_route_stop","coord_system":"WGS84 (EPSG:4326)"}},{"type":"Feature","geometry":{"type":"Point","coordinates":[116.6127053,39.9050518]},"properties":{"line_key":"1","line_name":"1号线","seq":27,"name":"八里桥","name_en":"Baliqiao","osm_station":"node/5442190079","match_dist_m":7,"source":"osm_route_stop","coord_system":"WGS84 (EPSG:4326)"}},{"type":"Feature","geometry":{"type":"Point","coordinates":[116.6314069,39.9027423]},"properties":{"line_key":"1","line_name":"1号线","seq":28,"name":"通州北苑","name_en":"Tongzhou Beiyuan","osm_station":"node/5444674048","match_dist_m":4,"source":"osm_route_stop","coord_system":"WGS84 (EPSG:4326)"}},{"type":"Feature","geometry":{"type":"Point","coordinates":[116.6407547,39.8922857]},"properties":{"line_key":"1","line_name":"1号线","seq":29,"name":"果园","name_en":"Guoyuan","osm_station":"node/8073325262","match_dist_m":2,"source":"osm_route_stop","coord_system":"WGS84 (EPSG:4326)"}},{"type":"Feature","geometry":{"type":"Point","coordinates":[116.651623,39.889165]},"properties":{"line_key":"1","line_name":"1号线","seq":30,"name":"九棵树","name_en":"Jiukeshu","osm_station":"node/8073325261","match_dist_m":2,"source":"osm_route_stop","coord_system":"WGS84 (EPSG:4326)"}},{"type":"Feature","geometry":{"type":"Point","coordinates":[116.662731,39.8825292]},"properties":{"line_key":"1","line_name":"1号线","seq":31,"name":"梨园","name_en":"Liyuan","osm_station":"way/115505288","match_dist_m":4,"source":"osm_route_stop","coord_system":"WGS84 (EPSG:4326)"}},{"type":"Feature","geometry":{"type":"Point","coordinates":[116.6728594,39.8742944]},"properties":{"line_key":"1","line_name":"1号线","seq":32,"name":"临河里","name_en":"Linheli","osm_station":"node/8073325260","match_dist_m":2,"source":"osm_route_stop","coord_system":"WGS84 (EPSG:4326)"}},{"type":"Feature","geometry":{"type":"Point","coordinates":[116.6802742,39.8707455]},"properties":{"line_key":"1","line_name":"1号线","seq":33,"name":"土桥","name_en":"Tuqiao","osm_station":"node/6716238810","match_dist_m":2,"source":"osm_route_stop","coord_system":"WGS84 (EPSG:4326)"}},{"type":"Feature","geometry":{"type":"Point","coordinates":[116.6890142,39.8553801]},"properties":{"line_key":"1","line_name":"1号线","seq":34,"name":"花庄","name_en":"Huazhuang","osm_station":"node/6930098785","match_dist_m":15,"source":"osm_route_stop","coord_system":"WGS84 (EPSG:4326)"}},{"type":"Feature","geometry":{"type":"Point","coordinates":[116.673529,39.8481659]},"properties":{"line_key":"1","line_name":"1号线","seq":35,"name":"环球度假区","name_en":"Universal Resort","osm_station":"node/6930098800","match_dist_m":10,"source":"osm_route_stop","coord_system":"WGS84 (EPSG:4326)"}},{"type":"Feature","geometry":{"type":"Point","coordinates":[116.3493426,39.9311554]},"properties":{"line_key":"2","line_name":"2号线","seq":1,"name":"车公庄","name_en":"Chegongzhuang","osm_station":"node/5430505472","match_dist_m":25,"source":"osm_route_stop","coord_system":"WGS84 (EPSG:4326)"}},{"type":"Feature","geometry":{"type":"Point","coordinates":[116.3500666,39.922313]},"properties":{"line_key":"2","line_name":"2号线","seq":2,"name":"阜成门","name_en":"Fuchengmen","osm_station":"node/6724644887","match_dist_m":8,"source":"osm_route_stop","coord_system":"WGS84 (EPSG:4326)"}},{"type":"Feature","geometry":{"type":"Point","coordinates":[116.3505107,39.905948]},"properties":{"line_key":"2","line_name":"2号线","seq":3,"name":"复兴门","name_en":"Fuxingmen","osm_station":"node/5430395013","match_dist_m":15,"source":"osm_route_stop","coord_system":"WGS84 (EPSG:4326)"}},{"type":"Feature","geometry":{"type":"Point","coordinates":[116.3572147,39.8980394]},"properties":{"line_key":"2","line_name":"2号线","seq":4,"name":"长椿街","name_en":"Changchunjie","osm_station":"node/6724644888","match_dist_m":4,"source":"osm_route_stop","coord_system":"WGS84 (EPSG:4326)"}},{"type":"Feature","geometry":{"type":"Point","coordinates":[116.3680141,39.8983866]},"properties":{"line_key":"2","line_name":"2号线","seq":5,"name":"宣武门","name_en":"Xuanwumen","osm_station":"node/5430419547","match_dist_m":6,"source":"osm_route_stop","coord_system":"WGS84 (EPSG:4326)"}},{"type":"Feature","geometry":{"type":"Point","coordinates":[116.3777751,39.8986925]},"properties":{"line_key":"2","line_name":"2号线","seq":6,"name":"和平门","name_en":"Hepingmen","osm_station":"node/5428312892","match_dist_m":20,"source":"osm_route_stop","coord_system":"WGS84 (EPSG:4326)"}},{"type":"Feature","geometry":{"type":"Point","coordinates":[116.3929416,39.8982814]},"properties":{"line_key":"2","line_name":"2号线","seq":7,"name":"前门","name_en":"Qianmen","osm_station":"node/6724644886","match_dist_m":58,"source":"osm_route_stop","coord_system":"WGS84 (EPSG:4326)"}},{"type":"Feature","geometry":{"type":"Point","coordinates":[116.4119567,39.8997371]},"properties":{"line_key":"2","line_name":"2号线","seq":8,"name":"崇文门","name_en":"Chongwenmen","osm_station":"node/5430420858","match_dist_m":108,"source":"osm_route_stop","coord_system":"WGS84 (EPSG:4326)"}},{"type":"Feature","geometry":{"type":"Point","coordinates":[116.4209544,39.9035987]},"properties":{"line_key":"2","line_name":"2号线","seq":9,"name":"北京站","name_en":"Beijing Railway Station","osm_station":"node/4846712797","match_dist_m":7,"source":"osm_route_stop","coord_system":"WGS84 (EPSG:4326)"}},{"type":"Feature","geometry":{"type":"Point","coordinates":[116.4292321,39.9071594]},"properties":{"line_key":"2","line_name":"2号线","seq":10,"name":"建国门","name_en":"Jianguomen","osm_station":"node/5430497283","match_dist_m":38,"source":"osm_route_stop","coord_system":"WGS84 (EPSG:4326)"}},{"type":"Feature","geometry":{"type":"Point","coordinates":[116.4279504,39.9230647]},"properties":{"line_key":"2","line_name":"2号线","seq":11,"name":"朝阳门","name_en":"Chaoyangmen","osm_station":"node/5430525703","match_dist_m":46,"source":"osm_route_stop","coord_system":"WGS84 (EPSG:4326)"}},{"type":"Feature","geometry":{"type":"Point","coordinates":[116.4280068,39.932287]},"properties":{"line_key":"2","line_name":"2号线","seq":12,"name":"东四十条","name_en":"Dongsi Shitiao","osm_station":"node/6497754454","match_dist_m":8,"source":"osm_route_stop","coord_system":"WGS84 (EPSG:4326)"}},{"type":"Feature","geometry":{"type":"Point","coordinates":[116.4276776,39.9397031]},"properties":{"line_key":"2","line_name":"2号线","seq":13,"name":"东直门","name_en":null,"osm_station":"node/10655378374","match_dist_m":8,"source":"osm_route_stop","coord_system":"WGS84 (EPSG:4326)"}},{"type":"Feature","geometry":{"type":"Point","coordinates":[116.4115432,39.9479275]},"properties":{"line_key":"2","line_name":"2号线","seq":14,"name":"雍和宫","name_en":"Yonghegong Lama Temple","osm_station":"node/5305505988","match_dist_m":7,"source":"osm_route_stop","coord_system":"WGS84 (EPSG:4326)"}},{"type":"Feature","geometry":{"type":"Point","coordinates":[116.4020676,39.9476674]},"properties":{"line_key":"2","line_name":"2号线","seq":15,"name":"安定门","name_en":"Andingmen","osm_station":"node/6724644889","match_dist_m":7,"source":"osm_route_stop","coord_system":"WGS84 (EPSG:4326)"}},{"type":"Feature","geometry":{"type":"Point","coordinates":[116.3879183,39.947544]},"properties":{"line_key":"2","line_name":"2号线","seq":16,"name":"鼓楼大街","name_en":"Gulou Dajie","osm_station":"node/5305505994","match_dist_m":7,"source":"osm_route_stop","coord_system":"WGS84 (EPSG:4326)"}},{"type":"Feature","geometry":{"type":"Point","coordinates":[116.3670609,39.947325]},"properties":{"line_key":"2","line_name":"2号线","seq":17,"name":"积水潭","name_en":"Jishuitan","osm_station":"node/6724002358","match_dist_m":7,"source":"osm_route_stop","coord_system":"WGS84 (EPSG:4326)"}},{"type":"Feature","geometry":{"type":"Point","coordinates":[116.3492348,39.9392172]},"properties":{"line_key":"2","line_name":"2号线","seq":18,"name":"西直门","name_en":"Xizhimen","osm_station":"node/5430462574","match_dist_m":10,"source":"osm_route_stop","coord_system":"WGS84 (EPSG:4326)"}},{"type":"Feature","geometry":{"type":"Point","coordinates":[116.4280068,39.932287]},"properties":{"line_key":"3","line_name":"3号线","seq":1,"name":"东四十条","name_en":"Dongsi Shitiao","osm_station":"node/6497754454","match_dist_m":2,"source":"osm_route_stop","coord_system":"WGS84 (EPSG:4326)"}},{"type":"Feature","geometry":{"type":"Point","coordinates":[116.4442038,39.9323548]},"properties":{"line_key":"3","line_name":"3号线","seq":2,"name":"工人体育场","name_en":"Workers' Stadium","osm_station":"node/11481744716","match_dist_m":56,"source":"osm_route_stop","coord_system":"WGS84 (EPSG:4326)"}},{"type":"Feature","geometry":{"type":"Point","coordinates":[116.4556066,39.9322013]},"properties":{"line_key":"3","line_name":"3号线","seq":3,"name":"团结湖","name_en":"Tuanjiehu","osm_station":"node/5448561568","match_dist_m":29,"source":"osm_route_stop","coord_system":"WGS84 (EPSG:4326)"}},{"type":"Feature","geometry":{"type":"Point","coordinates":[116.4725284,39.9323096]},"properties":{"line_key":"3","line_name":"3号线","seq":4,"name":"朝阳公园","name_en":"Chaoyang Park","osm_station":"node/3363577821","match_dist_m":77,"source":"osm_route_stop","coord_system":"WGS84 (EPSG:4326)"}},{"type":"Feature","geometry":{"type":"Point","coordinates":[116.4934435,39.9341652]},"properties":{"line_key":"3","line_name":"3号线","seq":5,"name":"石佛营","name_en":"Shifoying","osm_station":"node/12430747506","match_dist_m":6,"source":"osm_route_stop","coord_system":"WGS84 (EPSG:4326)"}},{"type":"Feature","geometry":{"type":"Point","coordinates":[116.4998836,39.9429982]},"properties":{"line_key":"3","line_name":"3号线","seq":6,"name":"朝阳站","name_en":"Chaoyang Railway Station","osm_station":"node/12430747507","match_dist_m":4,"source":"osm_route_stop","coord_system":"WGS84 (EPSG:4326)"}},{"type":"Feature","geometry":{"type":"Point","coordinates":[116.5212923,39.9465956]},"properties":{"line_key":"3","line_name":"3号线","seq":7,"name":"姚家园","name_en":"Yaojiayuan","osm_station":"node/12430747508","match_dist_m":8,"source":"osm_route_stop","coord_system":"WGS84 (EPSG:4326)"}},{"type":"Feature","geometry":{"type":"Point","coordinates":[116.5411241,39.9507876]},"properties":{"line_key":"3","line_name":"3号线","seq":8,"name":"东坝南","name_en":"Dongbanan","osm_station":"node/12417931579","match_dist_m":5,"source":"osm_route_stop","coord_system":"WGS84 (EPSG:4326)"}},{"type":"Feature","geometry":{"type":"Point","coordinates":[116.541359,39.964645]},"properties":{"line_key":"3","line_name":"3号线","seq":9,"name":"东坝","name_en":"Dongba","osm_station":"node/12417931584","match_dist_m":7,"source":"osm_route_stop","coord_system":"WGS84 (EPSG:4326)"}},{"type":"Feature","geometry":{"type":"Point","coordinates":[116.5519702,39.9746043]},"properties":{"line_key":"3","line_name":"3号线","seq":10,"name":"东坝北","name_en":"Dongbabei","osm_station":"node/10671369627","match_dist_m":14,"source":"osm_route_stop","coord_system":"WGS84 (EPSG:4326)"}},{"type":"Feature","geometry":{"type":"Point","coordinates":[116.2639202,40.0110618]},"properties":{"line_key":"4","line_name":"4号线","seq":1,"name":"安河桥北","name_en":"Anheqiaobei","osm_station":"node/5441503035","match_dist_m":7,"source":"osm_route_stop","coord_system":"WGS84 (EPSG:4326)"}},{"type":"Feature","geometry":{"type":"Point","coordinates":[116.2713671,40.0011928]},"properties":{"line_key":"4","line_name":"4号线","seq":2,"name":"北宫门站","name_en":"Beigongmen","osm_station":"node/6497814374","match_dist_m":4,"source":"osm_route_stop","coord_system":"WGS84 (EPSG:4326)"}},{"type":"Feature","geometry":{"type":"Point","coordinates":[116.2855319,39.9966984]},"properties":{"line_key":"4","line_name":"4号线","seq":3,"name":"西苑","name_en":"Xiyuan","osm_station":"node/6580603898","match_dist_m":6,"source":"osm_route_stop","coord_system":"WGS84 (EPSG:4326)"}},{"type":"Feature","geometry":{"type":"Point","coordinates":[116.3036739,39.9982949]},"properties":{"line_key":"4","line_name":"4号线","seq":4,"name":"圆明园","name_en":"Yuanmingyuan Park","osm_station":"node/7861046849","match_dist_m":6,"source":"osm_route_stop","coord_system":"WGS84 (EPSG:4326)"}},{"type":"Feature","geometry":{"type":"Point","coordinates":[116.3097264,39.9907813]},"properties":{"line_key":"4","line_name":"4号线","seq":5,"name":"北京大学东门","name_en":"Peking University East Gate","osm_station":"node/7861046850","match_dist_m":12,"source":"osm_route_stop","coord_system":"WGS84 (EPSG:4326)"}},{"type":"Feature","geometry":{"type":"Point","coordinates":[116.3103787,39.9826574]},"properties":{"line_key":"4","line_name":"4号线","seq":6,"name":"中关村","name_en":"Zhongguancun","osm_station":"node/7861046851","match_dist_m":11,"source":"osm_route_stop","coord_system":"WGS84 (EPSG:4326)"}},{"type":"Feature","geometry":{"type":"Point","coordinates":[116.3115201,39.9747132]},"properties":{"line_key":"4","line_name":"4号线","seq":7,"name":"海淀黄庄","name_en":"Haidian Huangzhuang","osm_station":"node/6606270273","match_dist_m":8,"source":"osm_route_stop","coord_system":"WGS84 (EPSG:4326)"}},{"type":"Feature","geometry":{"type":"Point","coordinates":[116.3157286,39.965744]},"properties":{"line_key":"4","line_name":"4号线","seq":8,"name":"人民大学","name_en":"Renmin University","osm_station":"node/7861046852","match_dist_m":9,"source":"osm_route_stop","coord_system":"WGS84 (EPSG:4326)"}},{"type":"Feature","geometry":{"type":"Point","coordinates":[116.3171815,39.9563044]},"properties":{"line_key":"4","line_name":"4号线","seq":9,"name":"魏公村","name_en":"Weigongcun","osm_station":"node/7861046853","match_dist_m":10,"source":"osm_route_stop","coord_system":"WGS84 (EPSG:4326)"}},{"type":"Feature","geometry":{"type":"Point","coordinates":[116.3187284,39.9412214]},"properties":{"line_key":"4","line_name":"4号线","seq":10,"name":"国家图书馆","name_en":"National Library","osm_station":"node/5429413631","match_dist_m":68,"source":"osm_route_stop","coord_system":"WGS84 (EPSG:4326)"}},{"type":"Feature","geometry":{"type":"Point","coordinates":[116.332733,39.9369392]},"properties":{"line_key":"4","line_name":"4号线","seq":11,"name":"动物园","name_en":"Beijing Zoo","osm_station":"node/5429399341","match_dist_m":6,"source":"osm_route_stop","coord_system":"WGS84 (EPSG:4326)"}},{"type":"Feature","geometry":{"type":"Point","coordinates":[116.3492348,39.9392172]},"properties":{"line_key":"4","line_name":"4号线","seq":12,"name":"西直门","name_en":"Xizhimen","osm_station":"node/5430462574","match_dist_m":16,"source":"osm_route_stop","coord_system":"WGS84 (EPSG:4326)"}},{"type":"Feature","geometry":{"type":"Point","coordinates":[116.3612739,39.9394291]},"properties":{"line_key":"4","line_name":"4号线","seq":13,"name":"新街口","name_en":"Xinjiekou","osm_station":"node/5441512445","match_dist_m":8,"source":"osm_route_stop","coord_system":"WGS84 (EPSG:4326)"}},{"type":"Feature","geometry":{"type":"Point","coordinates":[116.3664868,39.9323165]},"properties":{"line_key":"4","line_name":"4号线","seq":14,"name":"平安里","name_en":"Ping'anli","osm_station":"node/5430502371","match_dist_m":8,"source":"osm_route_stop","coord_system":"WGS84 (EPSG:4326)"}},{"type":"Feature","geometry":{"type":"Point","coordinates":[116.3668145,39.9225455]},"properties":{"line_key":"4","line_name":"4号线","seq":15,"name":"西四","name_en":"Xisi","osm_station":"node/7861046854","match_dist_m":8,"source":"osm_route_stop","coord_system":"WGS84 (EPSG:4326)"}},{"type":"Feature","geometry":{"type":"Point","coordinates":[116.3672738,39.9147796]},"properties":{"line_key":"4","line_name":"4号线","seq":16,"name":"灵境胡同","name_en":"Lingjing Hutong","osm_station":"node/5444439979","match_dist_m":21,"source":"osm_route_stop","coord_system":"WGS84 (EPSG:4326)"}},{"type":"Feature","geometry":{"type":"Point","coordinates":[116.3682035,39.9057386]},"properties":{"line_key":"4","line_name":"4号线","seq":17,"name":"西单","name_en":"Xidan","osm_station":"node/5430540736","match_dist_m":46,"source":"osm_route_stop","coord_system":"WGS84 (EPSG:4326)"}},{"type":"Feature","geometry":{"type":"Point","coordinates":[116.3680141,39.8983866]},"properties":{"line_key":"4","line_name":"4号线","seq":18,"name":"宣武门","name_en":"Xuanwumen","osm_station":"node/5430419547","match_dist_m":7,"source":"osm_route_stop","coord_system":"WGS84 (EPSG:4326)"}},{"type":"Feature","geometry":{"type":"Point","coordinates":[116.3682164,39.887991]},"properties":{"line_key":"4","line_name":"4号线","seq":19,"name":"菜市口","name_en":"Caishikou","osm_station":"node/3369459847","match_dist_m":14,"source":"osm_route_stop","coord_system":"WGS84 (EPSG:4326)"}},{"type":"Feature","geometry":{"type":"Point","coordinates":[116.3682029,39.8774369]},"properties":{"line_key":"4","line_name":"4号线","seq":20,"name":"陶然亭","name_en":"Taoranting","osm_station":"node/7861046855","match_dist_m":10,"source":"osm_route_stop","coord_system":"WGS84 (EPSG:4326)"}},{"type":"Feature","geometry":{"type":"Point","coordinates":[116.3727527,39.8635548]},"properties":{"line_key":"4","line_name":"4号线","seq":21,"name":"北京南站","name_en":"Beijing South","osm_station":"node/5158580594","match_dist_m":12,"source":"osm_route_stop","coord_system":"WGS84 (EPSG:4326)"}},{"type":"Feature","geometry":{"type":"Point","coordinates":[116.365207,39.8516352]},"properties":{"line_key":"4","line_name":"4号线","seq":22,"name":"马家堡","name_en":"Majiapu","osm_station":"node/7861046856","match_dist_m":10,"source":"osm_route_stop","coord_system":"WGS84 (EPSG:4326)"}},{"type":"Feature","geometry":{"type":"Point","coordinates":[116.3647807,39.8444824]},"properties":{"line_key":"4","line_name":"4号线","seq":23,"name":"角门西","name_en":"Jiaomen West","osm_station":"node/5430507192","match_dist_m":11,"source":"osm_route_stop","coord_system":"WGS84 (EPSG:4326)"}},{"type":"Feature","geometry":{"type":"Point","coordinates":[116.3646715,39.8352632]},"properties":{"line_key":"4","line_name":"4号线","seq":24,"name":"公益西桥","name_en":"Gongyixiqiao","osm_station":"node/5430444271","match_dist_m":3,"source":"osm_route_stop","coord_system":"WGS84 (EPSG:4326)"}},{"type":"Feature","geometry":{"type":"Point","coordinates":[116.359749,39.8110444]},"properties":{"line_key":"4","line_name":"4号线","seq":25,"name":"新宫","name_en":"Xingong","osm_station":"node/9706596471","match_dist_m":44,"source":"osm_route_stop","coord_system":"WGS84 (EPSG:4326)"}},{"type":"Feature","geometry":{"type":"Point","coordinates":[116.322677,39.7883939]},"properties":{"line_key":"4","line_name":"4号线","seq":26,"name":"西红门","name_en":"Xihongmen","osm_station":"node/7860703071","match_dist_m":2,"source":"osm_route_stop","coord_system":"WGS84 (EPSG:4326)"}},{"type":"Feature","geometry":{"type":"Point","coordinates":[116.3244805,39.7730301]},"properties":{"line_key":"4","line_name":"4号线","seq":27,"name":"高米店北","name_en":"Gaomidian North","osm_station":"node/7860703072","match_dist_m":8,"source":"osm_route_stop","coord_system":"WGS84 (EPSG:4326)"}},{"type":"Feature","geometry":{"type":"Point","coordinates":[116.325694,39.7622885]},"properties":{"line_key":"4","line_name":"4号线","seq":28,"name":"高米店南","name_en":"Gaomidian South","osm_station":"node/5441536634","match_dist_m":10,"source":"osm_route_stop","coord_system":"WGS84 (EPSG:4326)"}},{"type":"Feature","geometry":{"type":"Point","coordinates":[116.3260337,39.7518055]},"properties":{"line_key":"4","line_name":"4号线","seq":29,"name":"枣园","name_en":"Zaoyuan","osm_station":"node/5444440441","match_dist_m":10,"source":"osm_route_stop","coord_system":"WGS84 (EPSG:4326)"}},{"type":"Feature","geometry":{"type":"Point","coordinates":[116.3263162,39.7417561]},"properties":{"line_key":"4","line_name":"4号线","seq":30,"name":"清源路","name_en":"Qingyuanlu","osm_station":"node/7860703073","match_dist_m":5,"source":"osm_route_stop","coord_system":"WGS84 (EPSG:4326)"}},{"type":"Feature","geometry":{"type":"Point","coordinates":[116.3265186,39.730422]},"properties":{"line_key":"4","line_name":"4号线","seq":31,"name":"黄村西大街","name_en":"Huangcun Xidajie","osm_station":"node/7860703074","match_dist_m":3,"source":"osm_route_stop","coord_system":"WGS84 (EPSG:4326)"}},{"type":"Feature","geometry":{"type":"Point","coordinates":[116.3266541,39.7215049]},"properties":{"line_key":"4","line_name":"4号线","seq":32,"name":"黄村火车站","name_en":"Huangcun Railway Station","osm_station":"node/7860703075","match_dist_m":3,"source":"osm_route_stop","coord_system":"WGS84 (EPSG:4326)"}},{"type":"Feature","geometry":{"type":"Point","coordinates":[116.3130186,39.7111046]},"properties":{"line_key":"4","line_name":"4号线","seq":33,"name":"义和庄","name_en":"Yihezhuang","osm_station":"node/7860703076","match_dist_m":4,"source":"osm_route_stop","coord_system":"WGS84 (EPSG:4326)"}},{"type":"Feature","geometry":{"type":"Point","coordinates":[116.3156802,39.6851077]},"properties":{"line_key":"4","line_name":"4号线","seq":34,"name":"生物医药基地","name_en":"Biomedical Base","osm_station":"node/5441516142","match_dist_m":5,"source":"osm_route_stop","coord_system":"WGS84 (EPSG:4326)"}},{"type":"Feature","geometry":{"type":"Point","coordinates":[116.3139055,39.6689886]},"properties":{"line_key":"4","line_name":"4号线","seq":35,"name":"天宫院","name_en":"Tiangongyuan","osm_station":"node/5428310397","match_dist_m":3,"source":"osm_route_stop","coord_system":"WGS84 (EPSG:4326)"}},{"type":"Feature","geometry":{"type":"Point","coordinates":[116.4067673,40.0820885]},"properties":{"line_key":"5","line_name":"5号线","seq":1,"name":"天通苑北","name_en":"Tiantongyuan North","osm_station":"node/5687495579","match_dist_m":2,"source":"osm_route_stop","coord_system":"WGS84 (EPSG:4326)"}},{"type":"Feature","geometry":{"type":"Point","coordinates":[116.4066402,40.0737747]},"properties":{"line_key":"5","line_name":"5号线","seq":2,"name":"天通苑","name_en":"Tiantongyuan","osm_station":"node/5444679354","match_dist_m":2,"source":"osm_route_stop","coord_system":"WGS84 (EPSG:4326)"}},{"type":"Feature","geometry":{"type":"Point","coordinates":[116.4065167,40.0651178]},"properties":{"line_key":"5","line_name":"5号线","seq":3,"name":"天通苑南","name_en":"Tiantongyuan South","osm_station":"way/121231322","match_dist_m":3,"source":"osm_route_stop","coord_system":"WGS84 (EPSG:4326)"}},{"type":"Feature","geometry":{"type":"Point","coordinates":[116.4057013,40.0515049]},"properties":{"line_key":"5","line_name":"5号线","seq":4,"name":"立水桥","name_en":"Lishuiqiao","osm_station":"node/12205156087","match_dist_m":41,"source":"osm_route_stop","coord_system":"WGS84 (EPSG:4326)"}},{"type":"Feature","geometry":{"type":"Point","coordinates":[116.4082437,40.0405075]},"properties":{"line_key":"5","line_name":"5号线","seq":5,"name":"立水桥南","name_en":"Lishuiqiao South","osm_station":"node/5442212133","match_dist_m":4,"source":"osm_route_stop","coord_system":"WGS84 (EPSG:4326)"}},{"type":"Feature","geometry":{"type":"Point","coordinates":[116.4119016,40.0290192]},"properties":{"line_key":"5","line_name":"5号线","seq":6,"name":"北苑路北","name_en":"Beiyuanlu North","osm_station":"node/340262247","match_dist_m":2,"source":"osm_route_stop","coord_system":"WGS84 (EPSG:4326)"}},{"type":"Feature","geometry":{"type":"Point","coordinates":[116.4110688,40.0021697]},"properties":{"line_key":"5","line_name":"5号线","seq":7,"name":"大屯路东","name_en":"Datunlu East","osm_station":"node/5447564524","match_dist_m":41,"source":"osm_route_stop","coord_system":"WGS84 (EPSG:4326)"}},{"type":"Feature","geometry":{"type":"Point","coordinates":[116.4109068,39.9861781]},"properties":{"line_key":"5","line_name":"5号线","seq":8,"name":"惠新西街北口","name_en":"Huixinxijie Beikou","osm_station":"node/5305505984","match_dist_m":1,"source":"osm_route_stop","coord_system":"WGS84 (EPSG:4326)"}},{"type":"Feature","geometry":{"type":"Point","coordinates":[116.4113554,39.9759588]},"properties":{"line_key":"5","line_name":"5号线","seq":9,"name":"惠新西街南口","name_en":"Huixinxijie Nankou","osm_station":"node/5305505985","match_dist_m":7,"source":"osm_route_stop","coord_system":"WGS84 (EPSG:4326)"}},{"type":"Feature","geometry":{"type":"Point","coordinates":[116.4117932,39.9672289]},"properties":{"line_key":"5","line_name":"5号线","seq":10,"name":"和平西桥","name_en":"Heping Xiqiao","osm_station":"node/5305505986","match_dist_m":61,"source":"osm_route_stop","coord_system":"WGS84 (EPSG:4326)"}},{"type":"Feature","geometry":{"type":"Point","coordinates":[116.4122352,39.9573887]},"properties":{"line_key":"5","line_name":"5号线","seq":11,"name":"和平里北街","name_en":"Hepingli Beijie","osm_station":"node/7896842489","match_dist_m":7,"source":"osm_route_stop","coord_system":"WGS84 (EPSG:4326)"}},{"type":"Feature","geometry":{"type":"Point","coordinates":[116.4101645,39.9469713]},"properties":{"line_key":"5","line_name":"5号线","seq":12,"name":"雍和宫","name_en":"Yonghegong Lama Temple","osm_station":"node/5305505987","match_dist_m":8,"source":"osm_route_stop","coord_system":"WGS84 (EPSG:4326)"}},{"type":"Feature","geometry":{"type":"Point","coordinates":[116.4108894,39.9393851]},"properties":{"line_key":"5","line_name":"5号线","seq":13,"name":"北新桥","name_en":"Beixinqiao","osm_station":"node/5429400342","match_dist_m":8,"source":"osm_route_stop","coord_system":"WGS84 (EPSG:4326)"}},{"type":"Feature","geometry":{"type":"Point","coordinates":[116.4112952,39.9322844]},"properties":{"line_key":"5","line_name":"5号线","seq":14,"name":"张自忠路","name_en":"Zhangzizhong Lu","osm_station":"node/5444681481","match_dist_m":7,"source":"osm_route_stop","coord_system":"WGS84 (EPSG:4326)"}},{"type":"Feature","geometry":{"type":"Point","coordinates":[116.4116552,39.9231195]},"properties":{"line_key":"5","line_name":"5号线","seq":15,"name":"东四","name_en":"Dongsi","osm_station":"way/121375734","match_dist_m":9,"source":"osm_route_stop","coord_system":"WGS84 (EPSG:4326)"}},{"type":"Feature","geometry":{"type":"Point","coordinates":[116.4118355,39.9154103]},"properties":{"line_key":"5","line_name":"5号线","seq":16,"name":"灯市口","name_en":"Dengshikou","osm_station":"node/5305505989","match_dist_m":8,"source":"osm_route_stop","coord_system":"WGS84 (EPSG:4326)"}},{"type":"Feature","geometry":{"type":"Point","coordinates":[116.412626,39.9068579]},"properties":{"line_key":"5","line_name":"5号线","seq":17,"name":"东单","name_en":"Dongdan","osm_station":"node/5430429324","match_dist_m":32,"source":"osm_route_stop","coord_system":"WGS84 (EPSG:4326)"}},{"type":"Feature","geometry":{"type":"Point","coordinates":[116.4119567,39.8997371]},"properties":{"line_key":"5","line_name":"5号线","seq":18,"name":"崇文门","name_en":"Chongwenmen","osm_station":"node/5430420858","match_dist_m":38,"source":"osm_route_stop","coord_system":"WGS84 (EPSG:4326)"}},{"type":"Feature","geometry":{"type":"Point","coordinates":[116.4126199,39.8917025]},"properties":{"line_key":"5","line_name":"5号线","seq":19,"name":"磁器口","name_en":"Ciqikou","osm_station":"node/3369459846","match_dist_m":7,"source":"osm_route_stop","coord_system":"WGS84 (EPSG:4326)"}},{"type":"Feature","geometry":{"type":"Point","coordinates":[116.4145694,39.8822567]},"properties":{"line_key":"5","line_name":"5号线","seq":20,"name":"天坛东门","name_en":"East Gate of Temple of Heaven","osm_station":"node/7896842490","match_dist_m":8,"source":"osm_route_stop","coord_system":"WGS84 (EPSG:4326)"}},{"type":"Feature","geometry":{"type":"Point","coordinates":[116.4154612,39.8643287]},"properties":{"line_key":"5","line_name":"5号线","seq":21,"name":"蒲黄榆","name_en":"Puhuangyu","osm_station":"node/3367857705","match_dist_m":25,"source":"osm_route_stop","coord_system":"WGS84 (EPSG:4326)"}},{"type":"Feature","geometry":{"type":"Point","coordinates":[116.4156074,39.8560744]},"properties":{"line_key":"5","line_name":"5号线","seq":22,"name":"刘家窑","name_en":"Liujiayao","osm_station":"node/5441507804","match_dist_m":16,"source":"osm_route_stop","coord_system":"WGS84 (EPSG:4326)"}},{"type":"Feature","geometry":{"type":"Point","coordinates":[116.4219287,39.8443821]},"properties":{"line_key":"5","line_name":"5号线","seq":23,"name":"宋家庄","name_en":"Songjiazhuang","osm_station":"node/5441491000","match_dist_m":8,"source":"osm_route_stop","coord_system":"WGS84 (EPSG:4326)"}},{"type":"Feature","geometry":{"type":"Point","coordinates":[116.156827,39.9219237]},"properties":{"line_key":"6","line_name":"6号线","seq":1,"name":"金安桥","name_en":"Jin'anqiao","osm_station":"node/6172173583","match_dist_m":16,"source":"osm_route_stop","coord_system":"WGS84 (EPSG:4326)"}},{"type":"Feature","geometry":{"type":"Point","coordinates":[116.1713056,39.9243597]},"properties":{"line_key":"6","line_name":"6号线","seq":2,"name":"苹果园","name_en":"Pingguoyuan","osm_station":"node/9380332412","match_dist_m":5,"source":"osm_route_stop","coord_system":"WGS84 (EPSG:4326)"}},{"type":"Feature","geometry":{"type":"Point","coordinates":[116.1795516,39.9264588]},"properties":{"line_key":"6","line_name":"6号线","seq":3,"name":"杨庄","name_en":"Yang Zhuang","osm_station":"node/6172173584","match_dist_m":5,"source":"osm_route_stop","coord_system":"WGS84 (EPSG:4326)"}},{"type":"Feature","geometry":{"type":"Point","coordinates":[116.2005982,39.9324935]},"properties":{"line_key":"6","line_name":"6号线","seq":4,"name":"西黄村","name_en":"Xihuang Cun","osm_station":"node/6172173685","match_dist_m":9,"source":"osm_route_stop","coord_system":"WGS84 (EPSG:4326)"}},{"type":"Feature","geometry":{"type":"Point","coordinates":[116.2208854,39.9314101]},"properties":{"line_key":"6","line_name":"6号线","seq":5,"name":"廖公庄","name_en":"Liaogong Zhuang","osm_station":"node/6172173686","match_dist_m":5,"source":"osm_route_stop","coord_system":"WGS84 (EPSG:4326)"}},{"type":"Feature","geometry":{"type":"Point","coordinates":[116.2468822,39.9283896]},"properties":{"line_key":"6","line_name":"6号线","seq":6,"name":"田村","name_en":"Tian Cun","osm_station":"node/6172173687","match_dist_m":5,"source":"osm_route_stop","coord_system":"WGS84 (EPSG:4326)"}},{"type":"Feature","geometry":{"type":"Point","coordinates":[116.2711489,39.9313956]},"properties":{"line_key":"6","line_name":"6号线","seq":7,"name":"海淀五路居","name_en":"Haidian Wuluju","osm_station":"way/169079144","match_dist_m":23,"source":"osm_route_stop","coord_system":"WGS84 (EPSG:4326)"}},{"type":"Feature","geometry":{"type":"Point","coordinates":[116.2888626,39.9315586]},"properties":{"line_key":"6","line_name":"6号线","seq":8,"name":"慈寿寺","name_en":"Cishousi","osm_station":"node/5430509863","match_dist_m":24,"source":"osm_route_stop","coord_system":"WGS84 (EPSG:4326)"}},{"type":"Feature","geometry":{"type":"Point","coordinates":[116.3039811,39.9312135]},"properties":{"line_key":"6","line_name":"6号线","seq":9,"name":"花园桥","name_en":"Huayuanqiao","osm_station":"node/5441522470","match_dist_m":19,"source":"osm_route_stop","coord_system":"WGS84 (EPSG:4326)"}},{"type":"Feature","geometry":{"type":"Point","coordinates":[116.318448,39.9312548]},"properties":{"line_key":"6","line_name":"6号线","seq":10,"name":"白石桥南","name_en":"Baishi Bridge South","osm_station":"node/5448589968","match_dist_m":14,"source":"osm_route_stop","coord_system":"WGS84 (EPSG:4326)"}},{"type":"Feature","geometry":{"type":"Point","coordinates":[116.3275776,39.9310721]},"properties":{"line_key":"6","line_name":"6号线","seq":11,"name":"二里沟","name_en":"Erligou","osm_station":"node/9380308680","match_dist_m":23,"source":"osm_route_stop","coord_system":"WGS84 (EPSG:4326)"}},{"type":"Feature","geometry":{"type":"Point","coordinates":[116.3379903,39.931061]},"properties":{"line_key":"6","line_name":"6号线","seq":12,"name":"车公庄西","name_en":"Chegongzhuang West","osm_station":"node/7896877678","match_dist_m":4,"source":"osm_route_stop","coord_system":"WGS84 (EPSG:4326)"}},{"type":"Feature","geometry":{"type":"Point","coordinates":[116.3493426,39.9311554]},"properties":{"line_key":"6","line_name":"6号线","seq":13,"name":"车公庄","name_en":"Chegongzhuang","osm_station":"node/5430505472","match_dist_m":65,"source":"osm_route_stop","coord_system":"WGS84 (EPSG:4326)"}},{"type":"Feature","geometry":{"type":"Point","coordinates":[116.3651624,39.9313232]},"properties":{"line_key":"6","line_name":"6号线","seq":14,"name":"平安里","name_en":"Ping'anli","osm_station":"node/9385088769","match_dist_m":4,"source":"osm_route_stop","coord_system":"WGS84 (EPSG:4326)"}},{"type":"Feature","geometry":{"type":"Point","coordinates":[116.3800445,39.9317985]},"properties":{"line_key":"6","line_name":"6号线","seq":15,"name":"北海北","name_en":"Beihai North","osm_station":"node/5441526453","match_dist_m":15,"source":"osm_route_stop","coord_system":"WGS84 (EPSG:4326)"}},{"type":"Feature","geometry":{"type":"Point","coordinates":[116.3966927,39.9316439]},"properties":{"line_key":"6","line_name":"6号线","seq":16,"name":"南锣鼓巷","name_en":"Nanluogu Xiang","osm_station":"node/6497767616","match_dist_m":6,"source":"osm_route_stop","coord_system":"WGS84 (EPSG:4326)"}},{"type":"Feature","geometry":{"type":"Point","coordinates":[116.4102477,39.9229744]},"properties":{"line_key":"6","line_name":"6号线","seq":17,"name":"东四","name_en":"Dongsi","osm_station":"node/5305505990","match_dist_m":7,"source":"osm_route_stop","coord_system":"WGS84 (EPSG:4326)"}},{"type":"Feature","geometry":{"type":"Point","coordinates":[116.4279504,39.9230647]},"properties":{"line_key":"6","line_name":"6号线","seq":18,"name":"朝阳门","name_en":"Chaoyangmen","osm_station":"node/5430525703","match_dist_m":47,"source":"osm_route_stop","coord_system":"WGS84 (EPSG:4326)"}},{"type":"Feature","geometry":{"type":"Point","coordinates":[116.4455603,39.921482]},"properties":{"line_key":"6","line_name":"6号线","seq":19,"name":"东大桥","name_en":"Dongdaqiao","osm_station":"node/7896877680","match_dist_m":6,"source":"osm_route_stop","coord_system":"WGS84 (EPSG:4326)"}},{"type":"Feature","geometry":{"type":"Point","coordinates":[116.4554956,39.9220995]},"properties":{"line_key":"6","line_name":"6号线","seq":20,"name":"呼家楼","name_en":"Hujialou","osm_station":"node/5430443221","match_dist_m":20,"source":"osm_route_stop","coord_system":"WGS84 (EPSG:4326)"}},{"type":"Feature","geometry":{"type":"Point","coordinates":[116.4723407,39.9215918]},"properties":{"line_key":"6","line_name":"6号线","seq":21,"name":"金台路","name_en":"Jintailu","osm_station":"node/6606206479","match_dist_m":15,"source":"osm_route_stop","coord_system":"WGS84 (EPSG:4326)"}},{"type":"Feature","geometry":{"type":"Point","coordinates":[116.4961468,39.9216386]},"properties":{"line_key":"6","line_name":"6号线","seq":22,"name":"十里堡","name_en":"Shilipu","osm_station":"node/14142473063","match_dist_m":49,"source":"osm_route_stop","coord_system":"WGS84 (EPSG:4326)"}},{"type":"Feature","geometry":{"type":"Point","coordinates":[116.5108366,39.9216819]},"properties":{"line_key":"6","line_name":"6号线","seq":23,"name":"青年路","name_en":"Qingnianlu","osm_station":"node/5444431618","match_dist_m":25,"source":"osm_route_stop","coord_system":"WGS84 (EPSG:4326)"}},{"type":"Feature","geometry":{"type":"Point","coordinates":[116.5581345,39.9226731]},"properties":{"line_key":"6","line_name":"6号线","seq":24,"name":"褡裢坡","name_en":"Dalianpo","osm_station":"node/5441499243","match_dist_m":20,"source":"osm_route_stop","coord_system":"WGS84 (EPSG:4326)"}},{"type":"Feature","geometry":{"type":"Point","coordinates":[116.5730712,39.9228365]},"properties":{"line_key":"6","line_name":"6号线","seq":25,"name":"黄渠","name_en":"Huangqu","osm_station":"node/7896877677","match_dist_m":7,"source":"osm_route_stop","coord_system":"WGS84 (EPSG:4326)"}},{"type":"Feature","geometry":{"type":"Point","coordinates":[116.5938946,39.92433]},"properties":{"line_key":"6","line_name":"6号线","seq":26,"name":"常营","name_en":"Changying","osm_station":"way/334620989","match_dist_m":23,"source":"osm_route_stop","coord_system":"WGS84 (EPSG:4326)"}},{"type":"Feature","geometry":{"type":"Point","coordinates":[116.6103044,39.9235091]},"properties":{"line_key":"6","line_name":"6号线","seq":27,"name":"草房","name_en":"Caofang","osm_station":"node/8073325259","match_dist_m":10,"source":"osm_route_stop","coord_system":"WGS84 (EPSG:4326)"}},{"type":"Feature","geometry":{"type":"Point","coordinates":[116.6334973,39.9259297]},"properties":{"line_key":"6","line_name":"6号线","seq":28,"name":"物资学院路","name_en":"Wuzixueyuanlu","osm_station":"node/8073325258","match_dist_m":4,"source":"osm_route_stop","coord_system":"WGS84 (EPSG:4326)"}},{"type":"Feature","geometry":{"type":"Point","coordinates":[116.6555297,39.9174644]},"properties":{"line_key":"6","line_name":"6号线","seq":29,"name":"通州北关","name_en":"Tongzhou Beiguan","osm_station":"node/8073325257","match_dist_m":6,"source":"osm_route_stop","coord_system":"WGS84 (EPSG:4326)"}},{"type":"Feature","geometry":{"type":"Point","coordinates":[116.6669531,39.9099934]},"properties":{"line_key":"6","line_name":"6号线","seq":30,"name":"通运门","name_en":"Tongyun Men","osm_station":"node/13974628840","match_dist_m":8,"source":"osm_route_stop","coord_system":"WGS84 (EPSG:4326)"}},{"type":"Feature","geometry":{"type":"Point","coordinates":[116.6819734,39.9018256]},"properties":{"line_key":"6","line_name":"6号线","seq":31,"name":"北运河西","name_en":"Beiyunhe West","osm_station":"node/5430487507","match_dist_m":20,"source":"osm_route_stop","coord_system":"WGS84 (EPSG:4326)"}},{"type":"Feature","geometry":{"type":"Point","coordinates":[116.7018094,39.9021187]},"properties":{"line_key":"6","line_name":"6号线","seq":32,"name":"北运河东","name_en":"Beiyunhe East","osm_station":"node/6713165204","match_dist_m":10,"source":"osm_route_stop","coord_system":"WGS84 (EPSG:4326)"}},{"type":"Feature","geometry":{"type":"Point","coordinates":[116.7111595,39.9021403]},"properties":{"line_key":"6","line_name":"6号线","seq":33,"name":"郝家府","name_en":"Haojiafu","osm_station":"node/5441488835","match_dist_m":18,"source":"osm_route_stop","coord_system":"WGS84 (EPSG:4326)"}},{"type":"Feature","geometry":{"type":"Point","coordinates":[116.7272447,39.9022116]},"properties":{"line_key":"6","line_name":"6号线","seq":34,"name":"东夏园","name_en":"Dongxiayuan","osm_station":"node/5428312459","match_dist_m":17,"source":"osm_route_stop","coord_system":"WGS84 (EPSG:4326)"}},{"type":"Feature","geometry":{"type":"Point","coordinates":[116.7416309,39.9016234]},"properties":{"line_key":"6","line_name":"6号线","seq":35,"name":"潞城","name_en":"Lucheng","osm_station":"node/5441513452","match_dist_m":24,"source":"osm_route_stop","coord_system":"WGS84 (EPSG:4326)"}},{"type":"Feature","geometry":{"type":"Point","coordinates":[116.7510869,39.8888289]},"properties":{"line_key":"6","line_name":"6号线","seq":36,"name":"潞阳","name_en":"Luyang","osm_station":"node/13367702388","match_dist_m":22,"source":"osm_route_stop","coord_system":"WGS84 (EPSG:4326)"}},{"type":"Feature","geometry":{"type":"Point","coordinates":[116.3151056,39.8935411]},"properties":{"line_key":"7","line_name":"7号线","seq":1,"name":"北京西站","name_en":"Beijing West Railway Station","osm_station":"node/5463450278","match_dist_m":5,"source":"osm_route_stop","coord_system":"WGS84 (EPSG:4326)"}},{"type":"Feature","geometry":{"type":"Point","coordinates":[116.3213598,39.8889326]},"properties":{"line_key":"7","line_name":"7号线","seq":2,"name":"湾子","name_en":"Wanzi","osm_station":"node/6496364884","match_dist_m":3,"source":"osm_route_stop","coord_system":"WGS84 (EPSG:4326)"}},{"type":"Feature","geometry":{"type":"Point","coordinates":[116.3293717,39.888892]},"properties":{"line_key":"7","line_name":"7号线","seq":3,"name":"达官营","name_en":"Daguanying","osm_station":"node/3369459849","match_dist_m":214,"source":"osm_route_stop","coord_system":"WGS84 (EPSG:4326)"}},{"type":"Feature","geometry":{"type":"Point","coordinates":[116.351727,39.8885681]},"properties":{"line_key":"7","line_name":"7号线","seq":4,"name":"广安门内","name_en":"Inner Guang'anmen","osm_station":"node/3369459837","match_dist_m":14,"source":"osm_route_stop","coord_system":"WGS84 (EPSG:4326)"}},{"type":"Feature","geometry":{"type":"Point","coordinates":[116.3682164,39.887991]},"properties":{"line_key":"7","line_name":"7号线","seq":5,"name":"菜市口","name_en":"Caishikou","osm_station":"node/3369459847","match_dist_m":61,"source":"osm_route_stop","coord_system":"WGS84 (EPSG:4326)"}},{"type":"Feature","geometry":{"type":"Point","coordinates":[116.3774806,39.8883975]},"properties":{"line_key":"7","line_name":"7号线","seq":6,"name":"虎坊桥","name_en":"Hufangqiao","osm_station":"node/3369459848","match_dist_m":10,"source":"osm_route_stop","coord_system":"WGS84 (EPSG:4326)"}},{"type":"Feature","geometry":{"type":"Point","coordinates":[116.3921937,39.8893117]},"properties":{"line_key":"7","line_name":"7号线","seq":7,"name":"珠市口","name_en":"Zhushikou","osm_station":"node/6172173698","match_dist_m":112,"source":"osm_route_stop","coord_system":"WGS84 (EPSG:4326)"}},{"type":"Feature","geometry":{"type":"Point","coordinates":[116.4022485,39.8912849]},"properties":{"line_key":"7","line_name":"7号线","seq":8,"name":"桥湾","name_en":"Qiaowan","osm_station":"node/3369459839","match_dist_m":82,"source":"osm_route_stop","coord_system":"WGS84 (EPSG:4326)"}},{"type":"Feature","geometry":{"type":"Point","coordinates":[116.4126199,39.8917025]},"properties":{"line_key":"7","line_name":"7号线","seq":9,"name":"磁器口","name_en":"Ciqikou","osm_station":"node/3369459846","match_dist_m":7,"source":"osm_route_stop","coord_system":"WGS84 (EPSG:4326)"}},{"type":"Feature","geometry":{"type":"Point","coordinates":[116.4277207,39.8922863]},"properties":{"line_key":"7","line_name":"7号线","seq":10,"name":"广渠门内","name_en":"Guangqumen Nei","osm_station":"node/3369459840","match_dist_m":4,"source":"osm_route_stop","coord_system":"WGS84 (EPSG:4326)"}},{"type":"Feature","geometry":{"type":"Point","coordinates":[116.4430351,39.8923066]},"properties":{"line_key":"7","line_name":"7号线","seq":11,"name":"广渠门外","name_en":"Guangqumen Wai","osm_station":"node/3369459838","match_dist_m":9,"source":"osm_route_stop","coord_system":"WGS84 (EPSG:4326)"}},{"type":"Feature","geometry":{"type":"Point","coordinates":[116.4552314,39.8920933]},"properties":{"line_key":"7","line_name":"7号线","seq":12,"name":"双井","name_en":"Shuangjing","osm_station":"node/3369459833","match_dist_m":7,"source":"osm_route_stop","coord_system":"WGS84 (EPSG:4326)"}},{"type":"Feature","geometry":{"type":"Point","coordinates":[116.4716849,39.8921089]},"properties":{"line_key":"7","line_name":"7号线","seq":13,"name":"九龙山","name_en":"Jiulongshan","osm_station":"node/3369001428","match_dist_m":35,"source":"osm_route_stop","coord_system":"WGS84 (EPSG:4326)"}},{"type":"Feature","geometry":{"type":"Point","coordinates":[116.4813499,39.8921857]},"properties":{"line_key":"7","line_name":"7号线","seq":14,"name":"大郊亭","name_en":"Dajiaoting","osm_station":"node/3369459836","match_dist_m":6,"source":"osm_route_stop","coord_system":"WGS84 (EPSG:4326)"}},{"type":"Feature","geometry":{"type":"Point","coordinates":[116.4902447,39.8913756]},"properties":{"line_key":"7","line_name":"7号线","seq":15,"name":"百子湾","name_en":"Baiziwan","osm_station":"node/3369459845","match_dist_m":19,"source":"osm_route_stop","coord_system":"WGS84 (EPSG:4326)"}},{"type":"Feature","geometry":{"type":"Point","coordinates":[116.4975172,39.8840067]},"properties":{"line_key":"7","line_name":"7号线","seq":16,"name":"化工","name_en":"Huagong","osm_station":"node/3369459831","match_dist_m":6,"source":"osm_route_stop","coord_system":"WGS84 (EPSG:4326)"}},{"type":"Feature","geometry":{"type":"Point","coordinates":[116.4954124,39.8733935]},"properties":{"line_key":"7","line_name":"7号线","seq":17,"name":"南楼梓庄","name_en":"Nanlouzizhuang","osm_station":"node/3369459832","match_dist_m":11,"source":"osm_route_stop","coord_system":"WGS84 (EPSG:4326)"}},{"type":"Feature","geometry":{"type":"Point","coordinates":[116.4930838,39.8656674]},"properties":{"line_key":"7","line_name":"7号线","seq":18,"name":"欢乐谷景区","name_en":"Beijing Happy Valley","osm_station":"node/3369459841","match_dist_m":6,"source":"osm_route_stop","coord_system":"WGS84 (EPSG:4326)"}},{"type":"Feature","geometry":{"type":"Point","coordinates":[116.5057156,39.859574]},"properties":{"line_key":"7","line_name":"7号线","seq":19,"name":"垡头","name_en":"Fatou","osm_station":"node/3369459835","match_dist_m":4,"source":"osm_route_stop","coord_system":"WGS84 (EPSG:4326)"}},{"type":"Feature","geometry":{"type":"Point","coordinates":[116.5223453,39.8581385]},"properties":{"line_key":"7","line_name":"7号线","seq":20,"name":"双合","name_en":"Shuanghe","osm_station":"node/3369459834","match_dist_m":9,"source":"osm_route_stop","coord_system":"WGS84 (EPSG:4326)"}},{"type":"Feature","geometry":{"type":"Point","coordinates":[116.531614,39.8542896]},"properties":{"line_key":"7","line_name":"7号线","seq":21,"name":"焦化厂","name_en":"Jiaohuachang","osm_station":"node/3369459843","match_dist_m":8,"source":"osm_route_stop","coord_system":"WGS84 (EPSG:4326)"}},{"type":"Feature","geometry":{"type":"Point","coordinates":[116.5475285,39.8479616]},"properties":{"line_key":"7","line_name":"7号线","seq":22,"name":"黄厂","name_en":"Huangchang","osm_station":"node/6930098566","match_dist_m":7,"source":"osm_route_stop","coord_system":"WGS84 (EPSG:4326)"}},{"type":"Feature","geometry":{"type":"Point","coordinates":[116.5641046,39.8555351]},"properties":{"line_key":"7","line_name":"7号线","seq":23,"name":"郎辛庄","name_en":"Langxinzhuang","osm_station":"node/6930098568","match_dist_m":5,"source":"osm_route_stop","coord_system":"WGS84 (EPSG:4326)"}},{"type":"Feature","geometry":{"type":"Point","coordinates":[116.5927827,39.8577135]},"properties":{"line_key":"7","line_name":"7号线","seq":24,"name":"黑庄户","name_en":"Heizhuanghu","osm_station":"node/6930098569","match_dist_m":7,"source":"osm_route_stop","coord_system":"WGS84 (EPSG:4326)"}},{"type":"Feature","geometry":{"type":"Point","coordinates":[116.6267073,39.8624408]},"properties":{"line_key":"7","line_name":"7号线","seq":25,"name":"万盛西","name_en":"Wansheng West","osm_station":"node/6930098570","match_dist_m":5,"source":"osm_route_stop","coord_system":"WGS84 (EPSG:4326)"}},{"type":"Feature","geometry":{"type":"Point","coordinates":[116.6509054,39.8623382]},"properties":{"line_key":"7","line_name":"7号线","seq":26,"name":"万盛东","name_en":"Wansheng East","osm_station":"way/691433579","match_dist_m":6,"source":"osm_route_stop","coord_system":"WGS84 (EPSG:4326)"}},{"type":"Feature","geometry":{"type":"Point","coordinates":[116.6647146,39.862328]},"properties":{"line_key":"7","line_name":"7号线","seq":27,"name":"群芳","name_en":"Qunfang","osm_station":"way/691433562","match_dist_m":8,"source":"osm_route_stop","coord_system":"WGS84 (EPSG:4326)"}},{"type":"Feature","geometry":{"type":"Point","coordinates":[116.6792803,39.8615829]},"properties":{"line_key":"7","line_name":"7号线","seq":28,"name":"高楼金","name_en":"Gaoloujin","osm_station":"way/691433531","match_dist_m":30,"source":"osm_route_stop","coord_system":"WGS84 (EPSG:4326)"}},{"type":"Feature","geometry":{"type":"Point","coordinates":[116.6890142,39.8553801]},"properties":{"line_key":"7","line_name":"7号线","seq":29,"name":"花庄","name_en":"Huazhuang","osm_station":"node/6930098785","match_dist_m":15,"source":"osm_route_stop","coord_system":"WGS84 (EPSG:4326)"}},{"type":"Feature","geometry":{"type":"Point","coordinates":[116.673529,39.8481659]},"properties":{"line_key":"7","line_name":"7号线","seq":30,"name":"环球度假区","name_en":"Universal Resort","osm_station":"node/6930098800","match_dist_m":10,"source":"osm_route_stop","coord_system":"WGS84 (EPSG:4326)"}},{"type":"Feature","geometry":{"type":"Point","coordinates":[116.3075471,40.1029973]},"properties":{"line_key":"8","line_name":"8号线","seq":1,"name":"朱辛庄","name_en":"Zhuxinzhuang","osm_station":"way/136979357","match_dist_m":2,"source":"osm_route_stop","coord_system":"WGS84 (EPSG:4326)"}},{"type":"Feature","geometry":{"type":"Point","coordinates":[116.3205056,40.0865788]},"properties":{"line_key":"8","line_name":"8号线","seq":2,"name":"育知路","name_en":"Yuzhilu","osm_station":"way/301638280","match_dist_m":10,"source":"osm_route_stop","coord_system":"WGS84 (EPSG:4326)"}},{"type":"Feature","geometry":{"type":"Point","coordinates":[116.3441902,40.0886607]},"properties":{"line_key":"8","line_name":"8号线","seq":3,"name":"平西府","name_en":"Pingxifu","osm_station":"node/5305506007","match_dist_m":7,"source":"osm_route_stop","coord_system":"WGS84 (EPSG:4326)"}},{"type":"Feature","geometry":{"type":"Point","coordinates":[116.3571849,40.0797507]},"properties":{"line_key":"8","line_name":"8号线","seq":4,"name":"回龙观东大街","name_en":"Huilongguan Dongdajie","osm_station":"node/5305506006","match_dist_m":5,"source":"osm_route_stop","coord_system":"WGS84 (EPSG:4326)"}},{"type":"Feature","geometry":{"type":"Point","coordinates":[116.3538978,40.0704794]},"properties":{"line_key":"8","line_name":"8号线","seq":5,"name":"霍营","name_en":"Huoying","osm_station":"node/5305506001","match_dist_m":7,"source":"osm_route_stop","coord_system":"WGS84 (EPSG:4326)"}},{"type":"Feature","geometry":{"type":"Point","coordinates":[116.3410691,40.05829]},"properties":{"line_key":"8","line_name":"8号线","seq":6,"name":"育新","name_en":"Yuxin","osm_station":"way/126857011","match_dist_m":7,"source":"osm_route_stop","coord_system":"WGS84 (EPSG:4326)"}},{"type":"Feature","geometry":{"type":"Point","coordinates":[116.3451639,40.0460679]},"properties":{"line_key":"8","line_name":"8号线","seq":7,"name":"西小口","name_en":"Xixiaokou","osm_station":"node/5305506004","match_dist_m":6,"source":"osm_route_stop","coord_system":"WGS84 (EPSG:4326)"}},{"type":"Feature","geometry":{"type":"Point","coordinates":[116.3483302,40.0366785]},"properties":{"line_key":"8","line_name":"8号线","seq":8,"name":"永泰庄","name_en":"Yongtaizhuang","osm_station":"node/5305506003","match_dist_m":5,"source":"osm_route_stop","coord_system":"WGS84 (EPSG:4326)"}},{"type":"Feature","geometry":{"type":"Point","coordinates":[116.3667905,40.0206001]},"properties":{"line_key":"8","line_name":"8号线","seq":9,"name":"林萃桥","name_en":"Lincuiqiao","osm_station":"node/5305506002","match_dist_m":6,"source":"osm_route_stop","coord_system":"WGS84 (EPSG:4326)"}},{"type":"Feature","geometry":{"type":"Point","coordinates":[116.3864002,40.009195]},"properties":{"line_key":"8","line_name":"8号线","seq":10,"name":"森林公园南门","name_en":"Forest Park South Gate","osm_station":"node/5305505998","match_dist_m":9,"source":"osm_route_stop","coord_system":"WGS84 (EPSG:4326)"}},{"type":"Feature","geometry":{"type":"Point","coordinates":[116.3867559,40.0003857]},"properties":{"line_key":"8","line_name":"8号线","seq":11,"name":"奥林匹克公园","name_en":"Olympic Park","osm_station":"node/3379245688","match_dist_m":118,"source":"osm_route_stop","coord_system":"WGS84 (EPSG:4326)"}},{"type":"Feature","geometry":{"type":"Point","coordinates":[116.387583,39.9841327]},"properties":{"line_key":"8","line_name":"8号线","seq":12,"name":"奥体中心","name_en":"Olympic Sports Center","osm_station":"node/8073325264","match_dist_m":9,"source":"osm_route_stop","coord_system":"WGS84 (EPSG:4326)"}},{"type":"Feature","geometry":{"type":"Point","coordinates":[116.3879263,39.9763987]},"properties":{"line_key":"8","line_name":"8号线","seq":13,"name":"北土城","name_en":"Beitucheng","osm_station":"node/5305505997","match_dist_m":11,"source":"osm_route_stop","coord_system":"WGS84 (EPSG:4326)"}},{"type":"Feature","geometry":{"type":"Point","coordinates":[116.3883984,39.9671117]},"properties":{"line_key":"8","line_name":"8号线","seq":14,"name":"安华桥","name_en":"Anhuaqiao","osm_station":"node/5305505996","match_dist_m":12,"source":"osm_route_stop","coord_system":"WGS84 (EPSG:4326)"}},{"type":"Feature","geometry":{"type":"Point","coordinates":[116.388548,39.9554944]},"properties":{"line_key":"8","line_name":"8号线","seq":15,"name":"安德里北街","name_en":"Andeli Beijie","osm_station":"node/5448593092","match_dist_m":9,"source":"osm_route_stop","coord_system":"WGS84 (EPSG:4326)"}},{"type":"Feature","geometry":{"type":"Point","coordinates":[116.3876367,39.9467307]},"properties":{"line_key":"8","line_name":"8号线","seq":16,"name":"鼓楼大街","name_en":"Gulou Dajie","osm_station":"node/5305505995","match_dist_m":5,"source":"osm_route_stop","coord_system":"WGS84 (EPSG:4326)"}},{"type":"Feature","geometry":{"type":"Point","coordinates":[116.3900647,39.9359528]},"properties":{"line_key":"8","line_name":"8号线","seq":17,"name":"什刹海","name_en":"Shichahai","osm_station":"node/5305505993","match_dist_m":2,"source":"osm_route_stop","coord_system":"WGS84 (EPSG:4326)"}},{"type":"Feature","geometry":{"type":"Point","coordinates":[116.3976888,39.9323094]},"properties":{"line_key":"8","line_name":"8号线","seq":18,"name":"南锣鼓巷","name_en":"Nanluogu Xiang","osm_station":"node/6497773831","match_dist_m":4,"source":"osm_route_stop","coord_system":"WGS84 (EPSG:4326)"}},{"type":"Feature","geometry":{"type":"Point","coordinates":[116.4045447,39.9236287]},"properties":{"line_key":"8","line_name":"8号线","seq":19,"name":"中国美术馆","name_en":"National Art Museum","osm_station":"node/6172173744","match_dist_m":51,"source":"osm_route_stop","coord_system":"WGS84 (EPSG:4326)"}},{"type":"Feature","geometry":{"type":"Point","coordinates":[116.4049246,39.9147047]},"properties":{"line_key":"8","line_name":"8号线","seq":20,"name":"金鱼胡同","name_en":"Jinyu Hutong","osm_station":"node/9379477284","match_dist_m":60,"source":"osm_route_stop","coord_system":"WGS84 (EPSG:4326)"}},{"type":"Feature","geometry":{"type":"Point","coordinates":[116.4052789,39.9069496]},"properties":{"line_key":"8","line_name":"8号线","seq":21,"name":"王府井","name_en":"Wangfujing","osm_station":"node/6617849503","match_dist_m":41,"source":"osm_route_stop","coord_system":"WGS84 (EPSG:4326)"}},{"type":"Feature","geometry":{"type":"Point","coordinates":[116.3929416,39.8982814]},"properties":{"line_key":"8","line_name":"8号线","seq":22,"name":"前门","name_en":"Qianmen","osm_station":"node/6724644886","match_dist_m":102,"source":"osm_route_stop","coord_system":"WGS84 (EPSG:4326)"}},{"type":"Feature","geometry":{"type":"Point","coordinates":[116.3921937,39.8893117]},"properties":{"line_key":"8","line_name":"8号线","seq":23,"name":"珠市口","name_en":"Zhushikou","osm_station":"node/6172173698","match_dist_m":143,"source":"osm_route_stop","coord_system":"WGS84 (EPSG:4326)"}},{"type":"Feature","geometry":{"type":"Point","coordinates":[116.3925037,39.8806517]},"properties":{"line_key":"8","line_name":"8号线","seq":24,"name":"天桥","name_en":"Tian Qiao","osm_station":"node/6488102425","match_dist_m":60,"source":"osm_route_stop","coord_system":"WGS84 (EPSG:4326)"}},{"type":"Feature","geometry":{"type":"Point","coordinates":[116.3930393,39.8647562]},"properties":{"line_key":"8","line_name":"8号线","seq":25,"name":"永定门外","name_en":"Outer Yongdingmen","osm_station":"node/6172173700","match_dist_m":57,"source":"osm_route_stop","coord_system":"WGS84 (EPSG:4326)"}},{"type":"Feature","geometry":{"type":"Point","coordinates":[116.3932245,39.858181]},"properties":{"line_key":"8","line_name":"8号线","seq":26,"name":"木樨园","name_en":"Muxi Yuan","osm_station":"node/6172173701","match_dist_m":60,"source":"osm_route_stop","coord_system":"WGS84 (EPSG:4326)"}},{"type":"Feature","geometry":{"type":"Point","coordinates":[116.3940324,39.8506537]},"properties":{"line_key":"8","line_name":"8号线","seq":27,"name":"海户屯","name_en":"Haihu Tun","osm_station":"node/6172173702","match_dist_m":61,"source":"osm_route_stop","coord_system":"WGS84 (EPSG:4326)"}},{"type":"Feature","geometry":{"type":"Point","coordinates":[116.3944459,39.8429511]},"properties":{"line_key":"8","line_name":"8号线","seq":28,"name":"大红门","name_en":"Dahongmen","osm_station":"node/13288528515","match_dist_m":59,"source":"osm_route_stop","coord_system":"WGS84 (EPSG:4326)"}},{"type":"Feature","geometry":{"type":"Point","coordinates":[116.3948539,39.8355481]},"properties":{"line_key":"8","line_name":"8号线","seq":29,"name":"大红门南","name_en":"Dahongmen Nan (South)","osm_station":"node/6172173703","match_dist_m":60,"source":"osm_route_stop","coord_system":"WGS84 (EPSG:4326)"}},{"type":"Feature","geometry":{"type":"Point","coordinates":[116.3958329,39.8135634]},"properties":{"line_key":"8","line_name":"8号线","seq":30,"name":"和义","name_en":"Heyi","osm_station":"node/6172173704","match_dist_m":62,"source":"osm_route_stop","coord_system":"WGS84 (EPSG:4326)"}},{"type":"Feature","geometry":{"type":"Point","coordinates":[116.4030681,39.8037787]},"properties":{"line_key":"8","line_name":"8号线","seq":31,"name":"东高地","name_en":"Donggao Di","osm_station":"node/6172173705","match_dist_m":62,"source":"osm_route_stop","coord_system":"WGS84 (EPSG:4326)"}},{"type":"Feature","geometry":{"type":"Point","coordinates":[116.4124409,39.797982]},"properties":{"line_key":"8","line_name":"8号线","seq":32,"name":"火箭万源","name_en":"Huojian Wanyuan","osm_station":"node/6172173706","match_dist_m":64,"source":"osm_route_stop","coord_system":"WGS84 (EPSG:4326)"}},{"type":"Feature","geometry":{"type":"Point","coordinates":[116.4174105,39.7837675]},"properties":{"line_key":"8","line_name":"8号线","seq":33,"name":"五福堂","name_en":"Wufu Tang","osm_station":"node/6172173707","match_dist_m":60,"source":"osm_route_stop","coord_system":"WGS84 (EPSG:4326)"}},{"type":"Feature","geometry":{"type":"Point","coordinates":[116.4355574,39.7712874]},"properties":{"line_key":"8","line_name":"8号线","seq":34,"name":"德茂","name_en":"Demao","osm_station":"node/6488102423","match_dist_m":55,"source":"osm_route_stop","coord_system":"WGS84 (EPSG:4326)"}},{"type":"Feature","geometry":{"type":"Point","coordinates":[116.4428611,39.7593188]},"properties":{"line_key":"8","line_name":"8号线","seq":35,"name":"瀛海","name_en":"Yinghai","osm_station":"way/653846449","match_dist_m":57,"source":"osm_route_stop","coord_system":"WGS84 (EPSG:4326)"}},{"type":"Feature","geometry":{"type":"Point","coordinates":[116.3187284,39.9412214]},"properties":{"line_key":"9","line_name":"9号线","seq":1,"name":"国家图书馆","name_en":"National Library","osm_station":"node/5429413631","match_dist_m":72,"source":"osm_route_stop","coord_system":"WGS84 (EPSG:4326)"}},{"type":"Feature","geometry":{"type":"Point","coordinates":[116.3193762,39.9323878]},"properties":{"line_key":"9","line_name":"9号线","seq":2,"name":"白石桥南","name_en":"Baishiqiao South","osm_station":"node/5430545454","match_dist_m":6,"source":"osm_route_stop","coord_system":"WGS84 (EPSG:4326)"}},{"type":"Feature","geometry":{"type":"Point","coordinates":[116.3196813,39.9225738]},"properties":{"line_key":"9","line_name":"9号线","seq":3,"name":"白堆子","name_en":"Baiduizi","osm_station":"node/5448545746","match_dist_m":4,"source":"osm_route_stop","coord_system":"WGS84 (EPSG:4326)"}},{"type":"Feature","geometry":{"type":"Point","coordinates":[116.3152771,39.9061612]},"properties":{"line_key":"9","line_name":"9号线","seq":4,"name":"军事博物馆","name_en":null,"osm_station":"node/12438117726","match_dist_m":11,"source":"osm_route_stop","coord_system":"WGS84 (EPSG:4326)"}},{"type":"Feature","geometry":{"type":"Point","coordinates":[116.3151056,39.8935411]},"properties":{"line_key":"9","line_name":"9号线","seq":5,"name":"北京西站","name_en":"Beijing West Railway Station","osm_station":"node/5463450278","match_dist_m":16,"source":"osm_route_stop","coord_system":"WGS84 (EPSG:4326)"}},{"type":"Feature","geometry":{"type":"Point","coordinates":[116.308808,39.8857143]},"properties":{"line_key":"9","line_name":"9号线","seq":6,"name":"六里桥东","name_en":"Liuliqiao East","osm_station":"node/7860304590","match_dist_m":3,"source":"osm_route_stop","coord_system":"WGS84 (EPSG:4326)"}},{"type":"Feature","geometry":{"type":"Point","coordinates":[116.2968997,39.8786861]},"properties":{"line_key":"9","line_name":"9号线","seq":7,"name":"六里桥","name_en":"Liuliqiao","osm_station":"node/5430454140","match_dist_m":126,"source":"osm_route_stop","coord_system":"WGS84 (EPSG:4326)"}},{"type":"Feature","geometry":{"type":"Point","coordinates":[116.2881665,39.8652402]},"properties":{"line_key":"9","line_name":"9号线","seq":8,"name":"七里庄","name_en":"Qilizhuang","osm_station":"node/3367038996","match_dist_m":88,"source":"osm_route_stop","coord_system":"WGS84 (EPSG:4326)"}},{"type":"Feature","geometry":{"type":"Point","coordinates":[116.2877862,39.8541721]},"properties":{"line_key":"9","line_name":"9号线","seq":9,"name":"丰台东大街","name_en":"Fengtai Dongdajie","osm_station":"node/7860304589","match_dist_m":6,"source":"osm_route_stop","coord_system":"WGS84 (EPSG:4326)"}},{"type":"Feature","geometry":{"type":"Point","coordinates":[116.2906678,39.8395949]},"properties":{"line_key":"9","line_name":"9号线","seq":10,"name":"丰台南路","name_en":"Fengtai Nanlu","osm_station":"node/7780780502","match_dist_m":20,"source":"osm_route_stop","coord_system":"WGS84 (EPSG:4326)"}},{"type":"Feature","geometry":{"type":"Point","coordinates":[116.2914302,39.8308852]},"properties":{"line_key":"9","line_name":"9号线","seq":11,"name":"科怡路","name_en":"Keyilu","osm_station":"node/5442237611","match_dist_m":6,"source":"osm_route_stop","coord_system":"WGS84 (EPSG:4326)"}},{"type":"Feature","geometry":{"type":"Point","coordinates":[116.2912488,39.8239138]},"properties":{"line_key":"9","line_name":"9号线","seq":12,"name":"丰台科技园","name_en":"Fengtai Science Park","osm_station":"node/7860304588","match_dist_m":9,"source":"osm_route_stop","coord_system":"WGS84 (EPSG:4326)"}},{"type":"Feature","geometry":{"type":"Point","coordinates":[116.2960281,39.8133778]},"properties":{"line_key":"9","line_name":"9号线","seq":13,"name":"郭公庄","name_en":"Guogongzhuang","osm_station":"node/5430450045","match_dist_m":3,"source":"osm_route_stop","coord_system":"WGS84 (EPSG:4326)"}},{"type":"Feature","geometry":{"type":"Point","coordinates":[116.2986171,39.8486961]},"properties":{"line_key":"10","line_name":"10号线","seq":1,"name":"丰台站","name_en":null,"osm_station":"way/891180458","match_dist_m":43,"source":"osm_route_stop","coord_system":"WGS84 (EPSG:4326)"}},{"type":"Feature","geometry":{"type":"Point","coordinates":[116.2981946,39.8573762]},"properties":{"line_key":"10","line_name":"10号线","seq":2,"name":"泥洼","name_en":"Niwa","osm_station":"node/5453382713","match_dist_m":21,"source":"osm_route_stop","coord_system":"WGS84 (EPSG:4326)"}},{"type":"Feature","geometry":{"type":"Point","coordinates":[116.2978076,39.8652242]},"properties":{"line_key":"10","line_name":"10号线","seq":3,"name":"西局","name_en":"Xiju","osm_station":"node/3367044891","match_dist_m":104,"source":"osm_route_stop","coord_system":"WGS84 (EPSG:4326)"}},{"type":"Feature","geometry":{"type":"Point","coordinates":[116.2968997,39.8786861]},"properties":{"line_key":"10","line_name":"10号线","seq":4,"name":"六里桥","name_en":"Liuliqiao","osm_station":"node/5430454140","match_dist_m":23,"source":"osm_route_stop","coord_system":"WGS84 (EPSG:4326)"}},{"type":"Feature","geometry":{"type":"Point","coordinates":[116.3043065,39.8961589]},"properties":{"line_key":"10","line_name":"10号线","seq":5,"name":"莲花桥","name_en":"Lianhuaqiao","osm_station":"node/5453394777","match_dist_m":9,"source":"osm_route_stop","coord_system":"WGS84 (EPSG:4326)"}},{"type":"Feature","geometry":{"type":"Point","coordinates":[116.3041253,39.9061762]},"properties":{"line_key":"10","line_name":"10号线","seq":6,"name":"公主坟","name_en":"Gongzhufen","osm_station":"node/5430421400","match_dist_m":72,"source":"osm_route_stop","coord_system":"WGS84 (EPSG:4326)"}},{"type":"Feature","geometry":{"type":"Point","coordinates":[116.2919093,39.9218994]},"properties":{"line_key":"10","line_name":"10号线","seq":7,"name":"西钓鱼台","name_en":"Xidiaoyutai","osm_station":"node/5453388186","match_dist_m":18,"source":"osm_route_stop","coord_system":"WGS84 (EPSG:4326)"}},{"type":"Feature","geometry":{"type":"Point","coordinates":[116.2888626,39.9315586]},"properties":{"line_key":"10","line_name":"10号线","seq":8,"name":"慈寿寺","name_en":"Cishousi","osm_station":"node/5430509863","match_dist_m":82,"source":"osm_route_stop","coord_system":"WGS84 (EPSG:4326)"}},{"type":"Feature","geometry":{"type":"Point","coordinates":[116.2879147,39.9451684]},"properties":{"line_key":"10","line_name":"10号线","seq":9,"name":"车道沟站","name_en":null,"osm_station":"way/121653924","match_dist_m":4,"source":"osm_route_stop","coord_system":"WGS84 (EPSG:4326)"}},{"type":"Feature","geometry":{"type":"Point","coordinates":[116.288062,39.9574109]},"properties":{"line_key":"10","line_name":"10号线","seq":10,"name":"长春桥站","name_en":null,"osm_station":"way/152587337","match_dist_m":4,"source":"osm_route_stop","coord_system":"WGS84 (EPSG:4326)"}},{"type":"Feature","geometry":{"type":"Point","coordinates":[116.2834171,39.9643309]},"properties":{"line_key":"10","line_name":"10号线","seq":11,"name":"火器营","name_en":"Huoqiying","osm_station":"node/5444436956","match_dist_m":8,"source":"osm_route_stop","coord_system":"WGS84 (EPSG:4326)"}},{"type":"Feature","geometry":{"type":"Point","coordinates":[116.2874286,39.9732969]},"properties":{"line_key":"10","line_name":"10号线","seq":12,"name":"巴沟","name_en":"Bagou","osm_station":"node/5430448102","match_dist_m":8,"source":"osm_route_stop","coord_system":"WGS84 (EPSG:4326)"}},{"type":"Feature","geometry":{"type":"Point","coordinates":[116.2999736,39.9743281]},"properties":{"line_key":"10","line_name":"10号线","seq":13,"name":"苏州街","name_en":"Suzhoujie","osm_station":"node/5448587388","match_dist_m":19,"source":"osm_route_stop","coord_system":"WGS84 (EPSG:4326)"}},{"type":"Feature","geometry":{"type":"Point","coordinates":[116.3115201,39.9747132]},"properties":{"line_key":"10","line_name":"10号线","seq":14,"name":"海淀黄庄","name_en":"Haidian Huangzhuang","osm_station":"node/6606270273","match_dist_m":2,"source":"osm_route_stop","coord_system":"WGS84 (EPSG:4326)"}},{"type":"Feature","geometry":{"type":"Point","coordinates":[116.3229284,39.9749496]},"properties":{"line_key":"10","line_name":"10号线","seq":15,"name":"知春里","name_en":"Zhichunli","osm_station":"node/7896877681","match_dist_m":5,"source":"osm_route_stop","coord_system":"WGS84 (EPSG:4326)"}},{"type":"Feature","geometry":{"type":"Point","coordinates":[116.3343902,39.9750927]},"properties":{"line_key":"10","line_name":"10号线","seq":16,"name":"知春路","name_en":"Zhichun Lu","osm_station":"node/5430403863","match_dist_m":119,"source":"osm_route_stop","coord_system":"WGS84 (EPSG:4326)"}},{"type":"Feature","geometry":{"type":"Point","coordinates":[116.3477745,39.9748659]},"properties":{"line_key":"10","line_name":"10号线","seq":17,"name":"西土城","name_en":"Xitucheng","osm_station":"node/5448585739","match_dist_m":7,"source":"osm_route_stop","coord_system":"WGS84 (EPSG:4326)"}},{"type":"Feature","geometry":{"type":"Point","coordinates":[116.3630635,39.9749126]},"properties":{"line_key":"10","line_name":"10号线","seq":18,"name":"牡丹园","name_en":"Mudanyuan","osm_station":"node/5448581898","match_dist_m":8,"source":"osm_route_stop","coord_system":"WGS84 (EPSG:4326)"}},{"type":"Feature","geometry":{"type":"Point","coordinates":[116.3747659,39.9750859]},"properties":{"line_key":"10","line_name":"10号线","seq":19,"name":"健德门","name_en":"Jiandemen","osm_station":"node/5447625351","match_dist_m":16,"source":"osm_route_stop","coord_system":"WGS84 (EPSG:4326)"}},{"type":"Feature","geometry":{"type":"Point","coordinates":[116.3879263,39.9763987]},"properties":{"line_key":"10","line_name":"10号线","seq":20,"name":"北土城","name_en":"Beitucheng","osm_station":"node/5305505997","match_dist_m":87,"source":"osm_route_stop","coord_system":"WGS84 (EPSG:4326)"}},{"type":"Feature","geometry":{"type":"Point","coordinates":[116.3991828,39.9758344]},"properties":{"line_key":"10","line_name":"10号线","seq":21,"name":"安贞门","name_en":"Anzhenmen","osm_station":"node/5448580676","match_dist_m":6,"source":"osm_route_stop","coord_system":"WGS84 (EPSG:4326)"}},{"type":"Feature","geometry":{"type":"Point","coordinates":[116.4113554,39.9759588]},"properties":{"line_key":"10","line_name":"10号线","seq":22,"name":"惠新西街南口","name_en":"Huixinxijie Nankou","osm_station":"node/5305505985","match_dist_m":35,"source":"osm_route_stop","coord_system":"WGS84 (EPSG:4326)"}},{"type":"Feature","geometry":{"type":"Point","coordinates":[116.4297381,39.9759527]},"properties":{"line_key":"10","line_name":"10号线","seq":23,"name":"芍药居","name_en":"Shaoyaoju","osm_station":"node/5430392913","match_dist_m":162,"source":"osm_route_stop","coord_system":"WGS84 (EPSG:4326)"}},{"type":"Feature","geometry":{"type":"Point","coordinates":[116.4411862,39.9712918]},"properties":{"line_key":"10","line_name":"10号线","seq":24,"name":"太阳宫","name_en":"Taiyanggong","osm_station":"node/11496710264","match_dist_m":6,"source":"osm_route_stop","coord_system":"WGS84 (EPSG:4326)"}},{"type":"Feature","geometry":{"type":"Point","coordinates":[116.4514799,39.9597061]},"properties":{"line_key":"10","line_name":"10号线","seq":25,"name":"三元桥","name_en":"Sanyuanqiao","osm_station":"node/5441521553","match_dist_m":23,"source":"osm_route_stop","coord_system":"WGS84 (EPSG:4326)"}},{"type":"Feature","geometry":{"type":"Point","coordinates":[116.4562709,39.9482568]},"properties":{"line_key":"10","line_name":"10号线","seq":26,"name":"亮马桥","name_en":"Liangmaqiao","osm_station":"node/5448569279","match_dist_m":14,"source":"osm_route_stop","coord_system":"WGS84 (EPSG:4326)"}},{"type":"Feature","geometry":{"type":"Point","coordinates":[116.4562886,39.940129]},"properties":{"line_key":"10","line_name":"10号线","seq":27,"name":"农业展览馆","name_en":"Agricultural Exhibition Center","osm_station":"node/5448567458","match_dist_m":17,"source":"osm_route_stop","coord_system":"WGS84 (EPSG:4326)"}},{"type":"Feature","geometry":{"type":"Point","coordinates":[116.4556066,39.9322013]},"properties":{"line_key":"10","line_name":"10号线","seq":28,"name":"团结湖","name_en":"Tuanjiehu","osm_station":"node/5448561568","match_dist_m":24,"source":"osm_route_stop","coord_system":"WGS84 (EPSG:4326)"}},{"type":"Feature","geometry":{"type":"Point","coordinates":[116.4554956,39.9220995]},"properties":{"line_key":"10","line_name":"10号线","seq":29,"name":"呼家楼","name_en":"Hujialou","osm_station":"node/5430443221","match_dist_m":31,"source":"osm_route_stop","coord_system":"WGS84 (EPSG:4326)"}},{"type":"Feature","geometry":{"type":"Point","coordinates":[116.4555255,39.9159595]},"properties":{"line_key":"10","line_name":"10号线","seq":30,"name":"金台夕照","name_en":"Jintaixizhao","osm_station":"node/5687481931","match_dist_m":22,"source":"osm_route_stop","coord_system":"WGS84 (EPSG:4326)"}},{"type":"Feature","geometry":{"type":"Point","coordinates":[116.4556474,39.9070164]},"properties":{"line_key":"10","line_name":"10号线","seq":31,"name":"国贸","name_en":"Guomao","osm_station":"node/5430522453","match_dist_m":106,"source":"osm_route_stop","coord_system":"WGS84 (EPSG:4326)"}},{"type":"Feature","geometry":{"type":"Point","coordinates":[116.4552314,39.8920933]},"properties":{"line_key":"10","line_name":"10号线","seq":32,"name":"双井","name_en":"Shuangjing","osm_station":"node/3369459833","match_dist_m":12,"source":"osm_route_stop","coord_system":"WGS84 (EPSG:4326)"}},{"type":"Feature","geometry":{"type":"Point","coordinates":[116.4551162,39.8830661]},"properties":{"line_key":"10","line_name":"10号线","seq":33,"name":"劲松","name_en":"Jinsong","osm_station":"node/5430390389","match_dist_m":12,"source":"osm_route_stop","coord_system":"WGS84 (EPSG:4326)"}},{"type":"Feature","geometry":{"type":"Point","coordinates":[116.4549705,39.8748619]},"properties":{"line_key":"10","line_name":"10号线","seq":34,"name":"潘家园","name_en":"Panjiayuan","osm_station":"node/5372350032","match_dist_m":8,"source":"osm_route_stop","coord_system":"WGS84 (EPSG:4326)"}},{"type":"Feature","geometry":{"type":"Point","coordinates":[116.4525595,39.8647129]},"properties":{"line_key":"10","line_name":"10号线","seq":35,"name":"十里河","name_en":"Shilihe","osm_station":"node/3367977137","match_dist_m":39,"source":"osm_route_stop","coord_system":"WGS84 (EPSG:4326)"}},{"type":"Feature","geometry":{"type":"Point","coordinates":[116.447588,39.8506149]},"properties":{"line_key":"10","line_name":"10号线","seq":36,"name":"分钟寺","name_en":"Fenzhongsi","osm_station":"node/5372350033","match_dist_m":9,"source":"osm_route_stop","coord_system":"WGS84 (EPSG:4326)"}},{"type":"Feature","geometry":{"type":"Point","coordinates":[116.4418815,39.8445478]},"properties":{"line_key":"10","line_name":"10号线","seq":37,"name":"成寿寺","name_en":"Chengshousi","osm_station":"node/5448554757","match_dist_m":23,"source":"osm_route_stop","coord_system":"WGS84 (EPSG:4326)"}},{"type":"Feature","geometry":{"type":"Point","coordinates":[116.4219287,39.8443821]},"properties":{"line_key":"10","line_name":"10号线","seq":38,"name":"宋家庄","name_en":"Songjiazhuang","osm_station":"node/5441491000","match_dist_m":58,"source":"osm_route_stop","coord_system":"WGS84 (EPSG:4326)"}},{"type":"Feature","geometry":{"type":"Point","coordinates":[116.4074126,39.8444927]},"properties":{"line_key":"10","line_name":"10号线","seq":39,"name":"石榴庄","name_en":"Shiliuzhuang","osm_station":"node/7896877682","match_dist_m":6,"source":"osm_route_stop","coord_system":"WGS84 (EPSG:4326)"}},{"type":"Feature","geometry":{"type":"Point","coordinates":[116.3927722,39.8440139]},"properties":{"line_key":"10","line_name":"10号线","seq":40,"name":"大红门","name_en":"Dahongmen","osm_station":"node/6496364883","match_dist_m":61,"source":"osm_route_stop","coord_system":"WGS84 (EPSG:4326)"}},{"type":"Feature","geometry":{"type":"Point","coordinates":[116.3788076,39.8438402]},"properties":{"line_key":"10","line_name":"10号线","seq":41,"name":"角门东","name_en":"Jiaomen East","osm_station":"node/5430391236","match_dist_m":11,"source":"osm_route_stop","coord_system":"WGS84 (EPSG:4326)"}},{"type":"Feature","geometry":{"type":"Point","coordinates":[116.3650678,39.8444676]},"properties":{"line_key":"10","line_name":"10号线","seq":42,"name":"角门西","name_en":null,"osm_station":"way/152589307","match_dist_m":6,"source":"osm_route_stop","coord_system":"WGS84 (EPSG:4326)"}},{"type":"Feature","geometry":{"type":"Point","coordinates":[116.3454124,39.8445995]},"properties":{"line_key":"10","line_name":"10号线","seq":43,"name":"草桥","name_en":"Caoqiao","osm_station":"node/9122347219","match_dist_m":5,"source":"osm_route_stop","coord_system":"WGS84 (EPSG:4326)"}},{"type":"Feature","geometry":{"type":"Point","coordinates":[116.3273554,39.8431736]},"properties":{"line_key":"10","line_name":"10号线","seq":44,"name":"纪家庙","name_en":"Jijiaomiao","osm_station":"node/7896877679","match_dist_m":5,"source":"osm_route_stop","coord_system":"WGS84 (EPSG:4326)"}},{"type":"Feature","geometry":{"type":"Point","coordinates":[116.3140715,39.8431792]},"properties":{"line_key":"10","line_name":"10号线","seq":45,"name":"首经贸","name_en":"Capital University of Economics & Business","osm_station":"node/7074344502","match_dist_m":9,"source":"osm_route_stop","coord_system":"WGS84 (EPSG:4326)"}},{"type":"Feature","geometry":{"type":"Point","coordinates":[116.1586061,39.9076653]},"properties":{"line_key":"11","line_name":"11号线","seq":1,"name":"新首钢","name_en":"Shougang Park","osm_station":"node/9379477290","match_dist_m":5,"source":"osm_route_stop","coord_system":"WGS84 (EPSG:4326)"}},{"type":"Feature","geometry":{"type":"Point","coordinates":[116.1585873,39.9138827]},"properties":{"line_key":"11","line_name":"11号线","seq":2,"name":"北辛安","name_en":"Beixin'an","osm_station":"node/9379477289","match_dist_m":5,"source":"osm_route_stop","coord_system":"WGS84 (EPSG:4326)"}},{"type":"Feature","geometry":{"type":"Point","coordinates":[116.1552373,39.9209099]},"properties":{"line_key":"11","line_name":"11号线","seq":3,"name":"金安桥","name_en":"Jin'anqiao","osm_station":"node/9379477292","match_dist_m":3,"source":"osm_route_stop","coord_system":"WGS84 (EPSG:4326)"}},{"type":"Feature","geometry":{"type":"Point","coordinates":[116.1498174,39.9323418]},"properties":{"line_key":"11","line_name":"11号线","seq":4,"name":"模式口","name_en":"Moshikou","osm_station":"node/9383939775","match_dist_m":4,"source":"osm_route_stop","coord_system":"WGS84 (EPSG:4326)"}},{"type":"Feature","geometry":{"type":"Point","coordinates":[116.2682827,39.9425119]},"properties":{"line_key":"12","line_name":"12号线","seq":1,"name":"四季青桥","name_en":"Sijiqing Qiao","osm_station":"node/12416948175","match_dist_m":8,"source":"osm_route_stop","coord_system":"WGS84 (EPSG:4326)"}},{"type":"Feature","geometry":{"type":"Point","coordinates":[116.2767052,39.9558597]},"properties":{"line_key":"12","line_name":"12号线","seq":2,"name":"蓝靛厂","name_en":"Landianchang","osm_station":"node/12430714719","match_dist_m":7,"source":"osm_route_stop","coord_system":"WGS84 (EPSG:4326)"}},{"type":"Feature","geometry":{"type":"Point","coordinates":[116.288062,39.9574109]},"properties":{"line_key":"12","line_name":"12号线","seq":3,"name":"长春桥站","name_en":null,"osm_station":"way/152587337","match_dist_m":5,"source":"osm_route_stop","coord_system":"WGS84 (EPSG:4326)"}},{"type":"Feature","geometry":{"type":"Point","coordinates":[116.3015966,39.9607503]},"properties":{"line_key":"12","line_name":"12号线","seq":4,"name":"苏州桥","name_en":"Suzhou Qiao","osm_station":"node/12435287602","match_dist_m":5,"source":"osm_route_stop","coord_system":"WGS84 (EPSG:4326)"}},{"type":"Feature","geometry":{"type":"Point","coordinates":[116.3157286,39.965744]},"properties":{"line_key":"12","line_name":"12号线","seq":5,"name":"人民大学","name_en":"Renmin University","osm_station":"node/7861046852","match_dist_m":15,"source":"osm_route_stop","coord_system":"WGS84 (EPSG:4326)"}},{"type":"Feature","geometry":{"type":"Point","coordinates":[116.3378309,39.9661057]},"properties":{"line_key":"12","line_name":"12号线","seq":6,"name":"大钟寺","name_en":"Dazhongsi","osm_station":"node/12435287603","match_dist_m":9,"source":"osm_route_stop","coord_system":"WGS84 (EPSG:4326)"}},{"type":"Feature","geometry":{"type":"Point","coordinates":[116.3488274,39.9663129]},"properties":{"line_key":"12","line_name":"12号线","seq":7,"name":"蓟门桥","name_en":"Jimenqiao","osm_station":"node/12430713733","match_dist_m":72,"source":"osm_route_stop","coord_system":"WGS84 (EPSG:4326)"}},{"type":"Feature","geometry":{"type":"Point","coordinates":[116.364124,39.9667708]},"properties":{"line_key":"12","line_name":"12号线","seq":8,"name":"北太平庄","name_en":"Beitaipingzhuang","osm_station":"node/9385085646","match_dist_m":28,"source":"osm_route_stop","coord_system":"WGS84 (EPSG:4326)"}},{"type":"Feature","geometry":{"type":"Point","coordinates":[116.3758342,39.9668285]},"properties":{"line_key":"12","line_name":"12号线","seq":9,"name":"马甸桥","name_en":"Madian Qiao","osm_station":"node/12430713734","match_dist_m":6,"source":"osm_route_stop","coord_system":"WGS84 (EPSG:4326)"}},{"type":"Feature","geometry":{"type":"Point","coordinates":[116.3883984,39.9671117]},"properties":{"line_key":"12","line_name":"12号线","seq":10,"name":"安华桥","name_en":"Anhuaqiao","osm_station":"node/5305505996","match_dist_m":1,"source":"osm_route_stop","coord_system":"WGS84 (EPSG:4326)"}},{"type":"Feature","geometry":{"type":"Point","coordinates":[116.4009974,39.9675012]},"properties":{"line_key":"12","line_name":"12号线","seq":11,"name":"安贞桥","name_en":"Anzhen Qiao","osm_station":"node/12430713735","match_dist_m":6,"source":"osm_route_stop","coord_system":"WGS84 (EPSG:4326)"}},{"type":"Feature","geometry":{"type":"Point","coordinates":[116.4118056,39.9677829]},"properties":{"line_key":"12","line_name":"12号线","seq":12,"name":"和平西桥","name_en":"Heping Xiqiao","osm_station":"node/12435251103","match_dist_m":5,"source":"osm_route_stop","coord_system":"WGS84 (EPSG:4326)"}},{"type":"Feature","geometry":{"type":"Point","coordinates":[116.4242608,39.9680699]},"properties":{"line_key":"12","line_name":"12号线","seq":13,"name":"光熙门","name_en":"Guangximen","osm_station":"node/12435251104","match_dist_m":8,"source":"osm_route_stop","coord_system":"WGS84 (EPSG:4326)"}},{"type":"Feature","geometry":{"type":"Point","coordinates":[116.4360547,39.9644089]},"properties":{"line_key":"12","line_name":"12号线","seq":14,"name":"西坝河","name_en":"Xibahe","osm_station":"node/12435251105","match_dist_m":5,"source":"osm_route_stop","coord_system":"WGS84 (EPSG:4326)"}},{"type":"Feature","geometry":{"type":"Point","coordinates":[116.4514799,39.9597061]},"properties":{"line_key":"12","line_name":"12号线","seq":15,"name":"三元桥","name_en":"Sanyuanqiao","osm_station":"node/5441521553","match_dist_m":102,"source":"osm_route_stop","coord_system":"WGS84 (EPSG:4326)"}},{"type":"Feature","geometry":{"type":"Point","coordinates":[116.4739564,39.9713939]},"properties":{"line_key":"12","line_name":"12号线","seq":16,"name":"将台西","name_en":"Jiangtaixi","osm_station":"node/12423657579","match_dist_m":4,"source":"osm_route_stop","coord_system":"WGS84 (EPSG:4326)"}},{"type":"Feature","geometry":{"type":"Point","coordinates":[116.4850346,39.9791304]},"properties":{"line_key":"12","line_name":"12号线","seq":17,"name":"高家园","name_en":"Gaojiayuan","osm_station":"node/12423657578","match_dist_m":6,"source":"osm_route_stop","coord_system":"WGS84 (EPSG:4326)"}},{"type":"Feature","geometry":{"type":"Point","coordinates":[116.4994848,39.9792261]},"properties":{"line_key":"12","line_name":"12号线","seq":18,"name":"驼房营","name_en":"Tuofangying","osm_station":"node/12423657577","match_dist_m":11,"source":"osm_route_stop","coord_system":"WGS84 (EPSG:4326)"}},{"type":"Feature","geometry":{"type":"Point","coordinates":[116.5283562,39.9733361]},"properties":{"line_key":"12","line_name":"12号线","seq":19,"name":"东坝西","name_en":"Dongbaxi","osm_station":"node/12423757161","match_dist_m":4,"source":"osm_route_stop","coord_system":"WGS84 (EPSG:4326)"}},{"type":"Feature","geometry":{"type":"Point","coordinates":[116.5519702,39.9746043]},"properties":{"line_key":"12","line_name":"12号线","seq":20,"name":"东坝北","name_en":"Dongbabei","osm_station":"node/10671369627","match_dist_m":9,"source":"osm_route_stop","coord_system":"WGS84 (EPSG:4326)"}},{"type":"Feature","geometry":{"type":"Point","coordinates":[116.3470061,39.9404983]},"properties":{"line_key":"13","line_name":"13号线","seq":1,"name":"西直门","name_en":"Xizhimen","osm_station":"way/72592765","match_dist_m":22,"source":"osm_route_stop","coord_system":"WGS84 (EPSG:4326)"}},{"type":"Feature","geometry":{"type":"Point","coordinates":[116.3390137,39.9652731]},"properties":{"line_key":"13","line_name":"13号线","seq":2,"name":"大钟寺","name_en":"Dazhongsi","osm_station":"node/6617852356","match_dist_m":1,"source":"osm_route_stop","coord_system":"WGS84 (EPSG:4326)"}},{"type":"Feature","geometry":{"type":"Point","coordinates":[116.3343902,39.9750927]},"properties":{"line_key":"13","line_name":"13号线","seq":3,"name":"知春路","name_en":"Zhichun Lu","osm_station":"node/5430403863","match_dist_m":42,"source":"osm_route_stop","coord_system":"WGS84 (EPSG:4326)"}},{"type":"Feature","geometry":{"type":"Point","coordinates":[116.3317017,39.9914779]},"properties":{"line_key":"13","line_name":"13号线","seq":4,"name":"五道口","name_en":"Wudaokou","osm_station":"node/5442237543","match_dist_m":11,"source":"osm_route_stop","coord_system":"WGS84 (EPSG:4326)"}},{"type":"Feature","geometry":{"type":"Point","coordinates":[116.3140843,40.0317646]},"properties":{"line_key":"13","line_name":"13号线","seq":5,"name":"上地","name_en":"Shangdi","osm_station":"node/6617852359","match_dist_m":2,"source":"osm_route_stop","coord_system":"WGS84 (EPSG:4326)"}},{"type":"Feature","geometry":{"type":"Point","coordinates":[116.3086826,40.0397784]},"properties":{"line_key":"13","line_name":"13号线","seq":6,"name":"清河站","name_en":"Qinghe Railway Station","osm_station":"node/7116372189","match_dist_m":6,"source":"osm_route_stop","coord_system":"WGS84 (EPSG:4326)"}},{"type":"Feature","geometry":{"type":"Point","coordinates":[116.3001813,40.0517165]},"properties":{"line_key":"13","line_name":"13号线","seq":7,"name":"西二旗","name_en":"Xi'erqi","osm_station":"node/5430533767","match_dist_m":10,"source":"osm_route_stop","coord_system":"WGS84 (EPSG:4326)"}},{"type":"Feature","geometry":{"type":"Point","coordinates":[116.3132033,40.0695732]},"properties":{"line_key":"13","line_name":"13号线","seq":8,"name":"龙泽","name_en":"Longze","osm_station":"node/6617852360","match_dist_m":3,"source":"osm_route_stop","coord_system":"WGS84 (EPSG:4326)"}},{"type":"Feature","geometry":{"type":"Point","coordinates":[116.329755,40.069525]},"properties":{"line_key":"13","line_name":"13号线","seq":9,"name":"回龙观","name_en":"Huilongguan","osm_station":"node/5441470420","match_dist_m":24,"source":"osm_route_stop","coord_system":"WGS84 (EPSG:4326)"}},{"type":"Feature","geometry":{"type":"Point","coordinates":[116.3544475,40.0693567]},"properties":{"line_key":"13","line_name":"13号线","seq":10,"name":"霍营","name_en":"Huoying","osm_station":"node/5430532540","match_dist_m":27,"source":"osm_route_stop","coord_system":"WGS84 (EPSG:4326)"}},{"type":"Feature","geometry":{"type":"Point","coordinates":[116.4057013,40.0515049]},"properties":{"line_key":"13","line_name":"13号线","seq":11,"name":"立水桥","name_en":"Lishuiqiao","osm_station":"node/12205156087","match_dist_m":58,"source":"osm_route_stop","coord_system":"WGS84 (EPSG:4326)"}},{"type":"Feature","geometry":{"type":"Point","coordinates":[116.428187,40.0416631]},"properties":{"line_key":"13","line_name":"13号线","seq":12,"name":"北苑","name_en":"Beiyuan","osm_station":"node/5441502966","match_dist_m":10,"source":"osm_route_stop","coord_system":"WGS84 (EPSG:4326)"}},{"type":"Feature","geometry":{"type":"Point","coordinates":[116.4417045,39.9941582]},"properties":{"line_key":"13","line_name":"13号线","seq":13,"name":"望京西","name_en":"Wangjing West","osm_station":"node/5428305222","match_dist_m":80,"source":"osm_route_stop","coord_system":"WGS84 (EPSG:4326)"}},{"type":"Feature","geometry":{"type":"Point","coordinates":[116.4297381,39.9759527]},"properties":{"line_key":"13","line_name":"13号线","seq":14,"name":"芍药居","name_en":"Shaoyaoju","osm_station":"node/5430392913","match_dist_m":35,"source":"osm_route_stop","coord_system":"WGS84 (EPSG:4326)"}},{"type":"Feature","geometry":{"type":"Point","coordinates":[116.425641,39.9669843]},"properties":{"line_key":"13","line_name":"13号线","seq":15,"name":"光熙门","name_en":"Guangximen","osm_station":"node/6617852357","match_dist_m":3,"source":"osm_route_stop","coord_system":"WGS84 (EPSG:4326)"}},{"type":"Feature","geometry":{"type":"Point","coordinates":[116.4266211,39.9568025]},"properties":{"line_key":"13","line_name":"13号线","seq":16,"name":"柳芳","name_en":"Liufang","osm_station":"node/6617852358","match_dist_m":2,"source":"osm_route_stop","coord_system":"WGS84 (EPSG:4326)"}},{"type":"Feature","geometry":{"type":"Point","coordinates":[116.4285738,39.941652]},"properties":{"line_key":"13","line_name":"13号线","seq":17,"name":"东直门","name_en":"Dongzhimen","osm_station":"node/10655378373","match_dist_m":3,"source":"osm_route_stop","coord_system":"WGS84 (EPSG:4326)"}},{"type":"Feature","geometry":{"type":"Point","coordinates":[116.4725535,40.0263879]},"properties":{"line_key":"14","line_name":"14号线","seq":1,"name":"善各庄","name_en":"Shan'gezhuang","osm_station":"node/5448590861","match_dist_m":15,"source":"osm_route_stop","coord_system":"WGS84 (EPSG:4326)"}},{"type":"Feature","geometry":{"type":"Point","coordinates":[116.4607871,40.0191988]},"properties":{"line_key":"14","line_name":"14号线","seq":2,"name":"来广营","name_en":"Laiguangying","osm_station":"node/3369356933","match_dist_m":8,"source":"osm_route_stop","coord_system":"WGS84 (EPSG:4326)"}},{"type":"Feature","geometry":{"type":"Point","coordinates":[116.4611561,40.0091272]},"properties":{"line_key":"14","line_name":"14号线","seq":3,"name":"东湖渠","name_en":"Donghuqu","osm_station":"node/3369356928","match_dist_m":6,"source":"osm_route_stop","coord_system":"WGS84 (EPSG:4326)"}},{"type":"Feature","geometry":{"type":"Point","coordinates":[116.4624279,39.9965663]},"properties":{"line_key":"14","line_name":"14号线","seq":4,"name":"望京","name_en":"Wangjing","osm_station":"node/3369356931","match_dist_m":135,"source":"osm_route_stop","coord_system":"WGS84 (EPSG:4326)"}},{"type":"Feature","geometry":{"type":"Point","coordinates":[116.4650632,39.9906798]},"properties":{"line_key":"14","line_name":"14号线","seq":5,"name":"阜通","name_en":"Futong","osm_station":"node/3369356934","match_dist_m":64,"source":"osm_route_stop","coord_system":"WGS84 (EPSG:4326)"}},{"type":"Feature","geometry":{"type":"Point","coordinates":[116.4754306,39.9831531]},"properties":{"line_key":"14","line_name":"14号线","seq":6,"name":"望京南","name_en":"Wangjing South","osm_station":"way/330398340","match_dist_m":49,"source":"osm_route_stop","coord_system":"WGS84 (EPSG:4326)"}},{"type":"Feature","geometry":{"type":"Point","coordinates":[116.4840447,39.9694941]},"properties":{"line_key":"14","line_name":"14号线","seq":7,"name":"将台","name_en":"Jiangtai","osm_station":"node/3369356930","match_dist_m":4,"source":"osm_route_stop","coord_system":"WGS84 (EPSG:4326)"}},{"type":"Feature","geometry":{"type":"Point","coordinates":[116.4789687,39.9583029]},"properties":{"line_key":"14","line_name":"14号线","seq":8,"name":"东风北桥","name_en":"Dongfeng Beiqiao","osm_station":"node/3369001427","match_dist_m":4,"source":"osm_route_stop","coord_system":"WGS84 (EPSG:4326)"}},{"type":"Feature","geometry":{"type":"Point","coordinates":[116.4690136,39.942932]},"properties":{"line_key":"14","line_name":"14号线","seq":9,"name":"枣营","name_en":"Zaoying","osm_station":"node/3363538820","match_dist_m":6,"source":"osm_route_stop","coord_system":"WGS84 (EPSG:4326)"}},{"type":"Feature","geometry":{"type":"Point","coordinates":[116.4725284,39.9323096]},"properties":{"line_key":"14","line_name":"14号线","seq":10,"name":"朝阳公园","name_en":"Chaoyang Park","osm_station":"node/3363577821","match_dist_m":42,"source":"osm_route_stop","coord_system":"WGS84 (EPSG:4326)"}},{"type":"Feature","geometry":{"type":"Point","coordinates":[116.4723407,39.9215918]},"properties":{"line_key":"14","line_name":"14号线","seq":11,"name":"金台路","name_en":"Jintailu","osm_station":"node/6606206479","match_dist_m":33,"source":"osm_route_stop","coord_system":"WGS84 (EPSG:4326)"}},{"type":"Feature","geometry":{"type":"Point","coordinates":[116.4721115,39.9145679]},"properties":{"line_key":"14","line_name":"14号线","seq":12,"name":"红庙","name_en":"Hongmiao","osm_station":"node/9150216945","match_dist_m":4,"source":"osm_route_stop","coord_system":"WGS84 (EPSG:4326)"}},{"type":"Feature","geometry":{"type":"Point","coordinates":[116.4712272,39.9069399]},"properties":{"line_key":"14","line_name":"14号线","seq":13,"name":"大望路","name_en":"Dawanglu","osm_station":"node/3369001431","match_dist_m":75,"source":"osm_route_stop","coord_system":"WGS84 (EPSG:4326)"}},{"type":"Feature","geometry":{"type":"Point","coordinates":[116.4716849,39.8921089]},"properties":{"line_key":"14","line_name":"14号线","seq":14,"name":"九龙山","name_en":"Jiulongshan","osm_station":"node/3369001428","match_dist_m":46,"source":"osm_route_stop","coord_system":"WGS84 (EPSG:4326)"}},{"type":"Feature","geometry":{"type":"Point","coordinates":[116.4713411,39.8838514]},"properties":{"line_key":"14","line_name":"14号线","seq":15,"name":"平乐园","name_en":"Pingleyuan","osm_station":"node/3369001432","match_dist_m":3,"source":"osm_route_stop","coord_system":"WGS84 (EPSG:4326)"}},{"type":"Feature","geometry":{"type":"Point","coordinates":[116.4713573,39.8736424]},"properties":{"line_key":"14","line_name":"14号线","seq":16,"name":"北工大西门","name_en":"Beijing University of Technology West Gate","osm_station":"node/3369001433","match_dist_m":5,"source":"osm_route_stop","coord_system":"WGS84 (EPSG:4326)"}},{"type":"Feature","geometry":{"type":"Point","coordinates":[116.4525595,39.8647129]},"properties":{"line_key":"14","line_name":"14号线","seq":17,"name":"十里河","name_en":"Shilihe","osm_station":"node/3367977137","match_dist_m":74,"source":"osm_route_stop","coord_system":"WGS84 (EPSG:4326)"}},{"type":"Feature","geometry":{"type":"Point","coordinates":[116.4339348,39.8646354]},"properties":{"line_key":"14","line_name":"14号线","seq":18,"name":"方庄","name_en":"Fangzhuang","osm_station":"node/3367977138","match_dist_m":4,"source":"osm_route_stop","coord_system":"WGS84 (EPSG:4326)"}},{"type":"Feature","geometry":{"type":"Point","coordinates":[116.4154612,39.8643287]},"properties":{"line_key":"14","line_name":"14号线","seq":19,"name":"蒲黄榆","name_en":"Puhuangyu","osm_station":"node/3367857705","match_dist_m":127,"source":"osm_route_stop","coord_system":"WGS84 (EPSG:4326)"}},{"type":"Feature","geometry":{"type":"Point","coordinates":[116.4049409,39.8636494]},"properties":{"line_key":"14","line_name":"14号线","seq":20,"name":"景泰","name_en":"Jingtai","osm_station":"node/3367857703","match_dist_m":6,"source":"osm_route_stop","coord_system":"WGS84 (EPSG:4326)"}},{"type":"Feature","geometry":{"type":"Point","coordinates":[116.3931611,39.8659587]},"properties":{"line_key":"14","line_name":"14号线","seq":21,"name":"永定门外","name_en":"Yongdingmenwai","osm_station":"way/175226706","match_dist_m":7,"source":"osm_route_stop","coord_system":"WGS84 (EPSG:4326)"}},{"type":"Feature","geometry":{"type":"Point","coordinates":[116.3723994,39.8634831]},"properties":{"line_key":"14","line_name":"14号线","seq":22,"name":"北京南","name_en":"Beijingnan","osm_station":"node/539260172","match_dist_m":17,"source":"osm_route_stop","coord_system":"WGS84 (EPSG:4326)"}},{"type":"Feature","geometry":{"type":"Point","coordinates":[116.3600963,39.8614067]},"properties":{"line_key":"14","line_name":"14号线","seq":23,"name":"景风门","name_en":"Jingfengmen","osm_station":"node/3367069256","match_dist_m":4,"source":"osm_route_stop","coord_system":"WGS84 (EPSG:4326)"}},{"type":"Feature","geometry":{"type":"Point","coordinates":[116.3497096,39.859977]},"properties":{"line_key":"14","line_name":"14号线","seq":24,"name":"西铁营","name_en":"Xitieying","osm_station":"node/9365006124","match_dist_m":10,"source":"osm_route_stop","coord_system":"WGS84 (EPSG:4326)"}},{"type":"Feature","geometry":{"type":"Point","coordinates":[116.3366819,39.8662594]},"properties":{"line_key":"14","line_name":"14号线","seq":25,"name":"菜户营","name_en":"Caihuying","osm_station":"node/3367069257","match_dist_m":8,"source":"osm_route_stop","coord_system":"WGS84 (EPSG:4326)"}},{"type":"Feature","geometry":{"type":"Point","coordinates":[116.3256029,39.8662759]},"properties":{"line_key":"14","line_name":"14号线","seq":26,"name":"丽泽商务区","name_en":"Lize Business District","osm_station":"node/3367069255","match_dist_m":61,"source":"osm_route_stop","coord_system":"WGS84 (EPSG:4326)"}},{"type":"Feature","geometry":{"type":"Point","coordinates":[116.3144367,39.8661164]},"properties":{"line_key":"14","line_name":"14号线","seq":27,"name":"东管头","name_en":"Dongguantou","osm_station":"node/3367069254","match_dist_m":7,"source":"osm_route_stop","coord_system":"WGS84 (EPSG:4326)"}},{"type":"Feature","geometry":{"type":"Point","coordinates":[116.2978076,39.8652242]},"properties":{"line_key":"14","line_name":"14号线","seq":28,"name":"西局","name_en":"Xiju","osm_station":"node/3367044891","match_dist_m":131,"source":"osm_route_stop","coord_system":"WGS84 (EPSG:4326)"}},{"type":"Feature","geometry":{"type":"Point","coordinates":[116.2881665,39.8652402]},"properties":{"line_key":"14","line_name":"14号线","seq":29,"name":"七里庄","name_en":"Qilizhuang","osm_station":"node/3367038996","match_dist_m":194,"source":"osm_route_stop","coord_system":"WGS84 (EPSG:4326)"}},{"type":"Feature","geometry":{"type":"Point","coordinates":[116.2688628,39.864019]},"properties":{"line_key":"14","line_name":"14号线","seq":30,"name":"大井","name_en":"Dajing","osm_station":"node/3365609789","match_dist_m":9,"source":"osm_route_stop","coord_system":"WGS84 (EPSG:4326)"}},{"type":"Feature","geometry":{"type":"Point","coordinates":[116.2483861,39.8640535]},"properties":{"line_key":"14","line_name":"14号线","seq":31,"name":"郭庄子","name_en":"Guozhuangzi","osm_station":"node/3365609791","match_dist_m":6,"source":"osm_route_stop","coord_system":"WGS84 (EPSG:4326)"}},{"type":"Feature","geometry":{"type":"Point","coordinates":[116.2344523,39.8583275]},"properties":{"line_key":"14","line_name":"14号线","seq":32,"name":"大瓦窑","name_en":"Dawayao","osm_station":"node/3365609790","match_dist_m":3,"source":"osm_route_stop","coord_system":"WGS84 (EPSG:4326)"}},{"type":"Feature","geometry":{"type":"Point","coordinates":[116.1956719,39.8599934]},"properties":{"line_key":"14","line_name":"14号线","seq":33,"name":"园博园","name_en":"Garden Expo Park","osm_station":"node/5442227596","match_dist_m":11,"source":"osm_route_stop","coord_system":"WGS84 (EPSG:4326)"}},{"type":"Feature","geometry":{"type":"Point","coordinates":[116.1809825,39.8567434]},"properties":{"line_key":"14","line_name":"14号线","seq":34,"name":"张郭庄","name_en":"Zhangguozhuang","osm_station":"way/329393593","match_dist_m":7,"source":"osm_route_stop","coord_system":"WGS84 (EPSG:4326)"}},{"type":"Feature","geometry":{"type":"Point","coordinates":[116.3336262,39.9993038]},"properties":{"line_key":"15","line_name":"15号线","seq":1,"name":"清华东路西口","name_en":"Qinghua Donglu Xikou","osm_station":"node/3379245690","match_dist_m":1,"source":"osm_route_stop","coord_system":"WGS84 (EPSG:4326)"}},{"type":"Feature","geometry":{"type":"Point","coordinates":[116.3466428,39.9996659]},"properties":{"line_key":"15","line_name":"15号线","seq":2,"name":"六道口","name_en":"Liudaokou","osm_station":"node/5687426566","match_dist_m":7,"source":"osm_route_stop","coord_system":"WGS84 (EPSG:4326)"}},{"type":"Feature","geometry":{"type":"Point","coordinates":[116.3620432,40.0001238]},"properties":{"line_key":"15","line_name":"15号线","seq":3,"name":"北沙滩","name_en":"Beishatan","osm_station":"node/3379245686","match_dist_m":7,"source":"osm_route_stop","coord_system":"WGS84 (EPSG:4326)"}},{"type":"Feature","geometry":{"type":"Point","coordinates":[116.3853355,40.0008946]},"properties":{"line_key":"15","line_name":"15号线","seq":4,"name":"奥林匹克公园","name_en":"Olympic Park","osm_station":"node/5402695989","match_dist_m":14,"source":"osm_route_stop","coord_system":"WGS84 (EPSG:4326)"}},{"type":"Feature","geometry":{"type":"Point","coordinates":[116.4016216,40.0011779]},"properties":{"line_key":"15","line_name":"15号线","seq":5,"name":"安立路","name_en":"Anlilu","osm_station":"node/3379245689","match_dist_m":7,"source":"osm_route_stop","coord_system":"WGS84 (EPSG:4326)"}},{"type":"Feature","geometry":{"type":"Point","coordinates":[116.4121905,40.0015358]},"properties":{"line_key":"15","line_name":"15号线","seq":6,"name":"大屯路东","name_en":"Datunlu East","osm_station":"node/5402687151","match_dist_m":25,"source":"osm_route_stop","coord_system":"WGS84 (EPSG:4326)"}},{"type":"Feature","geometry":{"type":"Point","coordinates":[116.4250584,39.9997494]},"properties":{"line_key":"15","line_name":"15号线","seq":7,"name":"关庄","name_en":"Guanzhuang","osm_station":"node/3379245685","match_dist_m":8,"source":"osm_route_stop","coord_system":"WGS84 (EPSG:4326)"}},{"type":"Feature","geometry":{"type":"Point","coordinates":[116.4417045,39.9941582]},"properties":{"line_key":"15","line_name":"15号线","seq":8,"name":"望京西","name_en":"Wangjing West","osm_station":"node/5428305222","match_dist_m":194,"source":"osm_route_stop","coord_system":"WGS84 (EPSG:4326)"}},{"type":"Feature","geometry":{"type":"Point","coordinates":[116.4624279,39.9965663]},"properties":{"line_key":"15","line_name":"15号线","seq":9,"name":"望京","name_en":"Wangjing","osm_station":"node/3369356931","match_dist_m":86,"source":"osm_route_stop","coord_system":"WGS84 (EPSG:4326)"}},{"type":"Feature","geometry":{"type":"Point","coordinates":[116.4809035,40.0020276]},"properties":{"line_key":"15","line_name":"15号线","seq":10,"name":"望京东","name_en":"Wangjing East","osm_station":"node/5447578126","match_dist_m":15,"source":"osm_route_stop","coord_system":"WGS84 (EPSG:4326)"}},{"type":"Feature","geometry":{"type":"Point","coordinates":[116.4867537,40.0205632]},"properties":{"line_key":"15","line_name":"15号线","seq":11,"name":"崔各庄","name_en":"Cuigezhuang","osm_station":"node/8073325256","match_dist_m":8,"source":"osm_route_stop","coord_system":"WGS84 (EPSG:4326)"}},{"type":"Feature","geometry":{"type":"Point","coordinates":[116.4983103,40.0325513]},"properties":{"line_key":"15","line_name":"15号线","seq":12,"name":"马泉营","name_en":"Maquanying","osm_station":"node/5430450498","match_dist_m":18,"source":"osm_route_stop","coord_system":"WGS84 (EPSG:4326)"}},{"type":"Feature","geometry":{"type":"Point","coordinates":[116.5288048,40.0439358]},"properties":{"line_key":"15","line_name":"15号线","seq":13,"name":"孙河","name_en":"Sunhe","osm_station":"node/13763706652","match_dist_m":9,"source":"osm_route_stop","coord_system":"WGS84 (EPSG:4326)"}},{"type":"Feature","geometry":{"type":"Point","coordinates":[116.5493705,40.068903]},"properties":{"line_key":"15","line_name":"15号线","seq":14,"name":"国展","name_en":"China International Exhibition Center","osm_station":"node/8073325252","match_dist_m":7,"source":"osm_route_stop","coord_system":"WGS84 (EPSG:4326)"}},{"type":"Feature","geometry":{"type":"Point","coordinates":[116.5518402,40.0833437]},"properties":{"line_key":"15","line_name":"15号线","seq":15,"name":"花梨坎","name_en":"Hualikan","osm_station":"node/8073325253","match_dist_m":8,"source":"osm_route_stop","coord_system":"WGS84 (EPSG:4326)"}},{"type":"Feature","geometry":{"type":"Point","coordinates":[116.5584491,40.1130148]},"properties":{"line_key":"15","line_name":"15号线","seq":16,"name":"后沙峪","name_en":"Houshayu","osm_station":"node/8073325254","match_dist_m":9,"source":"osm_route_stop","coord_system":"WGS84 (EPSG:4326)"}},{"type":"Feature","geometry":{"type":"Point","coordinates":[116.6035713,40.1274067]},"properties":{"line_key":"15","line_name":"15号线","seq":17,"name":"南法信","name_en":"Nanfaxin","osm_station":"node/8073325255","match_dist_m":6,"source":"osm_route_stop","coord_system":"WGS84 (EPSG:4326)"}},{"type":"Feature","geometry":{"type":"Point","coordinates":[116.635218,40.1286418]},"properties":{"line_key":"15","line_name":"15号线","seq":18,"name":"石门","name_en":"Shimen","osm_station":"node/13299172063","match_dist_m":8,"source":"osm_route_stop","coord_system":"WGS84 (EPSG:4326)"}},{"type":"Feature","geometry":{"type":"Point","coordinates":[116.6511833,40.1288586]},"properties":{"line_key":"15","line_name":"15号线","seq":19,"name":"顺义","name_en":"Shunyi","osm_station":"node/5441544159","match_dist_m":14,"source":"osm_route_stop","coord_system":"WGS84 (EPSG:4326)"}},{"type":"Feature","geometry":{"type":"Point","coordinates":[116.6789785,40.1313792]},"properties":{"line_key":"15","line_name":"15号线","seq":20,"name":"俸伯","name_en":"Fengbo","osm_station":"node/5444733365","match_dist_m":13,"source":"osm_route_stop","coord_system":"WGS84 (EPSG:4326)"}},{"type":"Feature","geometry":{"type":"Point","coordinates":[116.1243785,40.0668592]},"properties":{"line_key":"16","line_name":"16号线","seq":1,"name":"北安河","name_en":"Beianhe","osm_station":"node/4564113110","match_dist_m":5,"source":"osm_route_stop","coord_system":"WGS84 (EPSG:4326)"}},{"type":"Feature","geometry":{"type":"Point","coordinates":[116.1555687,40.0675113]},"properties":{"line_key":"16","line_name":"16号线","seq":2,"name":"温阳路","name_en":"Wenyanglu","osm_station":"node/4564113107","match_dist_m":8,"source":"osm_route_stop","coord_system":"WGS84 (EPSG:4326)"}},{"type":"Feature","geometry":{"type":"Point","coordinates":[116.1825405,40.067509]},"properties":{"line_key":"16","line_name":"16号线","seq":3,"name":"稻香湖路","name_en":"Daoxianghulu","osm_station":"way/890592405","match_dist_m":24,"source":"osm_route_stop","coord_system":"WGS84 (EPSG:4326)"}},{"type":"Feature","geometry":{"type":"Point","coordinates":[116.2093337,40.0673089]},"properties":{"line_key":"16","line_name":"16号线","seq":4,"name":"屯佃","name_en":"Tundian","osm_station":"node/4564113101","match_dist_m":5,"source":"osm_route_stop","coord_system":"WGS84 (EPSG:4326)"}},{"type":"Feature","geometry":{"type":"Point","coordinates":[116.2324429,40.0706692]},"properties":{"line_key":"16","line_name":"16号线","seq":5,"name":"永丰","name_en":"Yongfeng","osm_station":"way/890759491","match_dist_m":7,"source":"osm_route_stop","coord_system":"WGS84 (EPSG:4326)"}},{"type":"Feature","geometry":{"type":"Point","coordinates":[116.2435428,40.0630145]},"properties":{"line_key":"16","line_name":"16号线","seq":6,"name":"永丰南","name_en":"Yongfeng South","osm_station":"node/4564112888","match_dist_m":6,"source":"osm_route_stop","coord_system":"WGS84 (EPSG:4326)"}},{"type":"Feature","geometry":{"type":"Point","coordinates":[116.2520781,40.0478932]},"properties":{"line_key":"16","line_name":"16号线","seq":7,"name":"西北旺","name_en":"Xibeiwang","osm_station":"node/4564112882","match_dist_m":6,"source":"osm_route_stop","coord_system":"WGS84 (EPSG:4326)"}},{"type":"Feature","geometry":{"type":"Point","coordinates":[116.265829,40.031445]},"properties":{"line_key":"16","line_name":"16号线","seq":8,"name":"马连洼","name_en":"Malianwa","osm_station":"node/4564112875","match_dist_m":17,"source":"osm_route_stop","coord_system":"WGS84 (EPSG:4326)"}},{"type":"Feature","geometry":{"type":"Point","coordinates":[116.2770283,40.0184431]},"properties":{"line_key":"16","line_name":"16号线","seq":9,"name":"农大南路","name_en":"Nongda Nanlu","osm_station":"node/4564112873","match_dist_m":14,"source":"osm_route_stop","coord_system":"WGS84 (EPSG:4326)"}},{"type":"Feature","geometry":{"type":"Point","coordinates":[116.2863093,39.9974728]},"properties":{"line_key":"16","line_name":"16号线","seq":10,"name":"西苑","name_en":"Xiyuan","osm_station":"way/890600582","match_dist_m":7,"source":"osm_route_stop","coord_system":"WGS84 (EPSG:4326)"}},{"type":"Feature","geometry":{"type":"Point","coordinates":[116.2942646,39.9839185]},"properties":{"line_key":"16","line_name":"16号线","seq":11,"name":"万泉河桥","name_en":"Wanquanhe Qiao","osm_station":"node/4564112855","match_dist_m":6,"source":"osm_route_stop","coord_system":"WGS84 (EPSG:4326)"}},{"type":"Feature","geometry":{"type":"Point","coordinates":[116.2999736,39.9743281]},"properties":{"line_key":"16","line_name":"16号线","seq":12,"name":"苏州街","name_en":"Suzhoujie","osm_station":"node/5448587388","match_dist_m":9,"source":"osm_route_stop","coord_system":"WGS84 (EPSG:4326)"}},{"type":"Feature","geometry":{"type":"Point","coordinates":[116.3015319,39.9612484]},"properties":{"line_key":"16","line_name":"16号线","seq":13,"name":"苏州桥","name_en":"Suzhou Qiao","osm_station":"node/4564112846","match_dist_m":79,"source":"osm_route_stop","coord_system":"WGS84 (EPSG:4326)"}},{"type":"Feature","geometry":{"type":"Point","coordinates":[116.3032926,39.9471407]},"properties":{"line_key":"16","line_name":"16号线","seq":14,"name":"万寿寺","name_en":"Wanshousi","osm_station":"node/4564112842","match_dist_m":4,"source":"osm_route_stop","coord_system":"WGS84 (EPSG:4326)"}},{"type":"Feature","geometry":{"type":"Point","coordinates":[116.3187284,39.9412214]},"properties":{"line_key":"16","line_name":"16号线","seq":15,"name":"国家图书馆","name_en":"National Library","osm_station":"node/5429413631","match_dist_m":146,"source":"osm_route_stop","coord_system":"WGS84 (EPSG:4326)"}},{"type":"Feature","geometry":{"type":"Point","coordinates":[116.3275776,39.9310721]},"properties":{"line_key":"16","line_name":"16号线","seq":16,"name":"二里沟","name_en":"Erligou","osm_station":"node/9380308680","match_dist_m":14,"source":"osm_route_stop","coord_system":"WGS84 (EPSG:4326)"}},{"type":"Feature","geometry":{"type":"Point","coordinates":[116.3285052,39.922439]},"properties":{"line_key":"16","line_name":"16号线","seq":17,"name":"甘家口","name_en":"Ganjia Kou","osm_station":"node/4564112817","match_dist_m":8,"source":"osm_route_stop","coord_system":"WGS84 (EPSG:4326)"}},{"type":"Feature","geometry":{"type":"Point","coordinates":[116.328872,39.9139393]},"properties":{"line_key":"16","line_name":"16号线","seq":18,"name":"玉渊潭东门","name_en":"Yuyuantan Park East Gate","osm_station":"node/4564112816","match_dist_m":11,"source":"osm_route_stop","coord_system":"WGS84 (EPSG:4326)"}},{"type":"Feature","geometry":{"type":"Point","coordinates":[116.3277725,39.9077017]},"properties":{"line_key":"16","line_name":"16号线","seq":19,"name":"木樨地","name_en":"Muxidi","osm_station":"node/4564112811","match_dist_m":10,"source":"osm_route_stop","coord_system":"WGS84 (EPSG:4326)"}},{"type":"Feature","geometry":{"type":"Point","coordinates":[116.3293717,39.888892]},"properties":{"line_key":"16","line_name":"16号线","seq":20,"name":"达官营","name_en":"Daguanying","osm_station":"node/3369459849","match_dist_m":171,"source":"osm_route_stop","coord_system":"WGS84 (EPSG:4326)"}},{"type":"Feature","geometry":{"type":"Point","coordinates":[116.3307982,39.8762703]},"properties":{"line_key":"16","line_name":"16号线","seq":21,"name":"红莲南路","name_en":"Honglian Nanlu","osm_station":"node/4564112795","match_dist_m":11,"source":"osm_route_stop","coord_system":"WGS84 (EPSG:4326)"}},{"type":"Feature","geometry":{"type":"Point","coordinates":[116.3256029,39.8662759]},"properties":{"line_key":"16","line_name":"16号线","seq":22,"name":"丽泽商务区","name_en":"Lize Business District","osm_station":"node/3367069255","match_dist_m":47,"source":"osm_route_stop","coord_system":"WGS84 (EPSG:4326)"}},{"type":"Feature","geometry":{"type":"Point","coordinates":[116.3166795,39.8535213]},"properties":{"line_key":"16","line_name":"16号线","seq":23,"name":"东管头南","name_en":"Dongguantou South","osm_station":"node/8277164642","match_dist_m":32,"source":"osm_route_stop","coord_system":"WGS84 (EPSG:4326)"}},{"type":"Feature","geometry":{"type":"Point","coordinates":[116.2955243,39.8493287]},"properties":{"line_key":"16","line_name":"16号线","seq":24,"name":"丰台站","name_en":null,"osm_station":"way/891180457","match_dist_m":58,"source":"osm_route_stop","coord_system":"WGS84 (EPSG:4326)"}},{"type":"Feature","geometry":{"type":"Point","coordinates":[116.2906678,39.8395949]},"properties":{"line_key":"16","line_name":"16号线","seq":25,"name":"丰台南路","name_en":"Fengtai Nanlu","osm_station":"node/7780780502","match_dist_m":3,"source":"osm_route_stop","coord_system":"WGS84 (EPSG:4326)"}},{"type":"Feature","geometry":{"type":"Point","coordinates":[116.2810932,39.8349394]},"properties":{"line_key":"16","line_name":"16号线","seq":26,"name":"富丰桥","name_en":"Fufengqiao","osm_station":"node/4564112660","match_dist_m":8,"source":"osm_route_stop","coord_system":"WGS84 (EPSG:4326)"}},{"type":"Feature","geometry":{"type":"Point","coordinates":[116.2666477,39.8338003]},"properties":{"line_key":"16","line_name":"16号线","seq":27,"name":"看丹","name_en":"Kandan","osm_station":"node/10296512593","match_dist_m":11,"source":"osm_route_stop","coord_system":"WGS84 (EPSG:4326)"}},{"type":"Feature","geometry":{"type":"Point","coordinates":[116.2529824,39.8375683]},"properties":{"line_key":"16","line_name":"16号线","seq":28,"name":"榆树庄","name_en":"Yushuzhuang","osm_station":"node/4564112640","match_dist_m":8,"source":"osm_route_stop","coord_system":"WGS84 (EPSG:4326)"}},{"type":"Feature","geometry":{"type":"Point","coordinates":[116.2425658,39.8473]},"properties":{"line_key":"16","line_name":"16号线","seq":29,"name":"洪泰庄","name_en":"Hongtaizhuang","osm_station":"node/8278912792","match_dist_m":42,"source":"osm_route_stop","coord_system":"WGS84 (EPSG:4326)"}},{"type":"Feature","geometry":{"type":"Point","coordinates":[116.2233972,39.8477313]},"properties":{"line_key":"16","line_name":"16号线","seq":30,"name":"宛平城","name_en":"Wanpingcheng","osm_station":"node/4564112633","match_dist_m":8,"source":"osm_route_stop","coord_system":"WGS84 (EPSG:4326)"}},{"type":"Feature","geometry":{"type":"Point","coordinates":[116.6052556,39.7918725]},"properties":{"line_key":"17","line_name":"17号线","seq":1,"name":"嘉会湖","name_en":"Jiahuihu","osm_station":"node/9380291881","match_dist_m":9,"source":"osm_route_stop","coord_system":"WGS84 (EPSG:4326)"}},{"type":"Feature","geometry":{"type":"Point","coordinates":[116.5859058,39.8025261]},"properties":{"line_key":"17","line_name":"17号线","seq":2,"name":"次渠","name_en":"Ciqu","osm_station":"node/9385028990","match_dist_m":5,"source":"osm_route_stop","coord_system":"WGS84 (EPSG:4326)"}},{"type":"Feature","geometry":{"type":"Point","coordinates":[116.5706243,39.8085973]},"properties":{"line_key":"17","line_name":"17号线","seq":3,"name":"次渠北","name_en":"Ciqubei","osm_station":"node/9385028991","match_dist_m":5,"source":"osm_route_stop","coord_system":"WGS84 (EPSG:4326)"}},{"type":"Feature","geometry":{"type":"Point","coordinates":[116.547173,39.8175347]},"properties":{"line_key":"17","line_name":"17号线","seq":4,"name":"北神树","name_en":"Beishenshu","osm_station":"node/9380291880","match_dist_m":4,"source":"osm_route_stop","coord_system":"WGS84 (EPSG:4326)"}},{"type":"Feature","geometry":{"type":"Point","coordinates":[116.4898314,39.8430584]},"properties":{"line_key":"17","line_name":"17号线","seq":5,"name":"十八里店","name_en":"Shibalidian","osm_station":"node/9380291879","match_dist_m":7,"source":"osm_route_stop","coord_system":"WGS84 (EPSG:4326)"}},{"type":"Feature","geometry":{"type":"Point","coordinates":[116.4706068,39.855252]},"properties":{"line_key":"17","line_name":"17号线","seq":6,"name":"周家庄","name_en":"Zhoujiazhuang","osm_station":"node/9384986215","match_dist_m":5,"source":"osm_route_stop","coord_system":"WGS84 (EPSG:4326)"}},{"type":"Feature","geometry":{"type":"Point","coordinates":[116.4544834,39.8635284]},"properties":{"line_key":"17","line_name":"17号线","seq":7,"name":"十里河","name_en":null,"osm_station":"node/9147328748","match_dist_m":6,"source":"osm_route_stop","coord_system":"WGS84 (EPSG:4326)"}},{"type":"Feature","geometry":{"type":"Point","coordinates":[116.4446966,39.873824]},"properties":{"line_key":"17","line_name":"17号线","seq":8,"name":"潘家园西","name_en":"Panjiayuanxi","osm_station":"node/13417518491","match_dist_m":5,"source":"osm_route_stop","coord_system":"WGS84 (EPSG:4326)"}},{"type":"Feature","geometry":{"type":"Point","coordinates":[116.444194,39.9083452]},"properties":{"line_key":"17","line_name":"17号线","seq":9,"name":"永安里","name_en":"Yonganli","osm_station":"node/13417518490","match_dist_m":6,"source":"osm_route_stop","coord_system":"WGS84 (EPSG:4326)"}},{"type":"Feature","geometry":{"type":"Point","coordinates":[116.4442134,39.9216405]},"properties":{"line_key":"17","line_name":"17号线","seq":10,"name":"东大桥","name_en":"Dongdaqiao","osm_station":"node/13417518487","match_dist_m":6,"source":"osm_route_stop","coord_system":"WGS84 (EPSG:4326)"}},{"type":"Feature","geometry":{"type":"Point","coordinates":[116.4442038,39.9323548]},"properties":{"line_key":"17","line_name":"17号线","seq":11,"name":"工人体育场","name_en":"Workers' Stadium","osm_station":"node/11481744716","match_dist_m":5,"source":"osm_route_stop","coord_system":"WGS84 (EPSG:4326)"}},{"type":"Feature","geometry":{"type":"Point","coordinates":[116.4365482,39.9485486]},"properties":{"line_key":"17","line_name":"17号线","seq":12,"name":"左家庄","name_en":"Zuojiazhuang","osm_station":"node/11481744738","match_dist_m":13,"source":"osm_route_stop","coord_system":"WGS84 (EPSG:4326)"}},{"type":"Feature","geometry":{"type":"Point","coordinates":[116.4348149,39.9644456]},"properties":{"line_key":"17","line_name":"17号线","seq":13,"name":"西坝河","name_en":"Xibahe","osm_station":"node/11481744722","match_dist_m":158,"source":"osm_route_stop","coord_system":"WGS84 (EPSG:4326)"}},{"type":"Feature","geometry":{"type":"Point","coordinates":[116.4411862,39.9712918]},"properties":{"line_key":"17","line_name":"17号线","seq":14,"name":"太阳宫","name_en":"Taiyanggong","osm_station":"node/11496710264","match_dist_m":134,"source":"osm_route_stop","coord_system":"WGS84 (EPSG:4326)"}},{"type":"Feature","geometry":{"type":"Point","coordinates":[116.4417045,39.9941582]},"properties":{"line_key":"17","line_name":"17号线","seq":15,"name":"望京西","name_en":"Wangjing West","osm_station":"node/5428305222","match_dist_m":169,"source":"osm_route_stop","coord_system":"WGS84 (EPSG:4326)"}},{"type":"Feature","geometry":{"type":"Point","coordinates":[116.4355362,40.0330877]},"properties":{"line_key":"17","line_name":"17号线","seq":16,"name":"红军营","name_en":"Hongjunying","osm_station":"node/11478723290","match_dist_m":7,"source":"osm_route_stop","coord_system":"WGS84 (EPSG:4326)"}},{"type":"Feature","geometry":{"type":"Point","coordinates":[116.4360139,40.0496531]},"properties":{"line_key":"17","line_name":"17号线","seq":17,"name":"清河营","name_en":"Qingheying","osm_station":"node/11478723285","match_dist_m":6,"source":"osm_route_stop","coord_system":"WGS84 (EPSG:4326)"}},{"type":"Feature","geometry":{"type":"Point","coordinates":[116.4359844,40.0671005]},"properties":{"line_key":"17","line_name":"17号线","seq":18,"name":"天通苑东","name_en":"Tiantongyuandong","osm_station":"node/11478693941","match_dist_m":16,"source":"osm_route_stop","coord_system":"WGS84 (EPSG:4326)"}},{"type":"Feature","geometry":{"type":"Point","coordinates":[116.4605159,40.1141592]},"properties":{"line_key":"17","line_name":"17号线","seq":19,"name":"未来科学城","name_en":"Future Science City","osm_station":"node/11478693919","match_dist_m":9,"source":"osm_route_stop","coord_system":"WGS84 (EPSG:4326)"}},{"type":"Feature","geometry":{"type":"Point","coordinates":[116.4631715,40.1295159]},"properties":{"line_key":"17","line_name":"17号线","seq":20,"name":"未来科学城北","name_en":"Future Science City North","osm_station":"node/11478693895","match_dist_m":8,"source":"osm_route_stop","coord_system":"WGS84 (EPSG:4326)"}},{"type":"Feature","geometry":{"type":"Point","coordinates":[116.4378145,40.0670514]},"properties":{"line_key":"18","line_name":"18号线","seq":1,"name":"天通苑东","name_en":"Tiantongyuandong","osm_station":"node/13410044004","match_dist_m":8,"source":"osm_route_stop","coord_system":"WGS84 (EPSG:4326)"}},{"type":"Feature","geometry":{"type":"Point","coordinates":[116.4202773,40.0727436]},"properties":{"line_key":"18","line_name":"18号线","seq":2,"name":"太平庄","name_en":"Taipingzhuang","osm_station":"node/13410044003","match_dist_m":5,"source":"osm_route_stop","coord_system":"WGS84 (EPSG:4326)"}},{"type":"Feature","geometry":{"type":"Point","coordinates":[116.4087263,40.0726643]},"properties":{"line_key":"18","line_name":"18号线","seq":3,"name":"天通苑","name_en":"Tiantongyuan","osm_station":"node/13410044002","match_dist_m":10,"source":"osm_route_stop","coord_system":"WGS84 (EPSG:4326)"}},{"type":"Feature","geometry":{"type":"Point","coordinates":[116.3698028,40.0805687]},"properties":{"line_key":"18","line_name":"18号线","seq":4,"name":"霍营东","name_en":"Huoyingdong","osm_station":"node/13410044001","match_dist_m":7,"source":"osm_route_stop","coord_system":"WGS84 (EPSG:4326)"}},{"type":"Feature","geometry":{"type":"Point","coordinates":[116.3571849,40.0797507]},"properties":{"line_key":"18","line_name":"18号线","seq":5,"name":"回龙观东大街","name_en":"Huilongguan Dongdajie","osm_station":"node/5305506006","match_dist_m":38,"source":"osm_route_stop","coord_system":"WGS84 (EPSG:4326)"}},{"type":"Feature","geometry":{"type":"Point","coordinates":[116.3356615,40.0788401]},"properties":{"line_key":"18","line_name":"18号线","seq":6,"name":"文华路","name_en":"Wenhualu","osm_station":"node/13410014899","match_dist_m":5,"source":"osm_station_node_gapfill","coord_system":"WGS84 (EPSG:4326)"}},{"type":"Feature","geometry":{"type":"Point","coordinates":[116.3245924,40.0772781]},"properties":{"line_key":"18","line_name":"18号线","seq":7,"name":"回龙观西大街","name_en":"Huilongguan Xidajie","osm_station":"node/13410014898","match_dist_m":8,"source":"osm_station_node_gapfill","coord_system":"WGS84 (EPSG:4326)"}},{"type":"Feature","geometry":{"type":"Point","coordinates":[116.3040433,40.0714794]},"properties":{"line_key":"18","line_name":"18号线","seq":8,"name":"龙泽西","name_en":"Longzexi","osm_station":"node/13354529561","match_dist_m":4,"source":"osm_station_node_gapfill","coord_system":"WGS84 (EPSG:4326)"}},{"type":"Feature","geometry":{"type":"Point","coordinates":[116.2887219,40.051835]},"properties":{"line_key":"18","line_name":"18号线","seq":9,"name":"东北旺","name_en":"Dongbeiwang","osm_station":"node/13410014897","match_dist_m":9,"source":"osm_station_node_gapfill","coord_system":"WGS84 (EPSG:4326)"}},{"type":"Feature","geometry":{"type":"Point","coordinates":[116.2805664,40.043537]},"properties":{"line_key":"18","line_name":"18号线","seq":10,"name":"上地软件园","name_en":"Shangdi Software Park","osm_station":"node/13410014896","match_dist_m":5,"source":"osm_station_node_gapfill","coord_system":"WGS84 (EPSG:4326)"}},{"type":"Feature","geometry":{"type":"Point","coordinates":[116.2684248,40.0313885]},"properties":{"line_key":"18","line_name":"18号线","seq":11,"name":"马连洼","name_en":"Malianwa","osm_station":"node/9669538693","match_dist_m":10,"source":"osm_route_stop","coord_system":"WGS84 (EPSG:4326)"}},{"type":"Feature","geometry":{"type":"Point","coordinates":[116.359749,39.8110444]},"properties":{"line_key":"19","line_name":"19号线","seq":1,"name":"新宫","name_en":"Xingong","osm_station":"node/9706596471","match_dist_m":139,"source":"osm_route_stop","coord_system":"WGS84 (EPSG:4326)"}},{"type":"Feature","geometry":{"type":"Point","coordinates":[116.3402526,39.8225567]},"properties":{"line_key":"19","line_name":"19号线","seq":2,"name":"新发地","name_en":"Xinfadi","osm_station":"node/9379477293","match_dist_m":12,"source":"osm_route_stop","coord_system":"WGS84 (EPSG:4326)"}},{"type":"Feature","geometry":{"type":"Point","coordinates":[116.3428438,39.8460959]},"properties":{"line_key":"19","line_name":"19号线","seq":3,"name":"草桥","name_en":"Caoqiao","osm_station":"node/9385116432","match_dist_m":5,"source":"osm_route_stop","coord_system":"WGS84 (EPSG:4326)"}},{"type":"Feature","geometry":{"type":"Point","coordinates":[116.3580843,39.8626316]},"properties":{"line_key":"19","line_name":"19号线","seq":4,"name":"景风门","name_en":"Jingfengmen","osm_station":"node/9385116436","match_dist_m":6,"source":"osm_route_stop","coord_system":"WGS84 (EPSG:4326)"}},{"type":"Feature","geometry":{"type":"Point","coordinates":[116.3573193,39.8893226]},"properties":{"line_key":"19","line_name":"19号线","seq":5,"name":"牛街","name_en":"Niujie","osm_station":"way/988860257","match_dist_m":34,"source":"osm_route_stop","coord_system":"WGS84 (EPSG:4326)"}},{"type":"Feature","geometry":{"type":"Point","coordinates":[116.3571516,39.9087765]},"properties":{"line_key":"19","line_name":"19号线","seq":6,"name":"太平桥","name_en":"Taipingqiao","osm_station":"node/9920410920","match_dist_m":5,"source":"osm_route_stop","coord_system":"WGS84 (EPSG:4326)"}},{"type":"Feature","geometry":{"type":"Point","coordinates":[116.3617483,39.9320831]},"properties":{"line_key":"19","line_name":"19号线","seq":7,"name":"平安里","name_en":"Ping'anli","osm_station":"node/9385088768","match_dist_m":12,"source":"osm_route_stop","coord_system":"WGS84 (EPSG:4326)"}},{"type":"Feature","geometry":{"type":"Point","coordinates":[116.3658244,39.9462372]},"properties":{"line_key":"19","line_name":"19号线","seq":8,"name":"积水潭","name_en":"Jishuitan","osm_station":"node/9385085643","match_dist_m":11,"source":"osm_route_stop","coord_system":"WGS84 (EPSG:4326)"}},{"type":"Feature","geometry":{"type":"Point","coordinates":[116.364124,39.9667708]},"properties":{"line_key":"19","line_name":"19号线","seq":9,"name":"北太平庄","name_en":"Beitaipingzhuang","osm_station":"node/9385085646","match_dist_m":23,"source":"osm_route_stop","coord_system":"WGS84 (EPSG:4326)"}},{"type":"Feature","geometry":{"type":"Point","coordinates":[116.3636148,39.9750791]},"properties":{"line_key":"19","line_name":"19号线","seq":10,"name":"牡丹园","name_en":"Mudanyuan","osm_station":"node/9385101461","match_dist_m":12,"source":"osm_route_stop","coord_system":"WGS84 (EPSG:4326)"}},{"type":"Feature","geometry":{"type":"Point","coordinates":[116.0939924,39.8878821]},"properties":{"line_key":"S1","line_name":"S1线","seq":1,"name":"石厂","name_en":"Shichang","osm_station":"node/5402921996","match_dist_m":3,"source":"osm_route_stop","coord_system":"WGS84 (EPSG:4326)"}},{"type":"Feature","geometry":{"type":"Point","coordinates":[116.1082631,39.889016]},"properties":{"line_key":"S1","line_name":"S1线","seq":2,"name":"小园","name_en":"Xiaoyuan","osm_station":"node/5402921192","match_dist_m":10,"source":"osm_route_stop","coord_system":"WGS84 (EPSG:4326)"}},{"type":"Feature","geometry":{"type":"Point","coordinates":[116.1169804,39.8942219]},"properties":{"line_key":"S1","line_name":"S1线","seq":3,"name":"栗园庄","name_en":"Liyuanzhuang","osm_station":"node/5626394159","match_dist_m":3,"source":"osm_route_stop","coord_system":"WGS84 (EPSG:4326)"}},{"type":"Feature","geometry":{"type":"Point","coordinates":[116.1159097,39.9036529]},"properties":{"line_key":"S1","line_name":"S1线","seq":4,"name":"上岸","name_en":"Shang'an","osm_station":"node/4564208727","match_dist_m":3,"source":"osm_route_stop","coord_system":"WGS84 (EPSG:4326)"}},{"type":"Feature","geometry":{"type":"Point","coordinates":[116.1194943,39.9109856]},"properties":{"line_key":"S1","line_name":"S1线","seq":5,"name":"桥户营","name_en":"Qiaohuying","osm_station":"node/4564208735","match_dist_m":2,"source":"osm_route_stop","coord_system":"WGS84 (EPSG:4326)"}},{"type":"Feature","geometry":{"type":"Point","coordinates":[116.1277367,39.9146792]},"properties":{"line_key":"S1","line_name":"S1线","seq":6,"name":"四道桥","name_en":"Sidaoqiao","osm_station":"node/4564208745","match_dist_m":3,"source":"osm_route_stop","coord_system":"WGS84 (EPSG:4326)"}},{"type":"Feature","geometry":{"type":"Point","coordinates":[116.1570075,39.9222593]},"properties":{"line_key":"S1","line_name":"S1线","seq":7,"name":"金安桥","name_en":"Jin'anqiao","osm_station":"node/9379511539","match_dist_m":4,"source":"osm_route_stop","coord_system":"WGS84 (EPSG:4326)"}},{"type":"Feature","geometry":{"type":"Point","coordinates":[116.1729527,39.9240491]},"properties":{"line_key":"S1","line_name":"S1线","seq":8,"name":"苹果园","name_en":"Pingguoyuan","osm_station":"node/10286052522","match_dist_m":4,"source":"osm_route_stop","coord_system":"WGS84 (EPSG:4326)"}},{"type":"Feature","geometry":{"type":"Point","coordinates":[116.5960819,39.8115669]},"properties":{"line_key":"Yizhuang","line_name":"亦庄线","seq":1,"name":"亦庄火车站","name_en":"Yizhuang Railway Station","osm_station":"node/8073260829","match_dist_m":4,"source":"osm_route_stop","coord_system":"WGS84 (EPSG:4326)"}},{"type":"Feature","geometry":{"type":"Point","coordinates":[116.5856212,39.8025523]},"properties":{"line_key":"Yizhuang","line_name":"亦庄线","seq":2,"name":"次渠","name_en":"Ciqu","osm_station":"node/8073260830","match_dist_m":6,"source":"osm_route_stop","coord_system":"WGS84 (EPSG:4326)"}},{"type":"Feature","geometry":{"type":"Point","coordinates":[116.5753324,39.7937219]},"properties":{"line_key":"Yizhuang","line_name":"亦庄线","seq":3,"name":"次渠南","name_en":"Ciqu South","osm_station":"node/1094071212","match_dist_m":13,"source":"osm_route_stop","coord_system":"WGS84 (EPSG:4326)"}},{"type":"Feature","geometry":{"type":"Point","coordinates":[116.5564358,39.7825504]},"properties":{"line_key":"Yizhuang","line_name":"亦庄线","seq":4,"name":"经海路","name_en":"Jinghailu","osm_station":"node/5444695596","match_dist_m":9,"source":"osm_route_stop","coord_system":"WGS84 (EPSG:4326)"}},{"type":"Feature","geometry":{"type":"Point","coordinates":[116.533948,39.7718151]},"properties":{"line_key":"Yizhuang","line_name":"亦庄线","seq":5,"name":"同济南路","name_en":"Tongjinanlu","osm_station":"node/5430391237","match_dist_m":9,"source":"osm_route_stop","coord_system":"WGS84 (EPSG:4326)"}},{"type":"Feature","geometry":{"type":"Point","coordinates":[116.515857,39.7816956]},"properties":{"line_key":"Yizhuang","line_name":"亦庄线","seq":6,"name":"荣昌东街","name_en":"Rongchangdongjie","osm_station":"node/8073260828","match_dist_m":2,"source":"osm_route_stop","coord_system":"WGS84 (EPSG:4326)"}},{"type":"Feature","geometry":{"type":"Point","coordinates":[116.507463,39.7920207]},"properties":{"line_key":"Yizhuang","line_name":"亦庄线","seq":7,"name":"荣京东街","name_en":"Rongjing Dongjie","osm_station":"node/8073260827","match_dist_m":2,"source":"osm_route_stop","coord_system":"WGS84 (EPSG:4326)"}},{"type":"Feature","geometry":{"type":"Point","coordinates":[116.4995335,39.8017615]},"properties":{"line_key":"Yizhuang","line_name":"亦庄线","seq":8,"name":"万源街","name_en":"Wanyuanjie","osm_station":"node/5444694219","match_dist_m":4,"source":"osm_route_stop","coord_system":"WGS84 (EPSG:4326)"}},{"type":"Feature","geometry":{"type":"Point","coordinates":[116.4846211,39.8056285]},"properties":{"line_key":"Yizhuang","line_name":"亦庄线","seq":9,"name":"亦庄文化园","name_en":"Yizhuang Culture Park","osm_station":"node/5444691512","match_dist_m":4,"source":"osm_route_stop","coord_system":"WGS84 (EPSG:4326)"}},{"type":"Feature","geometry":{"type":"Point","coordinates":[116.4742673,39.801744]},"properties":{"line_key":"Yizhuang","line_name":"亦庄线","seq":10,"name":"亦庄桥","name_en":"Yizhuangqiao","osm_station":"node/8073260826","match_dist_m":2,"source":"osm_route_stop","coord_system":"WGS84 (EPSG:4326)"}},{"type":"Feature","geometry":{"type":"Point","coordinates":[116.4547308,39.8056107]},"properties":{"line_key":"Yizhuang","line_name":"亦庄线","seq":11,"name":"旧宫","name_en":"Jiugong","osm_station":"node/8073260825","match_dist_m":2,"source":"osm_route_stop","coord_system":"WGS84 (EPSG:4326)"}},{"type":"Feature","geometry":{"type":"Point","coordinates":[116.4532399,39.8267264]},"properties":{"line_key":"Yizhuang","line_name":"亦庄线","seq":12,"name":"小红门","name_en":"Xiaohongmen","osm_station":"node/5444690814","match_dist_m":7,"source":"osm_route_stop","coord_system":"WGS84 (EPSG:4326)"}},{"type":"Feature","geometry":{"type":"Point","coordinates":[116.4427211,39.8328015]},"properties":{"line_key":"Yizhuang","line_name":"亦庄线","seq":13,"name":"肖村","name_en":"Xiaocun","osm_station":"node/7278207455","match_dist_m":7,"source":"osm_route_stop","coord_system":"WGS84 (EPSG:4326)"}},{"type":"Feature","geometry":{"type":"Point","coordinates":[116.4219287,39.8443821]},"properties":{"line_key":"Yizhuang","line_name":"亦庄线","seq":14,"name":"宋家庄","name_en":"Songjiazhuang","osm_station":"node/5441491000","match_dist_m":148,"source":"osm_route_stop","coord_system":"WGS84 (EPSG:4326)"}},{"type":"Feature","geometry":{"type":"Point","coordinates":[116.4893819,39.9075722]},"properties":{"line_key":"Batong","line_name":"八通线","seq":1,"name":"四惠","name_en":"Sihui","osm_station":"node/5430493577","match_dist_m":13,"source":"osm_route_stop","coord_system":"WGS84 (EPSG:4326)"}},{"type":"Feature","geometry":{"type":"Point","coordinates":[116.5094811,39.9073037]},"properties":{"line_key":"Batong","line_name":"八通线","seq":2,"name":"四惠东","name_en":"Sihui East","osm_station":"node/5430491074","match_dist_m":12,"source":"osm_route_stop","coord_system":"WGS84 (EPSG:4326)"}},{"type":"Feature","geometry":{"type":"Point","coordinates":[116.5255476,39.9082528]},"properties":{"line_key":"Batong","line_name":"八通线","seq":3,"name":"高碑店","name_en":"Gaobeidian","osm_station":"node/8978629464","match_dist_m":2,"source":"osm_route_stop","coord_system":"WGS84 (EPSG:4326)"}},{"type":"Feature","geometry":{"type":"Point","coordinates":[116.5488365,39.9080422]},"properties":{"line_key":"Batong","line_name":"八通线","seq":4,"name":"传媒大学","name_en":"Communication University of China","osm_station":"node/5444680534","match_dist_m":4,"source":"osm_route_stop","coord_system":"WGS84 (EPSG:4326)"}},{"type":"Feature","geometry":{"type":"Point","coordinates":[116.5709843,39.9090728]},"properties":{"line_key":"Batong","line_name":"八通线","seq":5,"name":"双桥","name_en":"Shuangqiao","osm_station":"node/5444677242","match_dist_m":2,"source":"osm_route_stop","coord_system":"WGS84 (EPSG:4326)"}},{"type":"Feature","geometry":{"type":"Point","coordinates":[116.5931678,39.9080845]},"properties":{"line_key":"Batong","line_name":"八通线","seq":6,"name":"管庄","name_en":"Guaanzhuang","osm_station":"node/5441536712","match_dist_m":3,"source":"osm_route_stop","coord_system":"WGS84 (EPSG:4326)"}},{"type":"Feature","geometry":{"type":"Point","coordinates":[116.6127053,39.9050518]},"properties":{"line_key":"Batong","line_name":"八通线","seq":7,"name":"八里桥","name_en":"Baliqiao","osm_station":"node/5442190079","match_dist_m":7,"source":"osm_route_stop","coord_system":"WGS84 (EPSG:4326)"}},{"type":"Feature","geometry":{"type":"Point","coordinates":[116.6314069,39.9027423]},"properties":{"line_key":"Batong","line_name":"八通线","seq":8,"name":"通州北苑","name_en":"Tongzhou Beiyuan","osm_station":"node/5444674048","match_dist_m":5,"source":"osm_route_stop","coord_system":"WGS84 (EPSG:4326)"}},{"type":"Feature","geometry":{"type":"Point","coordinates":[116.6407547,39.8922857]},"properties":{"line_key":"Batong","line_name":"八通线","seq":9,"name":"果园","name_en":"Guoyuan","osm_station":"node/8073325262","match_dist_m":1,"source":"osm_route_stop","coord_system":"WGS84 (EPSG:4326)"}},{"type":"Feature","geometry":{"type":"Point","coordinates":[116.651623,39.889165]},"properties":{"line_key":"Batong","line_name":"八通线","seq":10,"name":"九棵树","name_en":"Jiukeshu","osm_station":"node/8073325261","match_dist_m":2,"source":"osm_route_stop","coord_system":"WGS84 (EPSG:4326)"}},{"type":"Feature","geometry":{"type":"Point","coordinates":[116.662731,39.8825292]},"properties":{"line_key":"Batong","line_name":"八通线","seq":11,"name":"梨园","name_en":"Liyuan","osm_station":"way/115505288","match_dist_m":2,"source":"osm_route_stop","coord_system":"WGS84 (EPSG:4326)"}},{"type":"Feature","geometry":{"type":"Point","coordinates":[116.6728594,39.8742944]},"properties":{"line_key":"Batong","line_name":"八通线","seq":12,"name":"临河里","name_en":"Linheli","osm_station":"node/8073325260","match_dist_m":2,"source":"osm_route_stop","coord_system":"WGS84 (EPSG:4326)"}},{"type":"Feature","geometry":{"type":"Point","coordinates":[116.6802742,39.8707455]},"properties":{"line_key":"Batong","line_name":"八通线","seq":13,"name":"土桥","name_en":"Tuqiao","osm_station":"node/6716238810","match_dist_m":3,"source":"osm_route_stop","coord_system":"WGS84 (EPSG:4326)"}},{"type":"Feature","geometry":{"type":"Point","coordinates":[116.6890142,39.8553801]},"properties":{"line_key":"Batong","line_name":"八通线","seq":14,"name":"花庄","name_en":"Huazhuang","osm_station":"node/6930098785","match_dist_m":1,"source":"osm_route_stop","coord_system":"WGS84 (EPSG:4326)"}},{"type":"Feature","geometry":{"type":"Point","coordinates":[116.673529,39.8481659]},"properties":{"line_key":"Batong","line_name":"八通线","seq":15,"name":"环球度假区","name_en":"Universal Resort","osm_station":"node/6930098800","match_dist_m":27,"source":"osm_route_stop","coord_system":"WGS84 (EPSG:4326)"}},{"type":"Feature","geometry":{"type":"Point","coordinates":[116.4106758,39.5124863]},"properties":{"line_key":"DaxingAirport","line_name":"大兴机场线","seq":1,"name":"大兴机场","name_en":"Daxing Airport","osm_station":"node/6818020471","match_dist_m":4,"source":"osm_route_stop","coord_system":"WGS84 (EPSG:4326)"}},{"type":"Feature","geometry":{"type":"Point","coordinates":[116.3594824,39.7340741]},"properties":{"line_key":"DaxingAirport","line_name":"大兴机场线","seq":2,"name":"大兴新城","name_en":"Daxing Xincheng","osm_station":"node/6818020472","match_dist_m":11,"source":"osm_route_stop","coord_system":"WGS84 (EPSG:4326)"}},{"type":"Feature","geometry":{"type":"Point","coordinates":[116.3424361,39.8461391]},"properties":{"line_key":"DaxingAirport","line_name":"大兴机场线","seq":3,"name":"草桥","name_en":"Caoqiao","osm_station":"node/9385116433","match_dist_m":4,"source":"osm_route_stop","coord_system":"WGS84 (EPSG:4326)"}},{"type":"Feature","geometry":{"type":"Point","coordinates":[116.3168616,39.8544002]},"properties":{"line_key":"Fangshan","line_name":"房山线","seq":1,"name":"东管头南","name_en":"Dongguantou South","osm_station":"way/890562439","match_dist_m":11,"source":"osm_route_stop","coord_system":"WGS84 (EPSG:4326)"}},{"type":"Feature","geometry":{"type":"Point","coordinates":[116.3138654,39.8429666]},"properties":{"line_key":"Fangshan","line_name":"房山线","seq":2,"name":"首经贸","name_en":"Capital University of Economics & Business","osm_station":"node/8277164621","match_dist_m":7,"source":"osm_route_stop","coord_system":"WGS84 (EPSG:4326)"}},{"type":"Feature","geometry":{"type":"Point","coordinates":[116.3139452,39.8278468]},"properties":{"line_key":"Fangshan","line_name":"房山线","seq":3,"name":"花乡东桥","name_en":"Huaxiang Dongqiao","osm_station":"node/7631365924","match_dist_m":14,"source":"osm_route_stop","coord_system":"WGS84 (EPSG:4326)"}},{"type":"Feature","geometry":{"type":"Point","coordinates":[116.3067798,39.818274]},"properties":{"line_key":"Fangshan","line_name":"房山线","seq":4,"name":"白盆窑","name_en":"Baipenyao","osm_station":"node/7631365912","match_dist_m":10,"source":"osm_route_stop","coord_system":"WGS84 (EPSG:4326)"}},{"type":"Feature","geometry":{"type":"Point","coordinates":[116.2960281,39.8133778]},"properties":{"line_key":"Fangshan","line_name":"房山线","seq":5,"name":"郭公庄","name_en":"Guogongzhuang","osm_station":"node/5430450045","match_dist_m":19,"source":"osm_route_stop","coord_system":"WGS84 (EPSG:4326)"}},{"type":"Feature","geometry":{"type":"Point","coordinates":[116.2854666,39.8064524]},"properties":{"line_key":"Fangshan","line_name":"房山线","seq":6,"name":"大葆台","name_en":"Dabaotai","osm_station":"node/8073272027","match_dist_m":2,"source":"osm_route_stop","coord_system":"WGS84 (EPSG:4326)"}},{"type":"Feature","geometry":{"type":"Point","coordinates":[116.2127798,39.7935909]},"properties":{"line_key":"Fangshan","line_name":"房山线","seq":7,"name":"稻田","name_en":"Daotian","osm_station":"way/93577810","match_dist_m":7,"source":"osm_route_stop","coord_system":"WGS84 (EPSG:4326)"}},{"type":"Feature","geometry":{"type":"Point","coordinates":[116.2065044,39.7625141]},"properties":{"line_key":"Fangshan","line_name":"房山线","seq":8,"name":"长阳","name_en":"Changyang","osm_station":"node/8073272028","match_dist_m":7,"source":"osm_route_stop","coord_system":"WGS84 (EPSG:4326)"}},{"type":"Feature","geometry":{"type":"Point","coordinates":[116.1833797,39.759377]},"properties":{"line_key":"Fangshan","line_name":"房山线","seq":9,"name":"篱笆房","name_en":"Libafang","osm_station":"node/8073272029","match_dist_m":7,"source":"osm_route_stop","coord_system":"WGS84 (EPSG:4326)"}},{"type":"Feature","geometry":{"type":"Point","coordinates":[116.1788414,39.7465971]},"properties":{"line_key":"Fangshan","line_name":"房山线","seq":10,"name":"广阳城","name_en":"Guangyangcheng","osm_station":"node/8073272030","match_dist_m":9,"source":"osm_route_stop","coord_system":"WGS84 (EPSG:4326)"}},{"type":"Feature","geometry":{"type":"Point","coordinates":[116.1773354,39.728465]},"properties":{"line_key":"Fangshan","line_name":"房山线","seq":11,"name":"良乡大学城北","name_en":"Liangxiang University Town North","osm_station":"node/8073272031","match_dist_m":9,"source":"osm_route_stop","coord_system":"WGS84 (EPSG:4326)"}},{"type":"Feature","geometry":{"type":"Point","coordinates":[116.1702973,39.7219018]},"properties":{"line_key":"Fangshan","line_name":"房山线","seq":12,"name":"良乡大学城","name_en":"Liangxiang University Town","osm_station":"node/8073272032","match_dist_m":8,"source":"osm_route_stop","coord_system":"WGS84 (EPSG:4326)"}},{"type":"Feature","geometry":{"type":"Point","coordinates":[116.1500157,39.7218688]},"properties":{"line_key":"Fangshan","line_name":"房山线","seq":13,"name":"良乡大学城西","name_en":"Liangxiang University Town West","osm_station":"node/8073272033","match_dist_m":7,"source":"osm_route_stop","coord_system":"WGS84 (EPSG:4326)"}},{"type":"Feature","geometry":{"type":"Point","coordinates":[116.1342397,39.7218824]},"properties":{"line_key":"Fangshan","line_name":"房山线","seq":14,"name":"良乡南关","name_en":"Liangxiang Nanguan","osm_station":"node/5430390454","match_dist_m":21,"source":"osm_route_stop","coord_system":"WGS84 (EPSG:4326)"}},{"type":"Feature","geometry":{"type":"Point","coordinates":[116.1189698,39.7218523]},"properties":{"line_key":"Fangshan","line_name":"房山线","seq":15,"name":"苏庄","name_en":"Suzhuang","osm_station":"node/8073272034","match_dist_m":2,"source":"osm_route_stop","coord_system":"WGS84 (EPSG:4326)"}},{"type":"Feature","geometry":{"type":"Point","coordinates":[116.094557,39.7275574]},"properties":{"line_key":"Fangshan","line_name":"房山线","seq":16,"name":"阎村东","name_en":"Yancun East","osm_station":"node/5779155490","match_dist_m":3,"source":"osm_route_stop","coord_system":"WGS84 (EPSG:4326)"}},{"type":"Feature","geometry":{"type":"Point","coordinates":[116.1893808,40.243313]},"properties":{"line_key":"Changping","line_name":"昌平线","seq":1,"name":"昌平西山口","name_en":"Changping Xishankou","osm_station":"node/5305506013","match_dist_m":14,"source":"osm_route_stop","coord_system":"WGS84 (EPSG:4326)"}},{"type":"Feature","geometry":{"type":"Point","coordinates":[116.2018465,40.2386353]},"properties":{"line_key":"Changping","line_name":"昌平线","seq":2,"name":"十三陵景区","name_en":"Ming Tombs","osm_station":"node/5305506014","match_dist_m":12,"source":"osm_route_stop","coord_system":"WGS84 (EPSG:4326)"}},{"type":"Feature","geometry":{"type":"Point","coordinates":[116.2274869,40.2193139]},"properties":{"line_key":"Changping","line_name":"昌平线","seq":3,"name":"昌平","name_en":"Changping","osm_station":"node/5305506015","match_dist_m":6,"source":"osm_route_stop","coord_system":"WGS84 (EPSG:4326)"}},{"type":"Feature","geometry":{"type":"Point","coordinates":[116.2567145,40.2205477]},"properties":{"line_key":"Changping","line_name":"昌平线","seq":4,"name":"昌平东关","name_en":"Changping Dongguan","osm_station":"node/5305506018","match_dist_m":2,"source":"osm_route_stop","coord_system":"WGS84 (EPSG:4326)"}},{"type":"Feature","geometry":{"type":"Point","coordinates":[116.2754466,40.2206969]},"properties":{"line_key":"Changping","line_name":"昌平线","seq":5,"name":"北邵洼","name_en":"Beishaowa","osm_station":"node/5305506017","match_dist_m":6,"source":"osm_route_stop","coord_system":"WGS84 (EPSG:4326)"}},{"type":"Feature","geometry":{"type":"Point","coordinates":[116.281971,40.2066479]},"properties":{"line_key":"Changping","line_name":"昌平线","seq":6,"name":"南邵","name_en":"Nanshao","osm_station":"node/5305506016","match_dist_m":9,"source":"osm_route_stop","coord_system":"WGS84 (EPSG:4326)"}},{"type":"Feature","geometry":{"type":"Point","coordinates":[116.2743857,40.1633993]},"properties":{"line_key":"Changping","line_name":"昌平线","seq":7,"name":"沙河高教园","name_en":"Shahe University Park","osm_station":"node/5305506012","match_dist_m":7,"source":"osm_route_stop","coord_system":"WGS84 (EPSG:4326)"}},{"type":"Feature","geometry":{"type":"Point","coordinates":[116.2827677,40.1470443]},"properties":{"line_key":"Changping","line_name":"昌平线","seq":8,"name":"沙河","name_en":"Shahe","osm_station":"node/5305506011","match_dist_m":6,"source":"osm_route_stop","coord_system":"WGS84 (EPSG:4326)"}},{"type":"Feature","geometry":{"type":"Point","coordinates":[116.2878759,40.1296641]},"properties":{"line_key":"Changping","line_name":"昌平线","seq":9,"name":"巩华城","name_en":"Gonghuacheng","osm_station":"node/5305506010","match_dist_m":7,"source":"osm_route_stop","coord_system":"WGS84 (EPSG:4326)"}},{"type":"Feature","geometry":{"type":"Point","coordinates":[116.3075471,40.1029973]},"properties":{"line_key":"Changping","line_name":"昌平线","seq":10,"name":"朱辛庄","name_en":"Zhuxinzhuang","osm_station":"way/136979357","match_dist_m":15,"source":"osm_route_stop","coord_system":"WGS84 (EPSG:4326)"}},{"type":"Feature","geometry":{"type":"Point","coordinates":[116.288183,40.093573]},"properties":{"line_key":"Changping","line_name":"昌平线","seq":11,"name":"生命科学园","name_en":"Life Science Park","osm_station":"node/8073325263","match_dist_m":6,"source":"osm_route_stop","coord_system":"WGS84 (EPSG:4326)"}},{"type":"Feature","geometry":{"type":"Point","coordinates":[116.3001813,40.0517165]},"properties":{"line_key":"Changping","line_name":"昌平线","seq":12,"name":"西二旗","name_en":"Xi'erqi","osm_station":"node/5430533767","match_dist_m":13,"source":"osm_route_stop","coord_system":"WGS84 (EPSG:4326)"}},{"type":"Feature","geometry":{"type":"Point","coordinates":[116.3086826,40.0397784]},"properties":{"line_key":"Changping","line_name":"昌平线","seq":13,"name":"清河站","name_en":"Qinghe Railway Station","osm_station":"node/7116372189","match_dist_m":20,"source":"osm_route_stop","coord_system":"WGS84 (EPSG:4326)"}},{"type":"Feature","geometry":{"type":"Point","coordinates":[116.3259094,40.0347054]},"properties":{"line_key":"Changping","line_name":"昌平线","seq":14,"name":"朱房北","name_en":"Zhufangbei","osm_station":"node/13161970243","match_dist_m":2,"source":"osm_station_node_gapfill","coord_system":"WGS84 (EPSG:4326)"}},{"type":"Feature","geometry":{"type":"Point","coordinates":[116.3367846,40.0338705]},"properties":{"line_key":"Changping","line_name":"昌平线","seq":15,"name":"清河小营桥","name_en":"Qinghe Xiaoyingqiao","osm_station":"node/10605339567","match_dist_m":6,"source":"osm_route_stop","coord_system":"WGS84 (EPSG:4326)"}},{"type":"Feature","geometry":{"type":"Point","coordinates":[116.3457528,40.0136302]},"properties":{"line_key":"Changping","line_name":"昌平线","seq":16,"name":"学知园","name_en":"Xuezhiyuan","osm_station":"node/10605339566","match_dist_m":6,"source":"osm_route_stop","coord_system":"WGS84 (EPSG:4326)"}},{"type":"Feature","geometry":{"type":"Point","coordinates":[116.3466428,39.9996659]},"properties":{"line_key":"Changping","line_name":"昌平线","seq":17,"name":"六道口","name_en":"Liudaokou","osm_station":"node/5687426566","match_dist_m":81,"source":"osm_route_stop","coord_system":"WGS84 (EPSG:4326)"}},{"type":"Feature","geometry":{"type":"Point","coordinates":[116.3472515,39.9868013]},"properties":{"line_key":"Changping","line_name":"昌平线","seq":18,"name":"学院桥","name_en":"Xueyuanqiao","osm_station":"node/10605339565","match_dist_m":4,"source":"osm_route_stop","coord_system":"WGS84 (EPSG:4326)"}},{"type":"Feature","geometry":{"type":"Point","coordinates":[116.3477745,39.9748659]},"properties":{"line_key":"Changping","line_name":"昌平线","seq":19,"name":"西土城","name_en":"Xitucheng","osm_station":"node/5448585739","match_dist_m":117,"source":"osm_route_stop","coord_system":"WGS84 (EPSG:4326)"}},{"type":"Feature","geometry":{"type":"Point","coordinates":[116.3488274,39.9663129]},"properties":{"line_key":"Changping","line_name":"昌平线","seq":20,"name":"蓟门桥","name_en":"Jimenqiao","osm_station":"node/12430713733","match_dist_m":38,"source":"osm_route_stop","coord_system":"WGS84 (EPSG:4326)"}},{"type":"Feature","geometry":{"type":"Point","coordinates":[116.0945442,39.7275561]},"properties":{"line_key":"Yanfang","line_name":"燕房线","seq":1,"name":"阎村东","name_en":null,"osm_station":"way/550313875","match_dist_m":15,"source":"osm_route_stop","coord_system":"WGS84 (EPSG:4326)"}},{"type":"Feature","geometry":{"type":"Point","coordinates":[116.0804553,39.723022]},"properties":{"line_key":"Yanfang","line_name":"燕房线","seq":2,"name":"紫草坞","name_en":"Zicaowu","osm_station":"node/9153343832","match_dist_m":2,"source":"osm_route_stop","coord_system":"WGS84 (EPSG:4326)"}},{"type":"Feature","geometry":{"type":"Point","coordinates":[116.0739687,39.715288]},"properties":{"line_key":"Yanfang","line_name":"燕房线","seq":3,"name":"阎村","name_en":"Yancun","osm_station":"node/5402953665","match_dist_m":1,"source":"osm_route_stop","coord_system":"WGS84 (EPSG:4326)"}},{"type":"Feature","geometry":{"type":"Point","coordinates":[116.0551386,39.7122214]},"properties":{"line_key":"Yanfang","line_name":"燕房线","seq":4,"name":"星城","name_en":"Xingcheng","osm_station":"node/9153343831","match_dist_m":2,"source":"osm_route_stop","coord_system":"WGS84 (EPSG:4326)"}},{"type":"Feature","geometry":{"type":"Point","coordinates":[116.0339981,39.7085836]},"properties":{"line_key":"Yanfang","line_name":"燕房线","seq":5,"name":"大石河东","name_en":"Dashihe East","osm_station":"node/9153343830","match_dist_m":2,"source":"osm_route_stop","coord_system":"WGS84 (EPSG:4326)"}},{"type":"Feature","geometry":{"type":"Point","coordinates":[116.0105495,39.7037753]},"properties":{"line_key":"Yanfang","line_name":"燕房线","seq":6,"name":"马各庄","name_en":"Magezhuang","osm_station":"node/7796839024","match_dist_m":1,"source":"osm_route_stop","coord_system":"WGS84 (EPSG:4326)"}},{"type":"Feature","geometry":{"type":"Point","coordinates":[116.000048,39.7002557]},"properties":{"line_key":"Yanfang","line_name":"燕房线","seq":7,"name":"饶乐府","name_en":"Raolefu","osm_station":"node/7796853448","match_dist_m":1,"source":"osm_route_stop","coord_system":"WGS84 (EPSG:4326)"}},{"type":"Feature","geometry":{"type":"Point","coordinates":[115.9835976,39.7046285]},"properties":{"line_key":"Yanfang","line_name":"燕房线","seq":8,"name":"房山城关","name_en":"Fangshan Chengguan","osm_station":"node/5402956432","match_dist_m":1,"source":"osm_route_stop","coord_system":"WGS84 (EPSG:4326)"}},{"type":"Feature","geometry":{"type":"Point","coordinates":[115.9674631,39.7184583]},"properties":{"line_key":"Yanfang","line_name":"燕房线","seq":9,"name":"燕山","name_en":"Yanshan","osm_station":"node/5402957177","match_dist_m":5,"source":"osm_route_stop","coord_system":"WGS84 (EPSG:4326)"}},{"type":"Feature","geometry":{"type":"Point","coordinates":[116.5871495,40.0780123]},"properties":{"line_key":"CapitalAirport","line_name":"首都机场线","seq":1,"name":"首都机场2号航站楼","name_en":"Capital Airport Terminal 2","osm_station":"node/9380267871","match_dist_m":1,"source":"osm_route_stop","coord_system":"WGS84 (EPSG:4326)"}},{"type":"Feature","geometry":{"type":"Point","coordinates":[116.6097731,40.0515344]},"properties":{"line_key":"CapitalAirport","line_name":"首都机场线","seq":2,"name":"首都机场3号航站楼","name_en":"Capital Airport Terminal 3","osm_station":"node/9380267870","match_dist_m":26,"source":"osm_route_stop","coord_system":"WGS84 (EPSG:4326)"}},{"type":"Feature","geometry":{"type":"Point","coordinates":[116.4514799,39.9597061]},"properties":{"line_key":"CapitalAirport","line_name":"首都机场线","seq":3,"name":"三元桥","name_en":"Sanyuanqiao","osm_station":"node/5441521553","match_dist_m":67,"source":"osm_route_stop","coord_system":"WGS84 (EPSG:4326)"}},{"type":"Feature","geometry":{"type":"Point","coordinates":[116.4294829,39.9400378]},"properties":{"line_key":"CapitalAirport","line_name":"首都机场线","seq":4,"name":"东直门","name_en":"Dongzhimen","osm_station":"node/10655378375","match_dist_m":4,"source":"osm_route_stop","coord_system":"WGS84 (EPSG:4326)"}},{"type":"Feature","geometry":{"type":"Point","coordinates":[116.4119342,39.9396965]},"properties":{"line_key":"CapitalAirport","line_name":"首都机场线","seq":5,"name":"北新桥","name_en":"Beixinqiao","osm_station":"node/5720933166","match_dist_m":2,"source":"osm_route_stop","coord_system":"WGS84 (EPSG:4326)"}},{"type":"Feature","geometry":{"type":"Point","coordinates":[116.1984344,39.9927971]},"properties":{"line_key":"Xijiao","line_name":"西郊线","seq":1,"name":"香山","name_en":"Fragrant Hills","osm_station":"node/5621379390","match_dist_m":5,"source":"osm_route_stop","coord_system":"WGS84 (EPSG:4326)"}},{"type":"Feature","geometry":{"type":"Point","coordinates":[116.2097518,39.992263]},"properties":{"line_key":"Xijiao","line_name":"西郊线","seq":2,"name":"国家植物园","name_en":"National Botanical Garden","osm_station":"node/5621379391","match_dist_m":40,"source":"osm_route_stop","coord_system":"WGS84 (EPSG:4326)"}},{"type":"Feature","geometry":{"type":"Point","coordinates":[116.226006,39.9827325]},"properties":{"line_key":"Xijiao","line_name":"西郊线","seq":3,"name":"万安","name_en":"Wan'an","osm_station":"node/5621379392","match_dist_m":9,"source":"osm_route_stop","coord_system":"WGS84 (EPSG:4326)"}},{"type":"Feature","geometry":{"type":"Point","coordinates":[116.2420602,39.9808947]},"properties":{"line_key":"Xijiao","line_name":"西郊线","seq":4,"name":"茶棚","name_en":"Chapeng","osm_station":"node/5621379393","match_dist_m":25,"source":"osm_route_stop","coord_system":"WGS84 (EPSG:4326)"}},{"type":"Feature","geometry":{"type":"Point","coordinates":[116.2571775,39.984516]},"properties":{"line_key":"Xijiao","line_name":"西郊线","seq":5,"name":"颐和园西门","name_en":"Summer Palace West Gate","osm_station":"node/5621379388","match_dist_m":3,"source":"osm_route_stop","coord_system":"WGS84 (EPSG:4326)"}},{"type":"Feature","geometry":{"type":"Point","coordinates":[116.2855734,39.9731575]},"properties":{"line_key":"Xijiao","line_name":"西郊线","seq":6,"name":"巴沟","name_en":"Bagou","osm_station":"node/5621379389","match_dist_m":18,"source":"osm_route_stop","coord_system":"WGS84 (EPSG:4326)"}},{"type":"Feature","geometry":{"type":"Point","coordinates":[116.359749,39.8110444]},"properties":{"line_key":"Daxing","line_name":"大兴线","seq":1,"name":"新宫","name_en":"Xingong","osm_station":"node/9706596471","match_dist_m":23,"source":"osm_route_stop","coord_system":"WGS84 (EPSG:4326)"}},{"type":"Feature","geometry":{"type":"Point","coordinates":[116.322677,39.7883939]},"properties":{"line_key":"Daxing","line_name":"大兴线","seq":2,"name":"西红门","name_en":"Xihongmen","osm_station":"node/7860703071","match_dist_m":2,"source":"osm_route_stop","coord_system":"WGS84 (EPSG:4326)"}},{"type":"Feature","geometry":{"type":"Point","coordinates":[116.3244805,39.7730301]},"properties":{"line_key":"Daxing","line_name":"大兴线","seq":3,"name":"高米店北","name_en":"Gaomidian North","osm_station":"node/7860703072","match_dist_m":8,"source":"osm_route_stop","coord_system":"WGS84 (EPSG:4326)"}},{"type":"Feature","geometry":{"type":"Point","coordinates":[116.325694,39.7622885]},"properties":{"line_key":"Daxing","line_name":"大兴线","seq":4,"name":"高米店南","name_en":"Gaomidian South","osm_station":"node/5441536634","match_dist_m":8,"source":"osm_route_stop","coord_system":"WGS84 (EPSG:4326)"}},{"type":"Feature","geometry":{"type":"Point","coordinates":[116.3260337,39.7518055]},"properties":{"line_key":"Daxing","line_name":"大兴线","seq":5,"name":"枣园","name_en":"Zaoyuan","osm_station":"node/5444440441","match_dist_m":10,"source":"osm_route_stop","coord_system":"WGS84 (EPSG:4326)"}},{"type":"Feature","geometry":{"type":"Point","coordinates":[116.3263162,39.7417561]},"properties":{"line_key":"Daxing","line_name":"大兴线","seq":6,"name":"清源路","name_en":"Qingyuanlu","osm_station":"node/7860703073","match_dist_m":4,"source":"osm_route_stop","coord_system":"WGS84 (EPSG:4326)"}},{"type":"Feature","geometry":{"type":"Point","coordinates":[116.3265186,39.730422]},"properties":{"line_key":"Daxing","line_name":"大兴线","seq":7,"name":"黄村西大街","name_en":"Huangcun Xidajie","osm_station":"node/7860703074","match_dist_m":3,"source":"osm_route_stop","coord_system":"WGS84 (EPSG:4326)"}},{"type":"Feature","geometry":{"type":"Point","coordinates":[116.3266541,39.7215049]},"properties":{"line_key":"Daxing","line_name":"大兴线","seq":8,"name":"黄村火车站","name_en":"Huangcun Railway Station","osm_station":"node/7860703075","match_dist_m":3,"source":"osm_route_stop","coord_system":"WGS84 (EPSG:4326)"}},{"type":"Feature","geometry":{"type":"Point","coordinates":[116.3130186,39.7111046]},"properties":{"line_key":"Daxing","line_name":"大兴线","seq":9,"name":"义和庄","name_en":"Yihezhuang","osm_station":"node/7860703076","match_dist_m":3,"source":"osm_route_stop","coord_system":"WGS84 (EPSG:4326)"}},{"type":"Feature","geometry":{"type":"Point","coordinates":[116.3156802,39.6851077]},"properties":{"line_key":"Daxing","line_name":"大兴线","seq":10,"name":"生物医药基地","name_en":"Biomedical Base","osm_station":"node/5441516142","match_dist_m":4,"source":"osm_route_stop","coord_system":"WGS84 (EPSG:4326)"}},{"type":"Feature","geometry":{"type":"Point","coordinates":[116.3139055,39.6689886]},"properties":{"line_key":"Daxing","line_name":"大兴线","seq":11,"name":"天宫院","name_en":"Tiangongyuan","osm_station":"node/5428310397","match_dist_m":3,"source":"osm_route_stop","coord_system":"WGS84 (EPSG:4326)"}}]}